time,altitude,velocity,q,mach,gimbal,theta,apoapsis,periapsis,theta_error
0.2500,1.4862,11.9009,55.4517,0.0280,0.0000,1.5708,5.5610,-6371000.0000,0.0000
0.5500,7.2091,26.2668,348.6728,0.0701,0.0000,1.5708,34.9580,-6371000.0000,0.0000
0.7500,13.4245,35.8928,685.8880,0.0984,0.0000,1.5708,68.7733,-6371000.0000,0.0000
1.0000,23.9070,47.9772,1268.4863,0.1339,0.0000,1.5708,127.2403,-6371000.0000,0.0000
1.2500,37.4176,60.1158,2031.2681,0.1696,0.0000,1.5708,203.9005,-6371000.0000,0.0000
1.5000,53.9692,72.3050,2975.0215,0.2054,0.0000,1.5708,298.9467,-6371000.0000,0.0000
1.7500,73.5740,84.5413,4099.9933,0.2414,0.0000,1.5708,412.5536,-6371000.0000,0.0000
2.0000,96.2434,96.8209,5405.8797,0.2776,0.0000,1.5708,544.8776,-6371000.0000,0.0000
2.2500,121.9878,109.1401,6891.8213,0.3139,0.0000,1.5708,696.0560,-6371000.0000,0.0000
2.5500,156.9531,123.9700,8910.5896,0.3576,0.0000,1.5708,902.5232,-6371000.0000,0.0000
2.8000,189.4941,136.3629,10786.8804,0.3942,0.0000,1.5708,1095.5706,-6371000.0000,0.0000
3.0500,225.1368,148.7833,12836.7375,0.4310,0.0000,1.5708,1307.7832,-6371000.0000,0.0000
3.3000,263.8877,161.2275,15056.9814,0.4678,0.0000,1.5708,1539.2178,-6371000.0000,0.0000
3.5500,305.7522,173.6917,17443.9014,0.5048,0.0000,1.5708,1789.9123,-6371000.0000,0.0000
3.8000,350.7349,186.1723,19993.2697,0.5418,0.0000,1.5708,2059.8861,-6371000.0000,0.0000
4.0500,398.8394,198.6656,22700.3592,0.5790,0.0000,1.5708,2349.1409,-6371000.0000,0.0000
4.3000,450.0685,211.1682,25559.9641,0.6163,0.0000,1.5708,2657.6609,-6371000.0000,0.0000
4.5500,504.4240,223.6766,28566.4231,0.6536,0.0000,1.5708,2985.4138,-6371000.0000,0.0000
4.8000,561.9070,236.1875,31713.6449,0.6910,0.0000,1.5708,3332.3517,-6371000.0000,0.0000
5.0500,622.5177,248.6977,34995.1366,0.7285,0.0000,1.5708,3698.4121,-6371000.0000,0.0000
5.3000,686.2555,261.2041,38404.0328,0.7661,0.0000,1.5708,4083.5188,-6371000.0000,0.0000
5.5500,753.1188,273.6879,41932.7572,0.8037,0.0000,1.5708,4487.5500,-6371000.0000,0.0000
5.8000,823.0721,285.8693,45501.0953,0.8407,0.0000,1.5708,4903.8293,-6371000.0000,0.0000
6.0500,896.0168,297.6105,49030.4162,0.8765,0.0000,1.5708,5325.5490,-6371000.0000,0.0000
6.3000,971.8369,308.8660,52484.8931,0.9110,0.0000,1.5708,5749.5718,-6371000.0000,0.0000
6.5500,1050.4061,319.5979,55830.9506,0.9441,-0.0016,1.5707,6172.8378,-6371000.0000,0.0000
6.8000,1131.5898,329.7773,59038.3552,0.9756,-0.0009,1.5701,6592.4650,-6370999.9999,-0.0008
7.0500,1215.2470,339.3842,62081.1077,1.0055,-0.0006,1.5690,7005.8369,-6370999.9998,-0.0016
7.3000,1301.2332,348.4080,64938.0366,1.0337,-0.0004,1.5677,7410.6696,-6370999.9994,-0.0020
7.5500,1389.4068,356.9383,67608.5197,1.0605,-0.0003,1.5663,7806.5277,-6370999.9986,-0.0023
7.8000,1479.6954,365.3602,70228.1218,1.0868,-0.0002,1.5648,8206.1147,-6370999.9968,-0.0024
8.0500,1572.0817,373.7209,72829.8117,1.1130,-0.0002,1.5633,8612.7500,-6370999.9933,-0.0025
8.3000,1666.5511,382.0254,75411.6218,1.1391,-0.0002,1.5617,9026.4621,-6370999.9874,-0.0026
8.5500,1763.0900,390.2791,77971.7876,1.1652,-0.0002,1.5600,9447.3000,-6370999.9779,-0.0026
8.8000,1861.6865,398.4872,80508.7325,1.1912,-0.0002,1.5583,9875.3330,-6370999.9634,-0.0027
9.0500,1962.3297,406.6548,83021.0530,1.2172,-0.0002,1.5566,10310.6498,-6370999.9423,-0.0028
9.3000,2065.0102,414.7873,85507.5040,1.2431,-0.0002,1.5549,10753.3585,-6370999.9126,-0.0028
9.5000,2148.6159,421.2714,87477.2948,1.2639,-0.0002,1.5534,11112.9319,-6370999.8813,-0.0029
9.7500,2254.9436,429.3536,89914.4963,1.2899,-0.0002,1.5516,11569.2767,-6370999.8305,-0.0029
10.0000,2363.2889,437.4153,92323.0685,1.3159,-0.0002,1.5497,12033.4129,-6370999.7641,-0.0030
10.2500,2473.6471,445.4615,94702.2456,1.3419,-0.0002,1.5479,12505.5170,-6370999.6789,-0.0030
10.5000,2586.0149,453.4974,97051.3575,1.3681,-0.0002,1.5459,12985.7824,-6370999.5714,-0.0031
10.7500,2700.3904,461.5281,99369.8187,1.3943,-0.0002,1.5440,13474.4195,-6370999.4377,-0.0032
11.0000,2816.7726,469.5587,101657.1168,1.4206,-0.0002,1.5420,13971.6556,-6370999.2732,-0.0032
11.2500,2935.1621,477.5944,103912.8026,1.4471,-0.0002,1.5399,14477.7341,-6370999.0732,-0.0033
11.5000,3055.5606,485.6400,106136.4794,1.4737,-0.0002,1.5379,14992.9151,-6370998.8322,-0.0033
11.7500,3177.9710,493.7008,108327.7944,1.5004,-0.0002,1.5357,15517.4747,-6370998.5446,-0.0034
12.0000,3302.3975,501.7815,110486.4288,1.5273,-0.0002,1.5336,16051.7053,-6370998.2037,-0.0034
12.2500,3428.8455,509.8873,112612.0899,1.5545,-0.0002,1.5314,16595.9154,-6370997.8026,-0.0035
12.5000,3557.3216,518.0230,114704.5027,1.5818,-0.0003,1.5292,17150.4299,-6370997.3336,-0.0036
12.7500,3687.8336,526.1936,116763.4024,1.6094,-0.0003,1.5270,17715.5896,-6370996.7884,-0.0036
13.0000,3820.3905,534.4039,118788.5268,1.6372,-0.0003,1.5247,18291.7521,-6370996.1580,-0.0037
13.2500,3955.0026,542.6589,120779.6099,1.6653,-0.0003,1.5224,18879.2912,-6370995.4325,-0.0037
13.5000,4091.6813,550.9633,122736.3750,1.6937,-0.0003,1.5200,19478.5974,-6370994.6014,-0.0038
13.7500,4230.4390,559.3221,124658.5290,1.7224,-0.0003,1.5176,20090.0782,-6370993.6531,-0.0039
14.0000,4371.2896,567.7399,126545.7560,1.7514,-0.0003,1.5152,20714.1583,-6370992.5751,-0.0039
14.2500,4514.2480,576.2218,128397.7125,1.7808,-0.0003,1.5127,21351.2798,-6370991.3542,-0.0040
14.5000,4659.3302,584.7723,130214.0217,1.8105,-0.0003,1.5102,22001.9024,-6370989.9756,-0.0040
14.7500,4806.5536,593.3964,131994.2689,1.8407,-0.0003,1.5077,22666.5043,-6370988.4239,-0.0041
15.0000,4955.9363,602.0987,133737.9971,1.8712,-0.0003,1.5051,23345.5819,-6370986.6821,-0.0042
15.2500,5107.4981,610.8842,135444.7024,1.9022,-0.0003,1.5025,24039.6508,-6370984.7320,-0.0042
15.5000,5261.2596,619.7575,137113.8302,1.9336,-0.0003,1.4998,24749.2461,-6370982.5542,-0.0043
15.7500,5417.2426,628.7234,138744.7713,1.9655,-0.0003,1.4971,25474.9226,-6370980.1275,-0.0043
16.0000,5575.4702,637.7867,140336.8587,1.9979,-0.0003,1.4944,26217.2561,-6370977.4293,-0.0044
16.2500,5735.9663,646.9522,141889.3643,2.0309,-0.0003,1.4916,26976.8431,-6370974.4351,-0.0045
16.5000,5898.7563,656.2246,143401.4960,2.0643,-0.0003,1.4888,27754.3022,-6370971.1189,-0.0045
16.7500,6063.8666,665.6089,144872.3949,2.0984,-0.0003,1.4860,28550.2742,-6370967.4524,-0.0046
17.0000,6231.3247,675.1098,146301.1331,2.1330,-0.0003,1.4831,29365.4233,-6370963.4054,-0.0047
17.2500,6401.1592,684.7321,147686.7114,2.1682,-0.0003,1.4801,30200.4377,-6370958.9454,-0.0047
17.5000,6573.4001,694.4807,149028.0578,2.2041,-0.0003,1.4771,31056.0302,-6370954.0374,-0.0048
17.7500,6748.0783,704.3604,150324.0258,2.2406,-0.0003,1.4741,31932.9395,-6370948.6440,-0.0049
18.0000,6925.2259,714.3763,151573.3928,2.2778,-0.0003,1.4711,32831.9308,-6370942.7250,-0.0049
18.2500,7104.8762,724.5333,152774.8599,2.3158,-0.0003,1.4680,33753.7970,-6370936.2371,-0.0050
18.5000,7287.0635,734.8363,153927.0508,2.3544,-0.0003,1.4648,34699.3595,-6370929.1340,-0.0051
18.7500,7471.8236,745.2903,155028.5115,2.3939,-0.0003,1.4616,35669.4699,-6370921.3659,-0.0051
19.0000,7659.1932,755.9005,156077.7107,2.4341,-0.0003,1.4584,36665.0103,-6370912.8796,-0.0052
19.2500,7849.2101,766.6719,157073.0400,2.4752,-0.0003,1.4551,37686.8956,-6370903.6177,-0.0053
19.5000,8041.9137,777.6098,158012.8150,2.5171,-0.0003,1.4518,38736.0741,-6370893.5189,-0.0054
19.7500,8237.3440,788.7193,158895.2759,2.5600,-0.0003,1.4484,39813.5292,-6370882.5173,-0.0054
20.0000,8435.5428,800.0058,159718.5899,2.6037,-0.0003,1.4450,40920.2811,-6370870.5423,-0.0055
20.2500,8636.5527,811.4746,160480.8527,2.6484,-0.0004,1.4415,42057.3883,-6370857.5181,-0.0056
20.5000,8840.4177,823.1313,161180.0911,2.6941,-0.0004,1.4380,43225.9494,-6370843.3635,-0.0057
20.7500,9047.1831,834.9813,161814.2661,2.7409,-0.0004,1.4344,44427.1051,-6370827.9914,-0.0057
21.0000,9256.8953,847.0302,162381.2761,2.7887,-0.0004,1.4308,45662.0399,-6370811.3084,-0.0058
21.2500,9469.6021,859.2839,162878.9605,2.8376,-0.0004,1.4271,46931.9850,-6370793.2144,-0.0059
21.5000,9685.3525,871.7482,163305.1049,2.8876,-0.0004,1.4234,48238.2195,-6370773.6020,-0.0060
21.7500,9904.1969,884.4290,163657.4449,2.9388,-0.0004,1.4196,49582.0741,-6370752.3561,-0.0061
22.0000,10126.1871,897.3324,163933.6723,2.9913,-0.0004,1.4158,50964.9327,-6370729.3532,-0.0062
22.2500,10351.3761,910.4647,164131.4404,3.0451,-0.0004,1.4119,52388.2361,-6370704.4608,-0.0063
22.5000,10579.8184,923.8322,164248.3708,3.1001,-0.0004,1.4079,53853.4845,-6370677.5370,-0.0063
22.7500,10811.5698,937.4415,164282.0601,3.1566,-0.0004,1.4039,55362.2410,-6370648.4295,-0.0064
23.0000,11046.6880,951.3069,164230.0875,3.2145,-0.0004,1.3999,56916.1350,-6370616.9751,-0.0065
23.2500,11285.2424,965.5038,162435.3809,3.2624,-0.0004,1.3957,58523.7622,-6370582.9370,-0.0066
23.5000,11527.3112,980.0257,161115.4525,3.3114,-0.0004,1.3916,60186.7010,-6370546.1228,-0.0067
23.7500,11772.9716,994.8775,159753.3397,3.3615,-0.0004,1.3873,61906.7446,-6370506.3228,-0.0068
24.0000,12022.3017,1010.0644,158347.3661,3.4127,-0.0004,1.3830,63685.8890,-6370463.3112,-0.0069
24.2500,12275.3810,1025.5918,156896.0193,3.4651,-0.0004,1.3786,65526.2116,-6370416.8456,-0.0070
24.5000,12532.2895,1041.4650,155397.9524,3.5187,-0.0004,1.3742,67429.8741,-6370366.6656,-0.0071
24.7500,12793.1088,1057.6898,153851.9864,3.5734,-0.0004,1.3697,69399.1257,-6370312.4921,-0.0072
25.0000,13057.9213,1074.2722,152257.1109,3.6294,-0.0004,1.3651,71436.3070,-6370254.0254,-0.0073
25.2500,13326.8110,1091.2183,150612.4870,3.6866,-0.0005,1.3605,73543.8533,-6370190.9441,-0.0075
25.5000,13599.8626,1108.5346,148917.4481,3.7450,-0.0005,1.3558,75724.2989,-6370122.9030,-0.0076
25.7500,13877.1626,1126.2276,147171.5017,3.8047,-0.0005,1.3510,77980.2807,-6370049.5318,-0.0077
26.0000,14158.7984,1144.3041,145374.3310,3.8657,-0.0005,1.3462,80314.5426,-6369970.4331,-0.0078
26.2500,14444.8588,1162.7711,143525.7956,3.9280,-0.0005,1.3412,82729.9399,-6369885.1805,-0.0079
26.5000,14735.4343,1181.6361,141625.9329,3.9917,-0.0005,1.3362,85229.4435,-6369793.3163,-0.0080
26.7500,15030.6163,1200.9064,139674.9580,4.0567,-0.0005,1.3311,87816.1449,-6369694.3491,-0.0082
27.0000,15330.4980,1220.5898,137673.2648,4.1231,-0.0005,1.3260,90493.2609,-6369587.7519,-0.0083
27.2500,15635.1740,1240.6943,135621.4253,4.1910,-0.0005,1.3207,93264.1387,-6369472.9587,-0.0084
27.5000,15944.7404,1261.2281,133520.1894,4.2603,-0.0005,1.3154,96132.2607,-6369349.3622,-0.0086
27.7500,16259.2948,1282.1997,131370.4841,4.3310,-0.0005,1.3099,99101.2505,-6369216.3105,-0.0087
28.0000,16576.8123,1283.4476,126540.8874,4.3578,-0.0025,1.3046,100416.2013,-6369142.5721,-0.0088
28.2500,16893.8102,1278.4512,119447.0380,4.3405,-0.0015,1.2992,100045.9846,-6369134.4966,-0.0096
28.5000,17210.4093,1280.6959,114050.2594,4.3478,-0.0009,1.2937,100616.5124,-6369087.7753,-0.0095
28.7500,17526.3922,1276.6208,107832.0396,4.3337,-0.0023,1.2881,100368.1421,-6369075.7317,-0.0096
29.0000,17841.7031,1272.9754,102032.4664,4.3211,-0.0019,1.2826,100177.2677,-6369061.7056,-0.0096
29.2500,18156.4439,1269.7354,96615.4101,4.3098,-0.0018,1.2771,100040.4076,-6369045.9774,-0.0097
29.5000,18470.5488,1273.7322,91555.4227,4.2999,-0.0027,1.2716,99955.5717,-6369028.3176,-0.0099
29.7500,18784.1080,1271.2601,86815.3008,4.2913,-0.0013,1.2660,99917.4656,-6369008.8572,-0.0104
30.0000,19097.0448,1269.1389,82375.5970,4.2838,-0.0025,1.2605,99925.1987,-6368987.6916,
30.2500,19409.4412,1267.3496,78211.4794,4.2775,-0.0024,1.2550,99975.2134,-6368964.5202,
30.5000,19721.2097,1258.9842,74301.1271,4.2723,-0.0021,1.2495,100065.2305,-6368939.5398,
30.7500,20032.4262,1257.8104,70629.7950,4.2681,-0.0031,1.2441,100193.9861,-6368912.5553,
31.0000,20343.0020,1256.9614,66622.7803,4.2623,-0.0028,1.2386,100363.8630,-6368883.2967,
31.2500,20653.0081,1256.3908,63313.1045,4.2571,-0.0024,1.2331,100568.6025,-6368852.0396,
31.5000,20962.1773,1256.0927,59543.8115,4.2295,-0.0024,1.2277,99943.0967,-6368868.6596,
31.7500,21271.0680,1249.0997,56649.0302,4.2261,-0.0035,1.2223,100210.7371,-6368834.6838,
32.0000,21579.4066,1249.2681,53926.6043,4.2235,-0.0033,1.2168,100507.3609,-6368798.3761,
32.2500,21886.7508,1249.6734,50796.8079,4.1984,-0.0033,1.2115,99974.5783,-6368813.0696,
32.5000,22193.9796,1243.3298,48404.1333,4.1973,-0.0038,1.2061,100323.3624,-6368773.9495,
32.7500,22500.1508,1244.1409,46153.1714,4.1970,-0.0046,1.2008,100697.1584,-6368732.1712,
33.0000,22805.9707,1238.1843,43533.2628,4.1738,-0.0046,1.1954,100240.6470,-6368745.2624,
33.2500,23111.1536,1239.3555,41546.4583,4.1748,-0.0038,1.1900,100657.3337,-6368700.4315,
33.5000,23415.7396,1233.7426,39222.4995,4.1529,-0.0038,1.1846,100246.7016,-6368712.4732,
33.7500,23719.4407,1235.2486,37467.7824,4.1550,-0.0053,1.1793,100702.0226,-6368664.4402,
34.0000,24022.9512,1229.9417,35400.1687,4.1342,-0.0053,1.1740,100331.8427,-6368675.5471,
34.2500,24325.3206,1231.7420,33463.5162,4.1140,-0.0053,1.1690,99983.1897,-6368686.0515,
34.5000,24627.8946,1226.7082,32000.7890,4.1175,-0.0055,1.1634,100485.8731,-6368634.3491,
34.7500,24929.2287,1221.8149,30270.9978,4.0982,-0.0055,1.1583,100170.6629,-6368644.0723,
35.0000,25230.1731,1223.9909,28972.9252,4.1027,-0.0062,1.1530,100700.9712,-6368588.7526,
35.2500,25530.7544,1219.3274,27424.0699,4.0842,-0.0062,1.1476,100415.4722,-6368597.7755,
35.5000,25830.1843,1214.7827,25968.9784,4.0662,-0.0062,1.1426,100145.9811,-6368606.3279,
35.7500,26129.3038,1217.2816,24881.7925,4.0717,-0.0078,1.1374,100710.2904,-6368546.8181,
36.0000,26428.1353,1212.9312,23574.5486,4.0544,-0.0078,1.1320,100465.5954,-6368554.7809,
36.2500,26725.8903,1208.6816,22344.5357,4.0374,-0.0078,1.1270,100234.3526,-6368562.3372,
36.5000,27022.5927,1204.5269,21186.5338,4.0208,-0.0078,1.1224,100015.7254,-6368569.5111,
36.7500,27319.7169,1207.3732,20324.1965,4.0276,-0.0103,1.1168,100614.8446,-6368505.1286,
37.0000,27615.9897,1203.3744,19279.7978,4.0116,-0.0103,1.1115,100415.7555,-6368511.8343,
37.2500,27911.2697,1199.4566,18295.2574,3.9958,-0.0103,1.1066,100227.3431,-6368518.2069,
37.5000,28205.5764,1195.6153,17366.6890,3.9804,-0.0103,1.1021,100048.9659,-6368524.2654,
37.8000,28558.9237,1197.9916,16507.7423,3.9851,-0.0106,1.0953,100639.3138,-6368455.5972,
38.0500,28852.7467,1194.2896,15676.9943,3.9702,-0.0106,1.0896,100478.2031,-6368461.2257,
38.3000,29145.6478,1190.6524,14892.5359,3.9555,-0.0106,1.0844,100325.5346,-6368466.5818,
38.5500,29437.6425,1187.0768,14151.4724,3.9410,-0.0106,1.0796,100180.8167,-6368471.6802,
38.8000,29728.7454,1183.5592,13451.1150,3.9268,-0.0106,1.0752,100043.5902,-6368476.5352,
39.0500,30020.0762,1186.9591,12936.5323,3.9355,-0.0108,1.0696,100688.4715,-6368400.6056,
39.3000,30311.0137,1183.5373,12300.2383,3.9216,-0.0108,1.0638,100562.8095,-6368405.1812,
39.5500,30601.0961,1180.1657,11698.3483,3.9079,-0.0108,1.0585,100443.5696,-6368409.5414,
39.8000,30890.3354,1176.8415,11128.7946,3.8944,-0.0108,1.0536,100330.3899,-6368413.6974,
40.0500,31178.7429,1173.5625,10589.6497,3.8811,-0.0108,1.0492,100222.9315,-6368417.6602,
40.3000,31466.3293,1170.3261,10079.1153,3.8679,-0.0108,1.0451,100120.8767,-6368421.4397,
40.5500,31753.1048,1167.1303,9595.5122,3.8549,-0.0108,1.0413,100023.9272,-6368425.0455,
40.8000,32040.1664,1170.7884,9243.4349,3.8645,-0.0195,1.0363,100683.0262,-6368341.9065,
41.0500,32326.9021,1167.6723,8644.0362,3.8477,-0.0195,1.0310,100595.3775,-6368345.2674,
41.3000,32612.8557,1164.5923,8214.7952,3.8309,-0.0195,1.0262,100512.2774,-6368348.4675,
41.5500,32898.0357,1161.5462,7809.4793,3.8142,-0.0195,1.0218,100433.4182,-6368351.5174,
41.8000,33182.4501,1158.5324,7426.5948,3.7977,-0.0195,1.0177,100358.5567,-6368354.4250,
42.0500,33466.1067,1155.5490,7064.7527,3.7815,-0.0195,1.0140,100287.4653,-6368357.1981,
42.3000,33749.0126,1152.5945,6722.6603,3.7654,-0.0195,1.0106,100219.9311,-6368359.8438,
42.5500,34031.1747,1149.6674,6399.1138,3.7495,-0.0195,1.0073,100155.7546,-6368362.3689,
42.8000,34312.5996,1146.7661,6092.9913,3.7337,-0.0195,1.0041,100094.7487,-6368364.7796,
43.0500,34593.2932,1143.8894,5803.2467,3.7181,-0.0195,1.0009,100036.7382,-6368367.0818,
43.3000,34873.7142,1147.7562,5594.0672,3.7245,-0.0282,0.9965,100695.7454,-6368274.1130,
43.5500,35154.4707,1144.9207,5330.0281,3.7091,-0.0282,0.9891,100642.3342,-6368276.3043,
43.8000,35434.5114,1142.1066,5079.9061,3.6939,-0.0282,0.9818,100591.5094,-6368278.3986,
44.0500,35713.8414,1139.3126,4842.8858,3.6788,-0.0282,0.9746,100543.1310,-6368280.4008,
44.3000,35992.4655,1136.5380,4618.2050,3.6638,-0.0282,0.9674,100497.0677,-6368282.3154,
44.5500,36270.3882,1133.7816,4405.1507,3.6490,-0.0282,0.9603,100453.1959,-6368284.1470,
44.8000,36547.6139,1131.0426,4203.0554,3.6343,-0.0282,0.9533,100411.3994,-6368285.8996,
45.0500,36824.1466,1128.3202,4011.2943,3.6198,-0.0282,0.9463,100371.5688,-6368287.5771,
45.3000,37099.9903,1125.6134,3829.2819,3.6053,-0.0282,0.9394,100333.6011,-6368289.1832,
45.5500,37375.1487,1122.9217,3656.4694,3.5910,-0.0282,0.9325,100297.3993,-6368290.7214,
45.8000,37649.6254,1120.2441,3492.3419,3.5768,-0.0282,0.9257,100262.8720,-6368292.1949,
46.0500,37923.4236,1117.5802,3336.4168,3.5627,-0.0282,0.9189,100229.9330,-6368293.6069,
46.3000,38196.5465,1114.9292,3188.2407,3.5487,-0.0282,0.9123,100198.5011,-6368294.9602,
46.5500,38468.9973,1112.2905,3047.3879,3.5348,-0.0282,0.9056,100168.4995,-6368296.2578,
46.8000,38740.7788,1109.6635,2913.4586,3.5211,-0.0282,0.8991,100139.8561,-6368297.5021,
47.0500,39011.8938,1107.0478,2786.0769,3.5074,-0.0282,0.8925,100112.5023,-6368298.6958,
47.3000,39282.3449,1104.4427,2664.8895,3.4938,-0.0282,0.8861,100086.3738,-6368299.8411,
47.5500,39552.1346,1101.8479,2549.5639,3.4803,-0.0282,0.8797,100061.4096,-6368300.9402,
47.8000,39821.2653,1099.2628,2439.7873,3.4669,-0.0282,0.8733,100037.5520,-6368301.9954,
48.0500,40089.7393,1096.6870,2335.2654,3.4536,-0.0282,0.8670,100014.7467,-6368303.0087,
48.3000,40357.9639,1100.4304,2261.5280,3.4602,-0.0369,0.8589,100604.9105,-6368187.3573,
48.5500,40626.4811,1097.8715,2165.2388,3.4470,-0.0369,0.8466,100583.7201,-6368188.3383,
48.8000,40894.3473,1095.3209,2073.5053,3.4339,-0.0369,0.8344,100563.4538,-6368189.2807,
49.0500,41161.5646,1092.7782,1986.0900,3.4209,-0.0369,0.8223,100544.0671,-6368190.1863,
49.3000,41428.1346,1090.2430,1902.7690,3.4079,-0.0369,0.8103,100525.5175,-6368191.0568,
49.5500,41694.0592,1087.7151,1823.3311,3.3951,-0.0369,0.7984,100507.7649,-6368191.8936,
49.8000,41959.3401,1085.1941,1747.5773,3.3823,-0.0369,0.7867,100490.7715,-6368192.6983,
50.0500,42223.9788,1082.6797,1675.3194,3.3696,-0.0369,0.7750,100474.5012,-6368193.4723,
50.3000,42487.9768,1080.1717,1606.3799,3.3570,-0.0369,0.7634,100458.9199,-6368194.2170,
50.5500,42751.3357,1077.6697,1540.5912,3.3444,-0.0369,0.7519,100443.9953,-6368194.9335,
50.8000,43014.0569,1075.1736,1477.7948,3.3319,-0.0369,0.7405,100429.6967,-6368195.6232,
51.0500,43276.1416,1072.6831,1417.8412,3.3195,-0.0369,0.7292,100415.9950,-6368196.2871,
51.3000,43537.5912,1070.1980,1360.5887,3.3072,-0.0369,0.7181,100402.8626,-6368196.9264,
51.5500,43798.4068,1067.7181,1305.9036,3.2949,-0.0369,0.7070,100390.2734,-6368197.5421,
51.8000,44058.5898,1065.2430,1253.6593,3.2827,-0.0369,0.6960,100378.2024,-6368198.1352,
52.0500,44318.1411,1062.7728,1203.7360,3.2705,-0.0369,0.6851,100366.6259,-6368198.7066,
52.3000,44577.0619,1060.3071,1156.0205,3.2585,-0.0369,0.6743,100355.5217,-6368199.2573,
52.5500,44835.3532,1057.8459,1110.4055,3.2464,-0.0369,0.6635,100344.8682,-6368199.7882,
52.8000,45093.0160,1055.3888,1066.7892,3.2345,-0.0369,0.6529,100334.6454,-6368200.2999,
53.0500,45350.0513,1052.9358,1025.0756,3.2226,-0.0369,0.6424,100324.8338,-6368200.7934,
53.3000,45606.4599,1050.4868,985.1734,3.2108,-0.0369,0.6320,100315.4151,-6368201.2694,
53.5500,45862.2428,1048.0415,946.9962,3.1990,-0.0369,0.6216,100306.3720,-6368201.7285,
53.8000,46117.4008,1045.5999,910.4621,3.1873,-0.0369,0.6114,100297.6879,-6368202.1715,
54.0500,46371.9346,1043.1617,875.4934,3.1756,-0.0369,0.6012,100289.3469,-6368202.5991,
54.3000,46625.8451,1040.7270,842.0164,3.1641,-0.0369,0.5911,100281.3341,-6368203.0117,
54.5500,46879.1331,1038.2955,809.9612,3.1525,-0.0369,0.5811,100273.6352,-6368203.4101,
54.8000,47131.7993,1035.8682,758.8925,3.1424,-0.0369,0.5712,100266.3079,-6368203.7911,
55.0500,47383.8446,1033.4446,731.9940,3.1350,-0.0369,0.5614,100259.3772,-6368204.1532,
55.3000,47635.2699,1031.0237,706.1030,3.1277,-0.0369,0.5517,100252.7026,-6368204.5036,
55.5500,47886.0756,1028.6056,681.1798,3.1203,-0.0369,0.5420,100246.2741,-6368204.8427,
55.8000,48136.2624,1026.1900,657.1861,3.1130,-0.0369,0.5324,100240.0822,-6368205.1709,
56.0500,48385.8308,1023.7769,634.0856,3.1057,-0.0369,0.5229,100234.1177,-6368205.4886,
56.3000,48634.7814,1021.3663,611.8433,3.0984,-0.0369,0.5135,100228.3717,-6368205.7961,
56.5500,48883.1146,1018.9581,590.4256,3.0911,-0.0369,0.5042,100222.8360,-6368206.0938,
56.8000,49130.8310,1016.5522,569.8002,3.0838,-0.0369,0.4950,100217.5023,-6368206.3820,
57.0500,49377.9311,1014.1485,549.9365,3.0765,-0.0369,0.4858,100212.3630,-6368206.6612,
57.3000,49624.4153,1011.7470,530.8047,3.0692,-0.0369,0.4767,100207.4105,-6368206.9314,
57.5500,49870.2841,1009.3476,512.3766,3.0619,-0.0369,0.4677,100202.6377,-6368207.1932,
57.8000,50115.5379,1006.9503,494.6248,3.0547,-0.0369,0.4588,100198.0378,-6368207.4467,
58.0500,50360.1771,1004.5550,477.5232,3.0474,-0.0369,0.4500,100193.6042,-6368207.6922,
58.3000,50604.2022,1002.1616,461.0468,3.0401,-0.0369,0.4412,100189.3305,-6368207.9301,
58.5500,50847.6136,999.7702,445.1716,3.0329,-0.0369,0.4325,100185.2106,-6368208.1606,
58.8000,51090.4116,997.3807,426.9136,3.0263,-0.0369,0.4239,100181.2435,-6368208.3836,
59.0500,51332.5967,994.9931,413.2741,3.0228,-0.0369,0.4153,100177.4373,-6368208.5986,
59.3000,51574.1693,992.6073,400.0691,3.0194,-0.0369,0.4069,100173.7607,-6368208.8073,
59.5500,51815.1296,990.2231,387.2848,3.0159,-0.0369,0.3985,100170.2092,-6368209.0100,
59.8000,52055.4779,987.8405,374.9080,3.0124,-0.0369,0.3901,100166.7787,-6368209.2067,
60.0500,52295.2147,985.4595,362.9257,3.0090,-0.0369,0.3819,100163.4650,-6368209.3977,
60.3000,52534.3402,983.0800,351.3253,3.0055,-0.0369,0.3737,100160.2641,-6368209.5831,
60.5500,52772.8547,980.7021,340.0948,3.0020,-0.0369,0.3656,100157.1723,-6368209.7631,
60.8000,53010.7584,978.3256,329.2223,2.9985,-0.0369,0.3575,100154.1858,-6368209.9379,
61.0500,53248.0518,975.9507,318.6965,2.9949,-0.0369,0.3496,100151.3011,-6368210.1076,
61.3000,53484.7350,973.5771,308.5065,2.9914,-0.0369,0.3417,100148.5147,-6368210.2723,
61.5500,53720.8083,971.2050,298.6414,2.9879,-0.0369,0.3338,100145.8232,-6368210.4322,
61.8000,53956.2720,968.8342,289.0910,2.9843,-0.0369,0.3261,100143.2236,-6368210.5875,
62.0500,54191.1264,966.4648,279.8453,2.9808,-0.0369,0.3184,100140.7126,-6368210.7382,
62.3000,54425.3716,964.0968,270.8946,2.9772,-0.0369,0.3107,100138.2872,-6368210.8845,
62.5500,54659.0079,961.7300,262.2296,2.9736,-0.0369,0.3031,100135.9446,-6368211.0266,
62.8000,54892.0356,959.3645,253.8411,2.9700,-0.0369,0.2956,100133.6819,-6368211.1645,
63.0500,55124.4549,957.0003,245.7204,2.9664,-0.0369,0.2882,100131.4964,-6368211.2985,
63.3000,55356.2660,954.6373,237.8589,2.9628,-0.0369,0.2808,100129.3855,-6368211.4285,
63.5500,55587.4691,952.2756,230.2484,2.9592,-0.0369,0.2735,100127.3467,-6368211.5547,
63.8000,55818.0644,949.9150,222.8810,2.9556,-0.0369,0.2663,100125.3774,-6368211.6773,
64.0500,56048.0521,947.5557,215.7488,2.9519,-0.0369,0.2591,100123.4754,-6368211.7963,
64.3000,56277.4325,945.1974,208.8445,2.9483,-0.0369,0.2520,100121.6384,-6368211.9119,
64.5500,56506.2057,942.8404,202.1607,2.9446,-0.0369,0.2449,100119.8641,-6368212.0241,
64.8000,56734.3720,940.4844,195.6905,2.9409,-0.0369,0.2379,100118.1504,-6368212.1330,
65.0500,56961.9314,938.1296,189.4270,2.9373,-0.0369,0.2310,100116.4953,-6368212.2388,
65.3000,57188.8842,935.7759,183.3637,2.9336,-0.0369,0.2241,100114.8968,-6368212.3415,
65.5500,57415.2306,933.4232,177.4942,2.9299,-0.0369,0.2173,100113.3529,-6368212.4412,
65.8000,57640.9707,931.0716,171.8123,2.9262,-0.0369,0.2105,100111.8617,-6368212.5380,
66.0500,57866.1047,928.7211,166.3121,2.9224,-0.0369,0.2038,100110.4216,-6368212.6320,
66.3000,58090.6327,926.3716,160.9878,2.9187,-0.0369,0.1972,100109.0307,-6368212.7233,
66.5500,58314.5550,924.0231,155.8337,2.9149,-0.0369,0.1906,100107.6873,-6368212.8119,
66.8000,58537.8717,921.6757,150.8444,2.9112,-0.0369,0.1841,100106.3900,-6368212.8980,
67.0500,58760.5829,919.3292,146.0148,2.9074,-0.0369,0.1776,100105.1370,-6368212.9816,
67.3000,58982.6887,916.9837,141.3396,2.9036,-0.0369,0.1712,100103.9268,-6368213.0627,
67.5500,59204.1894,914.6392,136.8141,2.8998,-0.0369,0.1648,100102.7581,-6368213.1415,
67.8000,59425.0850,912.2957,132.4333,2.8960,-0.0369,0.1585,100101.6294,-6368213.2180,
68.0500,59645.3758,909.9531,128.1928,2.8922,-0.0369,0.1523,100100.5393,-6368213.2923,
68.3000,59865.0617,907.6115,124.0880,2.8884,-0.0369,0.1461,100099.4866,-6368213.3645,
68.5500,60084.1431,905.2708,120.1146,2.8845,-0.0369,0.1399,100098.4699,-6368213.4345,
68.8000,60302.6199,902.9310,116.2683,2.8807,-0.0369,0.1338,100097.4880,-6368213.5026,
69.0500,60520.4923,900.5922,112.5453,2.8768,-0.0369,0.1278,100096.5397,-6368213.5686,
69.3000,60737.7605,898.2543,108.9414,2.8729,-0.0369,0.1218,100095.6239,-6368213.6328,
69.5500,60954.4246,895.9172,105.4530,2.8690,-0.0369,0.1159,100094.7395,-6368213.6951,
69.8000,61170.4846,893.5811,102.0763,2.8651,-0.0369,0.1100,100093.8854,-6368213.7556,
70.0500,61385.9408,891.2459,98.8078,2.8612,-0.0369,0.1042,100093.0605,-6368213.8144,
70.3000,61600.7931,888.9115,95.6440,2.8573,-0.0369,0.0984,100092.2639,-6368213.8714,
70.5500,61815.0418,886.5780,92.5815,2.8533,-0.0369,0.0926,100091.4947,-6368213.9269,
70.8000,62028.6869,884.2454,89.6172,2.8494,-0.0369,0.0870,100090.7517,-6368213.9807,
71.0500,62241.7285,881.9137,86.7478,2.8454,-0.0369,0.0813,100090.0343,-6368214.0330,
71.3000,62454.1668,879.5828,83.9705,2.8414,-0.0369,0.0757,100089.3415,-6368214.0837,
71.5500,62666.0018,877.2528,81.2821,2.8374,-0.0369,0.0702,100088.6724,-6368214.1330,
71.8000,62877.2336,874.9236,78.6799,2.8334,-0.0369,0.0647,100088.0262,-6368214.1809,
72.0500,63087.8624,872.5953,76.1612,2.8294,-0.0369,0.0593,100087.4022,-6368214.2274,
72.3000,63297.8882,870.2678,73.7232,2.8254,-0.0369,0.0539,100086.7996,-6368214.2726,
72.5500,63507.3111,867.9411,71.3633,2.8213,-0.0369,0.0485,100086.2177,-6368214.3165,
72.8000,63716.1313,865.6153,69.0791,2.8173,-0.0369,0.0432,100085.6557,-6368214.3591,
73.0500,63924.3487,863.2903,66.8682,2.8132,-0.0369,0.0380,100085.1131,-6368214.4004,
73.3000,64131.9635,860.9661,64.7282,2.8091,-0.0369,0.0328,100084.5890,-6368214.4406,
73.5500,64338.9759,858.6428,62.6568,2.8050,-0.0369,0.0276,100084.0829,-6368214.4797,
73.8000,64545.3857,856.3202,60.6519,2.8009,-0.0369,0.0225,100083.5942,-6368214.5176,
74.0500,64751.1933,853.9985,58.7112,2.7968,-0.0369,0.0174,100083.1222,-6368214.5544,
74.3000,64956.3985,851.6776,56.8329,2.7926,-0.0369,0.0124,100082.6665,-6368214.5902,
74.5500,65161.0016,849.3576,55.0148,2.7885,-0.0369,0.0074,100082.2264,-6368214.6250,
74.8000,65365.0026,847.0383,53.2550,2.7843,-0.0369,0.0025,100081.8014,-6368214.6587,
75.0500,65568.4015,844.7198,51.5516,2.7801,-0.0369,-0.0024,100081.3910,-6368214.6915,
75.3000,65771.1984,842.4022,49.9030,2.7759,-0.0369,-0.0073,100080.9946,-6368214.7234,
75.5500,65973.3935,840.0853,48.3072,2.7717,-0.0369,-0.0121,100080.6119,-6368214.7543,
75.8000,66174.9868,837.7693,46.7626,2.7675,-0.0369,-0.0169,100080.2423,-6368214.7844,
76.0500,66375.9783,835.4541,45.2676,2.7633,-0.0369,-0.0216,100079.8854,-6368214.8136,
76.3000,66576.3682,833.1397,43.8206,2.7590,-0.0369,-0.0263,100079.5408,-6368214.8420,
76.5500,66776.1564,830.8261,42.4200,2.7548,-0.0369,-0.0310,100079.2079,-6368214.8695,
76.8000,66975.3432,828.5132,41.0644,2.7505,-0.0369,-0.0356,100078.8866,-6368214.8963,
77.0500,67173.9285,826.2012,39.7523,2.7462,-0.0369,-0.0402,100078.5762,-6368214.9223,
77.3000,67371.9123,823.8900,38.4823,2.7419,-0.0369,-0.0447,100078.2765,-6368214.9476,
77.5500,67569.2949,821.5796,37.2530,2.7376,-0.0369,-0.0492,100077.9871,-6368214.9722,
77.8000,67766.0762,819.2700,36.0632,2.7332,-0.0369,-0.0536,100077.7076,-6368214.9960,
78.0500,67962.2562,816.9612,34.9116,2.7289,-0.0369,-0.0581,100077.4377,-6368215.0192,
78.3000,68157.8352,814.6533,33.7970,2.7245,-0.0369,-0.0624,100077.1771,-6368215.0417,
78.5500,68352.8131,812.3461,32.7181,2.7202,-0.0369,-0.0668,100076.9255,-6368215.0636,
78.8000,68547.1899,810.0397,31.6739,2.7158,-0.0369,-0.0711,100076.6824,-6368215.0848,
79.0500,68740.9658,807.7342,30.6631,2.7114,-0.0369,-0.0753,100076.4478,-6368215.1055,
79.3000,68934.1408,805.4294,29.6849,2.7070,-0.0369,-0.0796,100076.2211,-6368215.1256,
79.5500,69126.7149,803.1255,28.7380,2.7025,-0.0369,-0.0838,100076.0023,-6368215.1451,
79.8000,69318.6883,800.8224,27.8215,2.6981,-0.0369,-0.0879,100075.7910,-6368215.1640,
80.0500,69510.0609,798.5201,26.9344,2.6936,-0.0369,-0.0920,100075.5869,-6368215.1824,
80.3000,69700.8329,796.2186,26.0758,2.6891,-0.0369,-0.0961,100075.3898,-6368215.2003,
80.5500,69891.0042,793.9179,25.2447,2.6847,-0.0369,-0.1002,100075.1995,-6368215.2177,
80.8000,70080.5750,791.6181,24.4403,2.6801,-0.0369,-0.1042,100075.0158,-6368215.2346,
81.0500,70269.5453,789.3191,23.6618,2.6756,-0.0369,-0.1082,100074.8383,-6368215.2511,
81.3000,70457.9151,787.0209,22.9082,2.6711,-0.0369,-0.1121,100074.6669,-6368215.2670,
81.5500,70645.6845,784.7235,22.1788,2.6665,-0.0369,-0.1160,100074.5015,-6368215.2825,
81.8000,70832.8536,782.4270,21.4727,2.6620,-0.0369,-0.1199,100074.3416,-6368215.2976,
82.0500,71019.4224,780.1313,20.7894,2.6574,-0.0369,-0.1237,100074.1873,-6368215.3122,
82.3000,71205.3909,777.8366,18.9905,2.6520,-0.0369,-0.1276,100074.0464,-6368215.3257,
82.5500,71390.7592,775.5427,18.3713,2.6465,-0.0369,-0.1313,100073.9106,-6368215.3388,
82.8000,71575.5275,773.2496,17.7728,2.6409,-0.0369,-0.1351,100073.7796,-6368215.3515,
83.0500,71759.6956,770.9574,17.1943,2.6354,-0.0369,-0.1388,100073.6531,-6368215.3638,
83.3000,71943.2637,768.6660,16.6351,2.6298,-0.0369,-0.1425,100073.5311,-6368215.3757,
83.5500,72126.2318,766.3755,16.0945,2.6242,-0.0369,-0.1461,100073.4133,-6368215.3874,
83.8000,72308.6000,764.0859,15.5720,2.6186,-0.0369,-0.1497,100073.2996,-6368215.3987,
84.0500,72490.3683,761.7971,15.0670,2.6131,-0.0369,-0.1533,100073.1899,-6368215.4096,
84.3000,72671.5368,759.5092,14.5787,2.6074,-0.0369,-0.1569,100073.0840,-6368215.4203,
84.5500,72852.1054,757.2221,14.1067,2.6018,-0.0369,-0.1604,100072.9818,-6368215.4307,
84.8000,73032.0743,754.9359,13.6504,2.5962,-0.0369,-0.1639,100072.8831,-6368215.4407,
85.0500,73211.4434,752.6506,13.2092,2.5905,-0.0369,-0.1674,100072.7878,-6368215.4505,
85.3000,73390.2129,750.3662,12.7828,2.5849,-0.0369,-0.1708,100072.6959,-6368215.4600,
85.5500,73568.3828,748.0827,12.3704,2.5792,-0.0369,-0.1742,100072.6071,-6368215.4693,
85.8000,73745.9531,745.8000,11.9718,2.5735,-0.0369,-0.1776,100072.5214,-6368215.4782,
86.0500,73922.9238,743.5183,11.5863,2.5678,-0.0369,-0.1809,100072.4387,-6368215.4870,
86.3000,74099.2950,741.2375,11.2136,2.5621,-0.0369,-0.1842,100072.3589,-6368215.4955,
86.5500,74275.0668,738.9575,10.8533,2.5564,-0.0369,-0.1875,100072.2818,-6368215.5037,
86.8000,74450.2391,736.6785,10.5049,2.5507,-0.0369,-0.1908,100072.2073,-6368215.5117,
87.0500,74624.8121,734.4004,10.1680,2.5449,-0.0369,-0.1940,100072.1355,-6368215.5195,
87.3000,74798.7857,732.1232,9.8422,2.5392,-0.0369,-0.1972,100072.0661,-6368215.5271,
87.5500,74972.1601,729.8470,9.5272,2.5334,-0.0369,-0.2004,100071.9991,-6368215.5344,
87.8000,75144.9351,727.5717,9.2225,2.5276,-0.0369,-0.2035,100071.9344,-6368215.5416,
88.0500,75317.1110,725.2973,8.9279,2.5218,-0.0369,-0.2066,100071.8719,-6368215.5486,
88.3000,75488.6876,723.0239,8.6430,2.5160,-0.0369,-0.2097,100071.8116,-6368215.5553,
88.5500,75659.6651,720.7514,8.3675,2.5102,-0.0369,-0.2128,100071.7533,-6368215.5619,
88.8000,75830.0435,718.4799,8.1010,2.5044,-0.0369,-0.2158,100071.6971,-6368215.5683,
89.0500,75999.8229,716.2093,7.8433,2.4986,-0.0369,-0.2189,100071.6428,-6368215.5745,
89.3000,76169.0032,713.9397,7.5940,2.4927,-0.0369,-0.2218,100071.5903,-6368215.5806,
89.5500,76337.5845,711.6711,7.3529,2.4868,-0.0369,-0.2248,100071.5397,-6368215.5865,
89.8000,76505.5668,709.4035,7.1197,2.4810,-0.0369,-0.2277,100071.4908,-6368215.5922,
90.0500,76672.9503,707.1369,6.8942,2.4751,-0.0369,-0.2306,100071.4435,-6368215.5978,
90.3000,76839.7348,704.8713,6.6760,2.4692,-0.0369,-0.2335,100071.3979,-6368215.6032,
90.5500,77005.9205,702.6067,6.4650,2.4633,-0.0369,-0.2364,100071.3538,-6368215.6085,
90.8000,77171.5074,700.3430,6.2608,2.4573,-0.0369,-0.2392,100071.3112,-6368215.6136,
91.0500,77336.4955,698.0805,6.0633,2.4514,-0.0369,-0.2420,100071.2701,-6368215.6186,
91.3000,77500.8849,695.8189,5.8723,2.4455,-0.0369,-0.2448,100071.2304,-6368215.6235,
91.5500,77664.6755,693.5584,5.6874,2.4395,-0.0369,-0.2476,100071.1920,-6368215.6282,
91.8000,77827.8675,691.2989,5.5086,2.4335,-0.0369,-0.2503,100071.1550,-6368215.6328,
92.0500,77990.4609,689.0405,5.3357,2.4276,-0.0369,-0.2530,100071.1192,-6368215.6373,
92.3000,78152.4556,686.7831,5.1683,2.4216,-0.0369,-0.2557,100071.0846,-6368215.6416,
92.5500,78313.8518,684.5268,5.0063,2.4156,-0.0369,-0.2584,100071.0512,-6368215.6458,
92.8000,78474.6494,682.2716,4.8497,2.4095,-0.0369,-0.2611,100071.0189,-6368215.6500,
93.0500,78634.8485,680.0175,4.6981,2.4035,-0.0369,-0.2637,100070.9877,-6368215.6540,
93.3000,78794.4492,677.7644,4.5514,2.3975,-0.0369,-0.2663,100070.9576,-6368215.6579,
93.5500,78953.4514,675.5125,4.4094,2.3914,-0.0369,-0.2689,100070.9284,-6368215.6617,
93.8000,79111.8553,673.2616,4.2721,2.3854,-0.0369,-0.2714,100070.9003,-6368215.6654,
94.0500,79269.6607,671.0119,4.1391,2.3793,-0.0369,-0.2739,100070.8731,-6368215.6690,
94.3000,79426.8678,668.7633,4.0105,2.3732,-0.0369,-0.2764,100070.8469,-6368215.6725,
94.5500,79583.4766,666.5159,3.8860,2.3671,-0.0369,-0.2789,100070.8215,-6368215.6759,
94.8000,79739.4871,664.2695,3.7656,2.3610,-0.0369,-0.2814,100070.7970,-6368215.6793,
95.0500,79894.8994,662.0244,3.6490,2.3549,-0.0369,-0.2839,100070.7733,-6368215.6825,
95.3000,80049.7135,659.7804,3.5361,2.3488,-0.0369,-0.2863,100070.7504,-6368215.6857,
95.5500,80203.9294,657.5376,3.4269,2.3426,-0.0369,-0.2887,100070.7283,-6368215.6887,
95.8000,80357.5471,655.2960,3.3212,2.3365,-0.0369,-0.2911,100070.7069,-6368215.6917,
96.0500,80510.5668,653.0555,3.2188,2.3303,-0.0369,-0.2934,100070.6862,-6368215.6946,
96.3000,80662.9883,650.8163,3.1198,2.3241,-0.0369,-0.2958,100070.6662,-6368215.6975,
96.5500,80814.8118,648.5783,3.0239,2.3180,-0.0369,-0.2981,100070.6469,-6368215.7003,
96.8000,80966.0372,646.3415,2.9311,2.3118,-0.0369,-0.3004,100070.6282,-6368215.7029,
97.0500,81116.6647,644.1060,2.8412,2.3056,-0.0369,-0.3027,100070.6102,-6368215.7056,
97.3000,81266.6942,641.8717,2.7542,2.2993,-0.0369,-0.3049,100070.5928,-6368215.7081,
97.5500,81416.1257,639.6386,2.6700,2.2931,-0.0369,-0.3072,100070.5759,-6368215.7106,
97.8000,81564.9594,637.4069,2.5885,2.2869,-0.0369,-0.3094,100070.5596,-6368215.7131,
98.0500,81713.1951,635.1764,2.5096,2.2806,-0.0369,-0.3116,100070.5439,-6368215.7154,
98.3000,81860.8330,632.9472,2.4331,2.2744,-0.0369,-0.3138,100070.5286,-6368215.7177,
98.5500,82007.8731,630.7193,2.3591,2.2681,-0.0369,-0.3160,100070.5139,-6368215.7200,
98.8000,82154.3155,628.4927,2.2875,2.2618,-0.0369,-0.3181,100070.4997,-6368215.7222,
99.0500,82300.1600,626.2675,2.2181,2.2555,-0.0369,-0.3202,100070.4859,-6368215.7243,
99.3000,82445.4068,624.0436,2.1509,2.2492,-0.0369,-0.3223,100070.4726,-6368215.7264,
99.5500,82590.0559,621.8210,2.0858,2.2429,-0.0369,-0.3244,100070.4598,-6368215.7284,
99.8000,82734.1074,619.5998,2.0228,2.2366,-0.0369,-0.3265,100070.4473,-6368215.7304,
100.0500,82877.5612,617.3800,1.9618,2.2303,-0.0369,-0.3286,100070.4353,-6368215.7323,
100.3000,83020.4173,615.1616,1.9027,2.2239,-0.0369,-0.3306,100070.4237,-6368215.7342,
100.5500,83162.6759,612.9446,1.8454,2.2176,-0.0369,-0.3326,100070.4124,-6368215.7360,
100.8000,83304.3369,610.7290,1.7900,2.2112,-0.0369,-0.3346,100070.4016,-6368215.7378,
101.0500,83445.4004,608.5149,1.7363,2.2048,-0.0369,-0.3366,100070.3911,-6368215.7396,
101.3000,83585.8664,606.3021,1.6843,2.1984,-0.0369,-0.3386,100070.3809,-6368215.7413,
101.5500,83725.7349,604.0909,1.6339,2.1920,-0.0369,-0.3405,100070.3711,-6368215.7429,
101.8000,83865.0059,601.8811,1.5851,2.1856,-0.0369,-0.3425,100070.3615,-6368215.7446,
102.0500,84003.6795,599.6728,1.5378,2.1792,-0.0369,-0.3444,100070.3523,-6368215.7461,
102.3000,84141.7557,597.4660,1.4920,2.1728,-0.0369,-0.3463,100070.3435,-6368215.7477,
102.5500,84279.2345,595.2608,1.4477,2.1664,-0.0369,-0.3482,100070.3348,-6368215.7492,
102.8000,84416.1160,593.0570,1.4047,2.1599,-0.0369,-0.3500,100070.3265,-6368215.7507,
103.0500,84552.4002,590.8549,1.3630,2.1535,-0.0369,-0.3519,100070.3185,-6368215.7521,
103.3000,84688.0870,588.6542,1.3227,2.1470,-0.0369,-0.3537,100070.3107,-6368215.7535,
103.5500,84823.1766,586.4552,1.2836,2.1405,-0.0369,-0.3556,100070.3032,-6368215.7548,
103.8000,84957.6690,584.2578,1.1728,2.1331,-0.0369,-0.3574,100070.2961,-6368215.7561,
104.0500,85091.5641,582.0619,1.1365,2.1251,-0.0369,-0.3592,100070.2895,-6368215.7574,
104.3000,85224.8621,579.8677,1.1015,2.1171,-0.0369,-0.3609,100070.2831,-6368215.7585,
104.5500,85357.5628,577.6752,1.0676,2.1091,-0.0369,-0.3627,100070.2769,-6368215.7597,
104.8000,85489.6665,575.4843,1.0348,2.1011,-0.0369,-0.3644,100070.2709,-6368215.7608,
105.0500,85621.1730,573.2951,1.0032,2.0931,-0.0369,-0.3662,100070.2651,-6368215.7619,
105.3000,85752.0825,571.1076,0.9726,2.0852,-0.0369,-0.3679,100070.2595,-6368215.7630,
105.5500,85882.3948,568.9218,0.9430,2.0772,-0.0369,-0.3696,100070.2541,-6368215.7641,
105.8000,86012.1102,566.7377,0.9144,2.0692,-0.0369,-0.3713,100070.2488,-6368215.7651,
106.0500,86141.2285,564.5554,0.8867,2.0612,-0.0369,-0.3729,100070.2438,-6368215.7661,
106.3000,86269.7498,562.3749,0.8600,2.0533,-0.0369,-0.3746,100070.2389,-6368215.7671,
106.5500,86397.6742,560.1961,0.8341,2.0453,-0.0369,-0.3762,100070.2342,-6368215.7680,
106.8000,86525.0016,558.0192,0.8091,2.0374,-0.0369,-0.3778,100070.2296,-6368215.7690,
107.0500,86651.7321,555.8441,0.7848,2.0295,-0.0369,-0.3795,100070.2252,-6368215.7699,
107.3000,86777.8657,553.6708,0.7614,2.0215,-0.0369,-0.3811,100070.2209,-6368215.7708,
107.5500,86903.4025,551.4994,0.7387,2.0136,-0.0369,-0.3826,100070.2167,-6368215.7716,
107.8000,87028.3424,549.3299,0.7168,2.0057,-0.0369,-0.3842,100070.2127,-6368215.7725,
108.0500,87152.6855,547.1623,0.6956,1.9978,-0.0369,-0.3858,100070.2089,-6368215.7733,
108.3000,87276.4318,544.9966,0.6751,1.9899,-0.0369,-0.3873,100070.2051,-6368215.7741,
108.5500,87399.5813,542.8329,0.6552,1.9820,-0.0369,-0.3888,100070.2015,-6368215.7749,
108.8000,87522.1340,540.6711,0.6359,1.9741,-0.0369,-0.3904,100070.1980,-6368215.7757,
109.0500,87644.0900,538.5114,0.6173,1.9662,-0.0369,-0.3919,100070.1946,-6368215.7764,
109.3000,87765.4494,536.3537,0.5993,1.9583,-0.0369,-0.3934,100070.1913,-6368215.7772,
109.5500,87886.2120,534.1980,0.5818,1.9505,-0.0369,-0.3948,100070.1881,-6368215.7779,
109.8000,88006.3780,532.0443,0.5649,1.9426,-0.0369,-0.3963,100070.1850,-6368215.7786,
110.0500,88125.9473,529.8928,0.5486,1.9348,-0.0369,-0.3977,100070.1821,-6368215.7793,
110.3000,88244.9200,527.7434,0.5327,1.9269,-0.0369,-0.3992,100070.1792,-6368215.7800,
110.5500,88363.2962,525.5961,0.5174,1.9191,-0.0369,-0.4006,100070.1764,-6368215.7806,
110.8000,88481.0757,523.4509,0.5025,1.9113,-0.0369,-0.4020,100070.1737,-6368215.7813,
111.0500,88598.2587,521.3080,0.4882,1.9034,-0.0369,-0.4034,100070.1711,-6368215.7819,
111.3000,88714.8452,519.1672,0.4742,1.8956,-0.0369,-0.4048,100070.1685,-6368215.7825,
111.5500,88830.8352,517.0287,0.4607,1.8878,-0.0369,-0.4062,100070.1661,-6368215.7831,
111.8000,88946.2287,514.8925,0.4476,1.8800,-0.0369,-0.4076,100070.1637,-6368215.7837,
112.0500,89061.0257,512.7585,0.4349,1.8722,-0.0369,-0.4089,100070.1614,-6368215.7843,
112.3000,89175.2263,510.6269,0.4227,1.8645,-0.0369,-0.4103,100070.1592,-6368215.7848,
112.5500,89288.8305,508.4976,0.4108,1.8567,-0.0369,-0.4116,100070.1570,-6368215.7854,
112.8000,89401.8383,506.3706,0.3992,1.8489,-0.0369,-0.4129,100070.1550,-6368215.7859,
113.0500,89514.2497,504.2461,0.3880,1.8412,-0.0369,-0.4142,100070.1529,-6368215.7864,
113.3000,89626.0648,502.1240,0.3772,1.8334,-0.0369,-0.4155,100070.1510,-6368215.7870,
113.5500,89737.2835,500.0044,0.3667,1.8257,-0.0369,-0.4168,100070.1491,-6368215.7875,
113.8000,89847.9059,497.8872,0.3565,1.8180,-0.0369,-0.4181,100070.1472,-6368215.7880,
114.0500,89957.9320,495.7726,0.3467,1.8103,-0.0369,-0.4194,100070.1455,-6368215.7885,
114.3000,90067.3618,493.6605,0.3371,1.8026,-0.0369,-0.4206,100070.1437,-6368215.7889,
114.5500,90176.1954,491.5510,0.3278,1.7949,-0.0369,-0.4218,100070.1421,-6368215.7894,
114.8000,90284.4328,489.4441,0.3188,1.7872,-0.0369,-0.4231,100070.1405,-6368215.7898,
115.0500,90392.0739,487.3398,0.3101,1.7795,-0.0369,-0.4243,100070.1389,-6368215.7903,
115.3000,90499.1189,485.2382,0.3016,1.7718,-0.0369,-0.4255,100070.1374,-6368215.7907,
115.5500,90605.5677,483.1394,0.2934,1.7642,-0.0369,-0.4267,100070.1359,-6368215.7912,
115.8000,90711.4203,481.0432,0.2855,1.7565,-0.0369,-0.4279,100070.1345,-6368215.7916,
116.0500,90816.6768,478.9499,0.2777,1.7489,-0.0369,-0.4291,100070.1331,-6368215.7920,
116.3000,90921.3372,476.8594,0.2702,1.7412,-0.0369,-0.4302,100070.1318,-6368215.7924,
116.5500,91025.4015,474.7717,0.2630,1.7336,-0.0369,-0.4314,100070.1305,-6368215.7928,
116.8000,91128.8697,472.6869,0.2559,1.7260,-0.0369,-0.4326,100070.1292,-6368215.7932,
117.0500,91231.7419,470.6050,0.2491,1.7184,-0.0369,-0.4337,100070.1280,-6368215.7936,
117.3000,91334.0181,468.5261,0.2424,1.7108,-0.0369,-0.4348,100070.1268,-6368215.7939,
117.5500,91435.6982,466.4501,0.2360,1.7033,-0.0369,-0.4359,100070.1257,-6368215.7943,
117.8000,91536.7823,464.3773,0.2297,1.6957,-0.0369,-0.4371,100070.1245,-6368215.7947,
118.0500,91637.2705,462.3074,0.2237,1.6881,-0.0369,-0.4382,100070.1235,-6368215.7950,
118.3000,91737.1626,460.2407,0.2178,1.6806,-0.0369,-0.4392,100070.1224,-6368215.7953,
118.5500,91836.4589,458.1772,0.2120,1.6731,-0.0369,-0.4403,100070.1214,-6368215.7957,
118.8000,91935.1592,456.1168,0.2065,1.6655,-0.0369,-0.4414,100070.1204,-6368215.7960,
119.0500,92033.2637,454.0597,0.2011,1.6580,-0.0369,-0.4425,100070.1195,-6368215.7963,
119.3000,92130.7722,452.0059,0.1959,1.6505,-0.0369,-0.4435,100070.1186,-6368215.7967,
119.5500,92227.6849,449.9554,0.1908,1.6431,-0.0369,-0.4446,100070.1177,-6368215.7970,
119.8000,92324.0017,447.9083,0.1858,1.6356,-0.0369,-0.4456,100070.1168,-6368215.7973,
120.0500,92419.7227,445.8645,0.1810,1.6281,-0.0369,-0.4466,100070.1160,-6368215.7976,
120.3000,92514.8479,443.8243,0.1764,1.6207,-0.0369,-0.4476,100070.1152,-6368215.7979,
120.5500,92609.3772,441.7875,0.1719,1.6133,-0.0369,-0.4486,100070.1144,-6368215.7982,
120.8000,92703.3109,439.7543,0.1675,1.6058,-0.0369,-0.4496,100070.1136,-6368215.7985,
121.0500,92796.6487,437.7247,0.1632,1.5984,-0.0369,-0.4506,100070.1129,-6368215.7987,
121.3000,92889.3908,435.6987,0.1591,1.5910,-0.0369,-0.4516,100070.1122,-6368215.7990,
121.5500,92981.5372,433.6765,0.1550,1.5836,-0.0369,-0.4526,100070.1115,-6368215.7993,
121.8000,93073.0878,431.6580,0.1511,1.5763,-0.0369,-0.4536,100070.1108,-6368215.7996,
122.0500,93164.0428,429.6432,0.1473,1.5689,-0.0369,-0.4545,100070.1101,-6368215.7998,
122.3000,93254.4021,427.6324,0.1436,1.5616,-0.0369,-0.4555,100070.1095,-6368215.8001,
122.5500,93344.1657,425.6254,0.1400,1.5543,-0.0369,-0.4564,100070.1089,-6368215.8003,
122.8000,93433.3337,423.6224,0.1365,1.5470,-0.0369,-0.4573,100070.1083,-6368215.8006,
123.0500,93521.9061,421.6235,0.1331,1.5397,-0.0369,-0.4583,100070.1077,-6368215.8008,
123.3000,93609.8829,419.6286,0.1298,1.5324,-0.0369,-0.4592,100070.1071,-6368215.8011,
123.5500,93697.2640,417.6378,0.1266,1.5251,-0.0369,-0.4601,100070.1066,-6368215.8013,
123.8000,93784.0496,415.6512,0.1235,1.5179,-0.0369,-0.4610,100070.1061,-6368215.8015,
124.0500,93870.2397,413.6688,0.1205,1.5106,-0.0369,-0.4619,100070.1055,-6368215.8017,
124.3000,93955.8341,411.6908,0.1175,1.5034,-0.0369,-0.4628,100070.1051,-6368215.8020,
124.5500,94040.8331,409.7171,0.1147,1.4962,-0.0369,-0.4636,100070.1046,-6368215.8022,
124.8000,94125.2365,407.7479,0.1119,1.4890,-0.0369,-0.4645,100070.1041,-6368215.8024,
125.0500,94209.0445,405.7831,0.1092,1.4818,-0.0369,-0.4654,100070.1036,-6368215.8026,
125.3000,94292.2570,403.8229,0.1065,1.4747,-0.0369,-0.4662,100070.1032,-6368215.8028,
125.5500,94374.8740,401.8673,0.1040,1.4676,-0.0369,-0.4671,100070.1028,-6368215.8030,
125.8000,94456.8955,399.9164,0.1015,1.4604,-0.0369,-0.4679,100070.1024,-6368215.8032,
126.0500,94538.3216,397.9702,0.0990,1.4533,-0.0369,-0.4688,100070.1020,-6368215.8034,
126.3000,94619.1523,396.0289,0.0967,1.4462,-0.0369,-0.4696,100070.1016,-6368215.8036,
126.5500,94699.3876,394.0925,0.0944,1.4392,-0.0369,-0.4704,100070.1012,-6368215.8038,
126.8000,94779.0275,392.1610,0.0922,1.4321,-0.0369,-0.4712,100070.1008,-6368215.8040,
127.0500,94858.0720,390.2345,0.0900,1.4251,-0.0369,-0.4720,100070.1005,-6368215.8042,
127.3000,94936.5211,388.3132,0.0879,1.4181,-0.0369,-0.4728,100070.1001,-6368215.8044,
127.5500,95014.3749,386.3970,0.0858,1.4111,-0.0369,-0.4736,100070.0998,-6368215.8046,
127.8000,95091.6334,384.4861,0.0838,1.4041,-0.0369,-0.4744,100070.0995,-6368215.8048,
128.0500,95168.2966,382.5806,0.0819,1.3972,-0.0369,-0.4752,100070.0992,-6368215.8049,
128.3000,95244.3644,380.6804,0.0800,1.3902,-0.0369,-0.4759,100070.0989,-6368215.8051,
128.5500,95319.8370,378.7858,0.0781,1.3833,-0.0369,-0.4767,100070.0986,-6368215.8053,
128.8000,95394.7143,376.8967,0.0763,1.3764,-0.0369,-0.4775,100070.0983,-6368215.8054,
129.0500,95468.9963,375.0133,0.0746,1.3695,-0.0369,-0.4782,100070.0980,-6368215.8056,
129.3000,95542.6830,373.1356,0.0729,1.3627,-0.0369,-0.4789,100070.0977,-6368215.8058,
129.5500,95615.7746,371.2638,0.0712,1.3558,-0.0369,-0.4797,100070.0975,-6368215.8059,
129.8000,95688.2709,369.3978,0.0696,1.3490,-0.0369,-0.4804,100070.0972,-6368215.8061,
130.0500,95760.1720,367.5379,0.0680,1.3422,-0.0369,-0.4811,100070.0970,-6368215.8062,
130.3000,95831.4779,365.6841,0.0665,1.3355,-0.0369,-0.4819,100070.0967,-6368215.8064,
130.5500,95902.1886,363.8364,0.0650,1.3287,-0.0369,-0.4826,100070.0965,-6368215.8065,
130.8000,95972.3042,361.9951,0.0636,1.3220,-0.0369,-0.4833,100070.0963,-6368215.8067,
131.0500,96041.8246,360.1601,0.0621,1.3153,-0.0369,-0.4840,100070.0961,-6368215.8068,
131.3000,96110.7498,358.3316,0.0608,1.3086,-0.0369,-0.4847,100070.0959,-6368215.8070,
131.5500,96179.0800,356.5096,0.0594,1.3020,-0.0369,-0.4854,100070.0957,-6368215.8071,
131.8000,96246.8150,354.6944,0.0581,1.2953,-0.0369,-0.4860,100070.0955,-6368215.8073,
132.0500,96313.9549,352.8859,0.0568,1.2887,-0.0369,-0.4867,100070.0953,-6368215.8074,
132.3000,96380.4997,351.0842,0.0556,1.2822,-0.0369,-0.4874,100070.0951,-6368215.8076,
132.5500,96446.4494,349.2896,0.0544,1.2756,-0.0369,-0.4881,100070.0949,-6368215.8077,
132.8000,96511.8041,347.5020,0.0532,1.2691,-0.0369,-0.4887,100070.0947,-6368215.8078,
133.0500,96576.5637,345.7217,0.0521,1.2626,-0.0369,-0.4894,100070.0946,-6368215.8080,
133.3000,96640.7282,343.9486,0.0510,1.2561,-0.0369,-0.4900,100070.0944,-6368215.8081,
133.5500,96704.2978,342.1829,0.0499,1.2497,-0.0369,-0.4907,100070.0942,-6368215.8082,
133.8000,96767.2723,340.4248,0.0488,1.2432,-0.0369,-0.4913,100070.0941,-6368215.8083,
134.0500,96829.6518,338.6744,0.0478,1.2369,-0.0369,-0.4919,100070.0939,-6368215.8085,
134.3000,96891.4363,336.9317,0.0468,1.2305,-0.0369,-0.4926,100070.0938,-6368215.8086,
134.5500,96952.6258,335.1969,0.0458,1.2242,-0.0369,-0.4932,100070.0937,-6368215.8087,
134.8000,97013.2203,333.4701,0.0448,1.2179,-0.0369,-0.4938,100070.0935,-6368215.8088,
135.0500,97073.2199,331.7514,0.0439,1.2116,-0.0369,-0.4944,100070.0934,-6368215.8090,
135.3000,97132.6245,330.0410,0.0430,1.2053,-0.0369,-0.4950,100070.0933,-6368215.8091,
135.5500,97191.4342,328.3389,0.0421,1.1991,-0.0369,-0.4956,100070.0932,-6368215.8092,
135.8000,97249.6489,326.6454,0.0413,1.1929,-0.0369,-0.4962,100070.0930,-6368215.8093,
136.0500,97307.2688,324.9605,0.0404,1.1868,-0.0369,-0.4968,100070.0929,-6368215.8094,
136.3000,97364.2937,323.2845,0.0396,1.1807,-0.0369,-0.4974,100070.0928,-6368215.8095,
136.5500,97420.7237,321.6173,0.0388,1.1746,-0.0369,-0.4979,100070.0927,-6368215.8096,
136.8000,97476.5588,319.9592,0.0380,1.1685,-0.0369,-0.4985,100070.0926,-6368215.8097,
137.0500,97531.7991,318.3102,0.0373,1.1625,-0.0369,-0.4991,100070.0925,-6368215.8099,
137.3000,97586.4444,316.6706,0.0365,1.1565,-0.0369,-0.4996,100070.0924,-6368215.8100,
137.5500,97640.4950,315.0405,0.0358,1.1505,-0.0369,-0.5002,100070.0923,-6368215.8101,
137.8000,97693.9506,313.4201,0.0351,1.1446,-0.0369,-0.5008,100070.0922,-6368215.8102,
138.0500,97746.8115,311.8094,0.0344,1.1387,-0.0369,-0.5013,100070.0921,-6368215.8103,
138.3000,97799.0775,310.2086,0.0338,1.1329,-0.0369,-0.5019,100070.0920,-6368215.8104,
138.5500,97850.7486,308.6179,0.0331,1.1271,-0.0369,-0.5024,100070.0920,-6368215.8105,
138.8000,97901.8250,307.0374,0.0325,1.1213,-0.0369,-0.5029,100070.0919,-6368215.8106,
139.0500,97952.3066,305.4674,0.0319,1.1156,-0.0369,-0.5035,100070.0918,-6368215.8107,
139.3000,98002.1934,303.9079,0.0313,1.1099,-0.0369,-0.5040,100070.0917,-6368215.8108,
139.5500,98051.4854,302.3591,0.0307,1.1042,-0.0369,-0.5045,100070.0917,-6368215.8109,
139.8000,98100.1826,300.8212,0.0301,1.0986,-0.0369,-0.5050,100070.0916,-6368215.8110,
140.0500,98148.2851,299.2943,0.0295,1.0930,-0.0369,-0.5055,100070.0915,-6368215.8111,
140.3000,98195.7928,297.7787,0.0290,1.0875,-0.0369,-0.5060,100070.0915,-6368215.8112,
140.5500,98242.7057,296.2744,0.0285,1.0820,-0.0369,-0.5065,100070.0914,-6368215.8112,
140.8000,98289.0240,294.7817,0.0280,1.0765,-0.0369,-0.5070,100070.0913,-6368215.8113,
141.0500,98334.7475,293.3008,0.0274,1.0711,-0.0369,-0.5075,100070.0913,-6368215.8114,
141.3000,98379.8762,291.8318,0.0270,1.0658,-0.0369,-0.5080,100070.0912,-6368215.8115,
141.5500,98424.4103,290.3748,0.0265,1.0604,-0.0369,-0.5085,100070.0912,-6368215.8116,
141.8000,98468.3497,288.9301,0.0260,1.0551,-0.0369,-0.5090,100070.0911,-6368215.8117,
142.0500,98511.6943,287.4979,0.0256,1.0499,-0.0369,-0.5095,100070.0911,-6368215.8118,
142.3000,98554.4443,286.0784,0.0251,1.0447,-0.0369,-0.5099,100070.0910,-6368215.8119,
142.5500,98596.5996,284.6716,0.0247,1.0396,-0.0369,-0.5104,100070.0910,-6368215.8119,
142.8000,98638.1602,283.2779,0.0243,1.0345,-0.0369,-0.5109,100070.0909,-6368215.8120,
143.0500,98679.1262,281.8974,0.0239,1.0294,-0.0369,-0.5113,100070.0909,-6368215.8121,
143.3000,98719.4975,280.5303,0.0235,1.0244,-0.0369,-0.5118,100070.0909,-6368215.8122,
143.5500,98759.2741,279.1769,0.0231,1.0195,-0.0369,-0.5123,100070.0908,-6368215.8123,
143.8000,98798.4561,277.8372,0.0227,1.0146,-0.0369,-0.5127,100070.0908,-6368215.8123,
144.0500,98837.0435,276.5115,0.0223,1.0098,-0.0369,-0.5132,100070.0908,-6368215.8124,
144.3000,98875.0363,275.2001,0.0220,1.0050,-0.0369,-0.5136,100070.0907,-6368215.8125,
144.5500,98912.4344,273.9030,0.0216,1.0002,-0.0369,-0.5140,100070.0907,-6368215.8125,
144.8000,98949.2379,272.6206,0.0213,0.9955,-0.0369,-0.5145,100070.0907,-6368215.8126,
145.0500,98985.4468,271.3529,0.0209,0.9909,-0.0369,-0.5149,100070.0906,-6368215.8127,
145.3000,99021.0611,270.1003,0.0206,0.9863,-0.0369,-0.5153,100070.0906,-6368215.8127,
145.5500,99056.0808,268.8630,0.0203,0.9818,-0.0369,-0.5157,100070.0906,-6368215.8128,
145.8000,99090.5059,267.6411,0.0200,0.9773,-0.0369,-0.5162,100070.0906,-6368215.8129,
146.0500,99124.3365,266.4348,0.0197,0.9729,-0.0369,-0.5166,100070.0906,-6368215.8129,
146.3000,99157.5724,265.2444,0.0194,0.9686,-0.0369,-0.5170,100070.0905,-6368215.8130,
146.5500,99190.2138,264.0701,0.0191,0.9643,-0.0369,-0.5174,100070.0905,-6368215.8130,
146.8000,99222.2607,262.9121,0.0188,0.9600,-0.0369,-0.5178,100070.0905,-6368215.8131,
147.0500,99253.7129,261.7706,0.0186,0.9558,-0.0369,-0.5182,100070.0905,-6368215.8131,
147.3000,99284.5707,260.6459,0.0183,0.9517,-0.0369,-0.5186,100070.0905,-6368215.8132,
147.5500,99314.8338,259.5381,0.0181,0.9477,-0.0369,-0.5190,100070.0905,-6368215.8132,
147.8000,99344.5025,258.4474,0.0178,0.9437,-0.0369,-0.5194,100070.0904,-6368215.8133,
148.0500,99373.5766,257.3742,0.0176,0.9398,-0.0369,-0.5198,100070.0904,-6368215.8133,
148.3000,99402.0561,256.3185,0.0173,0.9359,-0.0369,-0.5202,100070.0904,-6368215.8134,
148.5500,99429.9412,255.2807,0.0171,0.9321,-0.0369,-0.5205,100070.0904,-6368215.8134,
148.8000,99457.2317,254.2608,0.0169,0.9284,-0.0369,-0.5209,100070.0904,-6368215.8135,
149.0500,99483.9277,253.2593,0.0167,0.9247,-0.0369,-0.5213,100070.0904,-6368215.8135,
149.3000,99510.0292,252.2762,0.0165,0.9211,-0.0369,-0.5217,100070.0904,-6368215.8135,
149.5500,99535.5363,251.3118,0.0163,0.9176,-0.0369,-0.5220,100070.0904,-6368215.8136,
149.8000,99560.4488,250.3663,0.0161,0.9141,-0.0369,-0.5224,100070.0904,-6368215.8136,
150.0500,99584.7668,249.4399,0.0159,0.9107,-0.0369,-0.5228,100070.0904,-6368215.8137,
150.3000,99608.4903,248.5328,0.0157,0.9074,-0.0369,-0.5231,100070.0904,-6368215.8137,
150.5500,99631.6193,247.6453,0.0155,0.9041,-0.0369,-0.5235,100070.0904,-6368215.8137,
150.7500,99649.6945,246.9494,0.0154,0.9016,-0.0369,-0.5238,100070.0903,-6368215.8138,
151.0000,99671.7535,246.0976,0.0152,0.8984,-0.0369,-0.5241,100070.0903,-6368215.8138,
151.2500,99693.2180,245.2659,0.0151,0.8954,-0.0369,-0.5245,100070.0903,-6368215.8138,
151.5000,99714.0880,244.4545,0.0149,0.8924,-0.0369,-0.5248,100070.0903,-6368215.8139,
151.7500,99734.3636,243.6636,0.0148,0.8895,-0.0369,-0.5251,100070.0903,-6368215.8139,
152.0000,99754.0446,242.8935,0.0146,0.8867,-0.0369,-0.5255,100070.0903,-6368215.8139,
152.2500,99773.1313,242.1443,0.0145,0.8840,-0.0369,-0.5258,100070.0903,-6368215.8140,
152.5000,99791.6235,241.4162,0.0144,0.8813,-0.0369,-0.5262,100070.0903,-6368215.8140,
152.7500,99809.5212,240.7095,0.0142,0.8787,-0.0369,-0.5265,100070.0903,-6368215.8140,
153.0000,99826.8245,240.0242,0.0141,0.8762,-0.0369,-0.5268,100070.0903,-6368215.8141,
153.2500,99843.5333,239.3606,0.0140,0.8737,-0.0369,-0.5271,100070.0903,-6368215.8141,
153.5000,99859.6477,238.7189,0.0139,0.8714,-0.0369,-0.5275,100070.0903,-6368215.8141,
153.7500,99875.1676,238.0992,0.0138,0.8691,-0.0369,-0.5278,100070.0903,-6368215.8142,
154.0000,99890.0931,237.5017,0.0136,0.8669,-0.0369,-0.5281,100070.0903,-6368215.8142,
154.2500,99904.4242,236.9266,0.0135,0.8648,-0.0369,-0.5284,100070.0903,-6368215.8142,
154.5000,99918.1609,236.3741,0.0134,0.8628,-0.0369,-0.5287,100070.0903,-6368215.8143,
154.7500,99931.3031,235.8443,0.0134,0.8608,-0.0369,-0.5290,100070.0903,-6368215.8143,
155.0000,99943.8509,235.3373,0.0133,0.8589,-0.0369,-0.5293,100070.0903,-6368215.8143,
155.2500,99955.8042,234.8533,0.0132,0.8572,-0.0369,-0.5296,100070.0903,-6368215.8143,
155.5000,99967.1632,234.3924,0.0131,0.8555,-0.0369,-0.5299,100070.0903,-6368215.8144,
155.7500,99977.9277,233.9549,0.0130,0.8538,-0.0369,-0.5302,100070.0903,-6368215.8144,
156.0000,99988.0978,233.5407,0.0130,0.8523,-0.0369,-0.5305,100070.0903,-6368215.8144,
156.2500,99997.6735,233.1501,0.0129,0.8509,-0.0369,-0.5308,100070.0903,-6368215.8144,
156.5000,100006.6548,232.7831,0.0128,0.8495,-0.0369,-0.5311,100070.0903,-6368215.8145,
156.7500,100015.0416,232.4399,0.0128,0.8482,-0.0369,-0.5314,100070.0903,-6368215.8145,
157.0000,100022.8341,232.1206,0.0127,0.8471,-0.0369,-0.5317,100070.0903,-6368215.8145,
157.2500,100030.0321,231.8252,0.0127,0.8460,-0.0369,-0.5319,100070.0903,-6368215.8145,
157.5000,100036.6358,231.5539,0.0126,0.8450,-0.0369,-0.5322,100070.0903,-6368215.8146,
157.7500,100042.6450,231.3068,0.0126,0.8440,-0.0369,-0.5325,100070.0903,-6368215.8146,
158.0000,100048.0598,231.0838,0.0126,0.8432,-0.0369,-0.5328,100070.0903,-6368215.8146,
158.2500,100052.8802,230.8852,0.0125,0.8425,-0.0369,-0.5330,100070.0903,-6368215.8146,
158.5000,100057.1062,230.7109,0.0125,0.8418,-0.0369,-0.5333,100070.0903,-6368215.8147,
158.7500,100060.7378,230.5610,0.0125,0.8413,-0.0369,-0.5336,100070.0903,-6368215.8147,
159.0000,100063.7750,230.4356,0.0124,0.8408,-0.0369,-0.5339,100070.0903,-6368215.8147,
159.2500,100066.2178,230.3346,0.0124,0.8404,-0.0369,-0.5341,100070.0903,-6368215.8147,
159.5000,100068.0662,230.2582,0.0124,0.8401,-0.0369,-0.5344,100070.0903,-6368215.8147,
159.7500,100069.3202,230.2064,0.0124,0.8399,-0.0369,-0.5346,100070.0903,-6368215.8148,
160.0000,100069.9798,230.1791,0.0124,0.8398,-0.0369,-0.5349,100070.0903,-6368215.8148,
160.2500,100070.0450,230.1764,0.0124,0.8397,-0.0369,-0.5351,100070.0903,-6368215.8148,
160.5000,100069.5158,230.1983,0.0124,0.8398,-0.0369,-0.5354,100070.0903,-6368215.8148,
160.7500,100068.3922,230.2448,0.0124,0.8400,-0.0369,-0.5356,100070.0903,-6368215.8149,
161.0000,100066.6742,230.3158,0.0124,0.8402,-0.0369,-0.5359,100070.0903,-6368215.8149,
161.2500,100064.3618,230.4113,0.0124,0.8405,-0.0369,-0.5361,100070.0903,-6368215.8149,
161.5000,100061.4550,230.5314,0.0124,0.8409,-0.0369,-0.5364,100070.0903,-6368215.8149,
161.7500,100057.9537,230.6759,0.0125,0.8415,-0.0369,-0.5366,100070.0903,-6368215.8150,
162.0000,100053.8581,230.8448,0.0125,0.8421,-0.0369,-0.5369,100070.0903,-6368215.8150,
162.2500,100049.1681,231.0381,0.0125,0.8427,-0.0369,-0.5371,100070.0903,-6368215.8150,
162.5000,100043.8837,231.2558,0.0126,0.8435,0.0873,-0.5373,100070.0903,-6368215.8150,
162.7500,100038.0048,231.4976,0.0126,0.8444,0.0873,-0.5376,100070.0903,-6368215.8151,
163.0000,100031.5316,231.7636,0.0126,0.8453,0.0873,-0.5378,100070.0903,-6368215.8151,
163.2500,100024.4639,232.0537,0.0127,0.8464,0.0873,-0.5380,100070.0903,-6368215.8151,
163.5000,100016.8019,232.3678,0.0127,0.8475,0.0873,-0.5383,100070.0903,-6368215.8151,
163.7500,100008.5454,232.7058,0.0128,0.8487,0.0873,-0.5385,100070.0903,-6368215.8151,
164.0000,99999.6945,233.0675,0.0129,0.8500,0.0873,-0.5387,100070.0903,-6368215.8152,
164.2500,99990.2492,233.4530,0.0129,0.8514,0.0873,-0.5389,100070.0903,-6368215.8152,
164.5000,99980.2095,233.8620,0.0130,0.8529,0.0873,-0.5391,100070.0903,-6368215.8152,
164.7500,99969.5754,234.2944,0.0131,0.8544,0.0873,-0.5394,100070.0903,-6368215.8153,
165.0000,99958.3468,234.7502,0.0131,0.8561,0.0873,-0.5396,100070.0903,-6368215.8153,
165.2500,99946.5239,235.2291,0.0132,0.8578,0.0873,-0.5398,100070.0903,-6368215.8153,
165.5000,99934.1065,235.7310,0.0133,0.8596,0.0873,-0.5400,100070.0903,-6368215.8153,
165.7500,99921.0947,236.2559,0.0134,0.8615,0.0873,-0.5402,100070.0903,-6368215.8154,
166.0000,99907.4884,236.8035,0.0135,0.8635,0.0873,-0.5404,100070.0903,-6368215.8154,
166.2500,99893.2877,237.3736,0.0136,0.8656,0.0873,-0.5406,100070.0903,-6368215.8154,
166.5000,99878.4926,237.9662,0.0137,0.8677,0.0873,-0.5408,100070.0903,-6368215.8154,
166.7500,99863.1031,238.5810,0.0138,0.8700,0.0873,-0.5410,100070.0903,-6368215.8155,
167.0000,99847.1191,239.2179,0.0139,0.8723,0.0873,-0.5412,100070.0903,-6368215.8155,
167.2500,99830.5406,239.8767,0.0140,0.8747,0.0873,-0.5414,100070.0903,-6368215.8155,
167.5000,99813.3678,240.5572,0.0141,0.8771,0.0873,-0.5416,100070.0903,-6368215.8156,
167.7500,99795.6004,241.2593,0.0143,0.8797,0.0873,-0.5418,100070.0903,-6368215.8156,
168.0000,99777.2387,241.9827,0.0144,0.8823,0.0873,-0.5420,100070.0903,-6368215.8156,
168.2500,99758.2824,242.7273,0.0145,0.8850,0.0873,-0.5422,100070.0903,-6368215.8157,
168.5000,99738.7318,243.4929,0.0147,0.8878,0.0873,-0.5424,100070.0902,-6368215.8157,
168.7500,99718.5866,244.2792,0.0148,0.8906,0.0873,-0.5426,100070.0902,-6368215.8157,
169.0000,99697.8470,245.0861,0.0150,0.8935,0.0873,-0.5428,100070.0902,-6368215.8158,
169.2500,99676.5129,245.9134,0.0151,0.8966,0.0873,-0.5430,100070.0902,-6368215.8158,
169.5000,99654.5843,246.7608,0.0153,0.8996,0.0873,-0.5431,100070.0902,-6368215.8158,
169.7500,99632.0613,247.6282,0.0155,0.9028,0.0873,-0.5433,100070.0902,-6368215.8159,
170.0000,99608.9438,248.5153,0.0156,0.9060,0.0873,-0.5435,100070.0902,-6368215.8159,
170.2500,99585.2318,249.4220,0.0158,0.9093,0.0873,-0.5437,100070.0902,-6368215.8159,
170.5000,99560.9253,250.3480,0.0160,0.9127,0.0873,-0.5439,100070.0902,-6368215.8160,
170.7500,99536.0243,251.2932,0.0162,0.9161,0.0873,-0.5440,100070.0902,-6368215.8160,
171.0000,99510.5288,252.2572,0.0164,0.9196,0.0873,-0.5442,100070.0902,-6368215.8161,
171.2500,99484.4388,253.2400,0.0166,0.9232,0.0873,-0.5444,100070.0902,-6368215.8161,
171.5000,99457.7543,254.2412,0.0168,0.9268,0.0873,-0.5446,100070.0902,-6368215.8161,
171.7500,99430.4753,255.2606,0.0170,0.9305,0.0873,-0.5447,100070.0902,-6368215.8162,
172.0000,99402.6018,256.2981,0.0172,0.9343,0.0873,-0.5449,100070.0902,-6368215.8162,
172.2500,99374.1337,257.3534,0.0175,0.9381,0.0873,-0.5451,100070.0901,-6368215.8163,
172.5000,99345.0711,258.4264,0.0177,0.9420,0.0873,-0.5452,100070.0901,-6368215.8163,
172.7500,99315.4140,259.5167,0.0180,0.9460,0.0873,-0.5454,100070.0901,-6368215.8164,
173.0000,99285.1624,260.6241,0.0182,0.9500,0.0873,-0.5456,100070.0901,-6368215.8164,
173.2500,99254.3162,261.7486,0.0185,0.9541,0.0873,-0.5457,100070.0901,-6368215.8165,
173.5000,99222.8754,262.8897,0.0187,0.9583,0.0873,-0.5459,100070.0901,-6368215.8165,
173.7500,99190.8401,264.0474,0.0190,0.9625,0.0873,-0.5460,100070.0901,-6368215.8166,
174.0000,99158.2102,265.2214,0.0193,0.9667,0.0873,-0.5462,100070.0900,-6368215.8166,
174.2500,99124.9858,266.4115,0.0196,0.9711,0.0873,-0.5464,100070.0900,-6368215.8167,
174.5000,99091.1668,267.6174,0.0199,0.9755,0.0873,-0.5465,100070.0900,-6368215.8168,
174.7500,99056.7532,268.8390,0.0202,0.9799,0.0873,-0.5467,100070.0900,-6368215.8168,
175.0000,99021.7450,270.0761,0.0205,0.9844,0.0873,-0.5468,100070.0900,-6368215.8169,
175.2500,98986.1422,271.3284,0.0208,0.9890,0.0873,-0.5470,100070.0899,-6368215.8169,
175.5000,98949.9449,272.5957,0.0211,0.9936,0.0873,-0.5471,100070.0899,-6368215.8170,
175.7500,98913.1529,273.8778,0.0215,0.9982,0.0873,-0.5473,100070.0899,-6368215.8171,
176.0000,98875.7663,275.1746,0.0218,1.0030,0.0873,-0.5474,100070.0899,-6368215.8171,
176.2500,98837.7851,276.4858,0.0222,1.0077,0.0873,-0.5476,100070.0898,-6368215.8172,
176.5000,98799.2092,277.8112,0.0225,1.0126,0.0873,-0.5477,100070.0898,-6368215.8173,
176.7500,98760.0388,279.1506,0.0229,1.0174,0.0873,-0.5478,100070.0898,-6368215.8173,
177.0000,98720.2736,280.5038,0.0233,1.0224,0.0873,-0.5480,100070.0897,-6368215.8174,
177.2500,98679.9139,281.8706,0.0237,1.0273,0.0873,-0.5481,100070.0897,-6368215.8175,
177.5000,98638.9595,283.2508,0.0241,1.0324,0.0873,-0.5483,100070.0896,-6368215.8176,
177.7500,98597.4104,284.6443,0.0245,1.0374,0.0873,-0.5484,100070.0896,-6368215.8176,
178.0000,98555.2666,286.0507,0.0249,1.0426,0.0873,-0.5485,100070.0896,-6368215.8177,
178.2500,98512.5282,287.4700,0.0254,1.0477,0.0873,-0.5487,100070.0895,-6368215.8178,
178.5000,98469.1951,288.9020,0.0258,1.0529,0.0873,-0.5488,100070.0895,-6368215.8179,
178.7500,98425.2673,290.3464,0.0263,1.0582,0.0873,-0.5489,100070.0894,-6368215.8180,
179.0000,98380.7447,291.8031,0.0268,1.0635,0.0873,-0.5491,100070.0894,-6368215.8181,
179.2500,98335.6275,293.2719,0.0272,1.0689,0.0873,-0.5492,100070.0893,-6368215.8182,
179.5000,98289.9156,294.7527,0.0277,1.0743,0.0873,-0.5493,100070.0893,-6368215.8183,
179.7500,98243.6089,296.2451,0.0282,1.0797,0.0873,-0.5495,100070.0892,-6368215.8183,
180.0000,98196.7075,297.7491,0.0288,1.0852,0.0873,-0.5496,100070.0891,-6368215.8184,
180.2500,98149.2113,299.2645,0.0293,1.0907,0.0873,-0.5497,100070.0891,-6368215.8185,
180.5000,98101.1204,300.7912,0.0299,1.0963,0.0873,-0.5498,100070.0890,-6368215.8186,
180.7500,98052.4347,302.3289,0.0304,1.1019,0.0873,-0.5500,100070.0889,-6368215.8187,
181.0000,98003.1543,303.8774,0.0310,1.1075,0.0873,-0.5501,100070.0889,-6368215.8188,
181.2500,97953.2791,305.4367,0.0316,1.1132,0.0873,-0.5502,100070.0888,-6368215.8189,
181.5000,97902.8091,307.0066,0.0322,1.1189,0.0873,-0.5503,100070.0887,-6368215.8190,
181.7500,97851.7443,308.5868,0.0328,1.1247,0.0873,-0.5505,100070.0886,-6368215.8191,
182.0000,97800.0846,310.1773,0.0335,1.1305,0.0873,-0.5506,100070.0886,-6368215.8192,
182.2500,97747.8302,311.7779,0.0341,1.1363,0.0873,-0.5507,100070.0885,-6368215.8193,
182.5000,97694.9810,313.3884,0.0348,1.1422,0.0873,-0.5508,100070.0884,-6368215.8194,
182.7500,97641.5369,315.0086,0.0355,1.1481,0.0873,-0.5509,100070.0883,-6368215.8195,
183.0000,97587.4979,316.6385,0.0362,1.1540,0.0873,-0.5510,100070.0882,-6368215.8196,
183.2500,97532.8641,318.2779,0.0370,1.1600,0.0873,-0.5512,100070.0881,-6368215.8197,
183.5000,97477.6354,319.9267,0.0377,1.1660,0.0873,-0.5513,100070.0880,-6368215.8198,
183.7500,97421.8119,321.5846,0.0385,1.1720,0.0873,-0.5514,100070.0879,-6368215.8199,
184.0000,97365.3935,323.2516,0.0393,1.1781,0.0873,-0.5515,100070.0878,-6368215.8201,
184.2500,97308.3801,324.9275,0.0401,1.1842,0.0873,-0.5516,100070.0877,-6368215.8202,
184.5000,97250.7719,326.6122,0.0409,1.1903,0.0873,-0.5517,100070.0876,-6368215.8203,
184.7500,97192.5688,328.3055,0.0418,1.1965,0.0873,-0.5518,100070.0875,-6368215.8204,
185.0000,97133.7707,330.0074,0.0426,1.2027,0.0873,-0.5519,100070.0873,-6368215.8205,
185.2500,97074.3777,331.7176,0.0435,1.2089,0.0873,-0.5520,100070.0872,-6368215.8206,
185.5000,97014.3897,333.4361,0.0445,1.2152,0.0873,-0.5521,100070.0871,-6368215.8207,
185.7500,96953.8068,335.1628,0.0454,1.2215,0.0873,-0.5522,100070.0870,-6368215.8209,
186.0000,96892.6289,336.8974,0.0464,1.2278,0.0873,-0.5523,100070.0868,-6368215.8210,
186.2500,96830.8560,338.6399,0.0474,1.2342,0.0873,-0.5524,100070.0867,-6368215.8211,
186.5000,96768.4881,340.3902,0.0484,1.2406,0.0873,-0.5526,100070.0865,-6368215.8212,
186.7500,96705.5252,342.1482,0.0494,1.2470,0.0873,-0.5527,100070.0864,-6368215.8214,
187.0000,96641.9673,343.9137,0.0505,1.2534,0.0873,-0.5528,100070.0862,-6368215.8215,
187.2500,96577.8144,345.6866,0.0516,1.2599,0.0873,-0.5529,100070.0861,-6368215.8216,
187.5000,96513.0664,347.4668,0.0527,1.2664,0.0873,-0.5530,100070.0859,-6368215.8218,
187.7500,96447.7233,349.2542,0.0539,1.2729,0.0873,-0.5530,100070.0857,-6368215.8219,
188.0000,96381.7852,351.0487,0.0551,1.2794,0.0873,-0.5531,100070.0856,-6368215.8220,
188.2500,96315.2521,352.8502,0.0563,1.2860,0.0873,-0.5532,100070.0854,-6368215.8222,
188.5000,96248.1238,354.6585,0.0576,1.2926,0.0873,-0.5533,100070.0852,-6368215.8223,
188.7500,96180.4004,356.4736,0.0589,1.2992,0.0873,-0.5534,100070.0850,-6368215.8224,
189.0000,96112.0820,358.2954,0.0602,1.3058,0.0873,-0.5535,100070.0848,-6368215.8226,
189.2500,96043.1684,360.1238,0.0616,1.3125,0.0873,-0.5536,100070.0846,-6368215.8227,
189.5000,95973.6596,361.9587,0.0630,1.3192,0.0873,-0.5537,100070.0844,-6368215.8229,
189.7500,95903.5557,363.7999,0.0644,1.3259,0.0873,-0.5538,100070.0842,-6368215.8230,
190.0000,95832.8567,365.6474,0.0659,1.3326,0.0873,-0.5539,100070.0839,-6368215.8232,
190.2500,95761.5624,367.5011,0.0674,1.3394,0.0873,-0.5540,100070.0837,-6368215.8233,
190.5000,95689.6730,369.3609,0.0689,1.3462,0.0873,-0.5541,100070.0835,-6368215.8235,
190.7500,95617.1883,371.2266,0.0705,1.3530,0.0873,-0.5542,100070.0832,-6368215.8236,
191.0000,95544.1085,373.0984,0.0722,1.3598,0.0873,-0.5542,100070.0829,-6368215.8238,
191.2500,95470.4334,374.9759,0.0738,1.3666,0.0873,-0.5543,100070.0827,-6368215.8240,
191.5000,95396.1631,376.8592,0.0756,1.3735,0.0873,-0.5544,100070.0824,-6368215.8241,
191.7500,95321.2975,378.7481,0.0774,1.3804,0.0873,-0.5545,100070.0821,-6368215.8243,
192.0000,95245.8366,380.6427,0.0792,1.3873,0.0873,-0.5546,100070.0818,-6368215.8245,
192.2500,95169.7805,382.5427,0.0811,1.3942,0.0873,-0.5547,100070.0815,-6368215.8246,
192.5000,95093.1290,384.4481,0.0830,1.4012,0.0873,-0.5548,100070.0812,-6368215.8248,
192.7500,95015.8823,386.3589,0.0850,1.4082,0.0873,-0.5548,100070.0809,-6368215.8250,
193.0000,94938.0402,388.2749,0.0870,1.4151,0.0873,-0.5549,100070.0806,-6368215.8252,
193.2500,94859.6028,390.1961,0.0891,1.4221,0.0873,-0.5550,100070.0802,-6368215.8253,
193.5000,94780.5700,392.1224,0.0912,1.4292,0.0873,-0.5551,100070.0799,-6368215.8255,
193.7500,94700.9418,394.0538,0.0934,1.4362,0.0873,-0.5552,100070.0795,-6368215.8257,
194.0000,94620.7183,395.9901,0.0957,1.4433,0.0873,-0.5552,100070.0792,-6368215.8259,
194.2500,94539.8993,397.9313,0.0980,1.4503,0.0873,-0.5553,100070.0788,-6368215.8261,
194.5000,94458.4850,399.8774,0.1004,1.4574,0.0873,-0.5554,100070.0784,-6368215.8263,
194.7500,94376.4752,401.8282,0.1029,1.4646,0.0873,-0.5555,100070.0780,-6368215.8265,
195.0000,94293.8700,403.7836,0.1054,1.4717,0.0873,-0.5555,100070.0775,-6368215.8267,
195.2500,94210.6693,405.7437,0.1080,1.4788,0.0873,-0.5556,100070.0771,-6368215.8269,
195.5000,94126.8731,407.7084,0.1107,1.4860,0.0873,-0.5557,100070.0767,-6368215.8271,
195.7500,94042.4814,409.6775,0.1135,1.4932,0.0873,-0.5558,100070.0762,-6368215.8273,
196.0000,93957.4943,411.6511,0.1163,1.5004,0.0873,-0.5558,100070.0757,-6368215.8276,
196.2500,93871.9116,413.6290,0.1192,1.5076,0.0873,-0.5559,100070.0752,-6368215.8278,
196.5000,93785.7334,415.6112,0.1222,1.5148,0.0873,-0.5560,100070.0747,-6368215.8280,
196.7500,93698.9596,417.5977,0.1253,1.5221,0.0873,-0.5561,100070.0742,-6368215.8282,
197.0000,93611.5902,419.5884,0.1285,1.5293,0.0873,-0.5561,100070.0737,-6368215.8285,
197.2500,93523.6253,421.5832,0.1317,1.5366,0.0873,-0.5562,100070.0731,-6368215.8287,
197.5000,93435.0648,423.5820,0.1351,1.5439,0.0873,-0.5563,100070.0725,-6368215.8290,
197.7500,93345.9086,425.5849,0.1385,1.5512,0.0873,-0.5563,100070.0720,-6368215.8292,
198.0000,93256.1568,427.5917,0.1421,1.5585,0.0873,-0.5564,100070.0713,-6368215.8295,
198.2500,93165.8094,429.6025,0.1457,1.5658,0.0873,-0.5565,100070.0707,-6368215.8297,
198.5000,93074.8663,431.6171,0.1495,1.5732,0.0873,-0.5565,100070.0701,-6368215.8300,
198.7500,92983.3275,433.6355,0.1534,1.5806,0.0873,-0.5566,100070.0694,-6368215.8302,
199.0000,92891.1930,435.6576,0.1574,1.5879,0.0873,-0.5567,100070.0687,-6368215.8305,
199.2500,92798.4628,437.6835,0.1614,1.5953,0.0873,-0.5567,100070.0680,-6368215.8308,
199.5000,92705.1369,439.7130,0.1657,1.6027,0.0873,-0.5568,100070.0673,-6368215.8310,
199.7500,92611.2152,441.7461,0.1700,1.6101,0.0873,-0.5569,100070.0665,-6368215.8313,
200.0000,92516.6977,443.7827,0.1745,1.6176,0.0873,-0.5569,100070.0657,-6368215.8316,
200.2500,92421.5845,445.8229,0.1791,1.6250,0.0873,-0.5570,100070.0649,-6368215.8319,
200.5000,92325.8755,447.8665,0.1838,1.6325,0.0873,-0.5571,100070.0641,-6368215.8322,
200.7500,92229.5706,449.9135,0.1887,1.6399,0.0873,-0.5571,100070.0633,-6368215.8325,
201.0000,92132.6699,451.9639,0.1937,1.6474,0.0873,-0.5572,100070.0624,-6368215.8328,
201.2500,92035.1733,454.0176,0.1989,1.6549,0.0873,-0.5572,100070.0615,-6368215.8331,
201.5000,91937.0809,456.0746,0.2042,1.6624,0.0873,-0.5573,100070.0605,-6368215.8335,
201.7500,91838.3926,458.1348,0.2097,1.6699,0.0873,-0.5574,100070.0596,-6368215.8338,
202.0000,91739.1083,460.1983,0.2153,1.6774,0.0873,-0.5574,100070.0586,-6368215.8341,
202.2500,91639.2282,462.2649,0.2212,1.6850,0.0873,-0.5575,100070.0575,-6368215.8345,
202.5000,91538.7521,464.3346,0.2272,1.6925,0.0873,-0.5575,100070.0565,-6368215.8348,
202.7500,91437.6800,466.4073,0.2333,1.7001,0.0873,-0.5576,100070.0554,-6368215.8352,
203.0000,91336.0119,468.4831,0.2397,1.7076,0.0873,-0.5577,100070.0543,-6368215.8355,
203.2500,91233.7479,470.5619,0.2463,1.7152,0.0873,-0.5577,100070.0531,-6368215.8359,
203.5000,91130.8878,472.6437,0.2530,1.7228,0.0873,-0.5578,100070.0519,-6368215.8363,
203.7500,91027.4317,474.7284,0.2600,1.7304,0.0873,-0.5578,100070.0506,-6368215.8367,
204.0000,90923.3795,476.8159,0.2672,1.7380,0.0873,-0.5579,100070.0494,-6368215.8371,
204.2500,90818.7313,478.9064,0.2746,1.7457,0.0873,-0.5579,100070.0480,-6368215.8375,
204.5000,90713.4869,480.9996,0.2822,1.7533,0.0873,-0.5580,100070.0467,-6368215.8379,
204.7500,90607.6465,483.0956,0.2900,1.7609,0.0873,-0.5580,100070.0453,-6368215.8383,
205.0000,90501.2099,485.1943,0.2981,1.7686,0.0873,-0.5581,100070.0438,-6368215.8387,
205.2500,90394.1771,487.2958,0.3065,1.7763,0.0873,-0.5581,100070.0423,-6368215.8391,
205.5000,90286.5482,489.3999,0.3151,1.7839,0.0873,-0.5582,100070.0408,-6368215.8396,
205.7500,90178.3231,491.5067,0.3240,1.7916,0.0873,-0.5583,100070.0392,-6368215.8400,
206.0000,90069.5017,493.6161,0.3332,1.7993,0.0873,-0.5583,100070.0375,-6368215.8405,
206.2500,89960.0842,495.7280,0.3426,1.8070,0.0873,-0.5584,100070.0358,-6368215.8410,
206.5000,89850.0704,497.8425,0.3523,1.8147,0.0873,-0.5584,100070.0341,-6368215.8415,
206.7500,89739.4603,499.9595,0.3624,1.8224,0.0873,-0.5585,100070.0323,-6368215.8419,
207.0000,89628.2539,502.0790,0.3728,1.8302,0.0873,-0.5585,100070.0304,-6368215.8424,
207.2500,89516.4512,504.2010,0.3835,1.8379,0.0873,-0.5586,100070.0285,-6368215.8430,
207.5000,89404.0522,506.3254,0.3945,1.8457,0.0873,-0.5586,100070.0265,-6368215.8435,
207.7500,89291.0568,508.4522,0.4059,1.8534,0.0873,-0.5587,100070.0244,-6368215.8440,
208.0000,89177.4650,510.5813,0.4176,1.8612,0.0873,-0.5587,100070.0223,-6368215.8446,
208.2500,89063.2769,512.7128,0.4297,1.8690,0.0873,-0.5587,100070.0201,-6368215.8451,
208.5000,88948.4923,514.8466,0.4422,1.8767,0.0873,-0.5588,100070.0178,-6368215.8457,
208.7500,88833.1113,516.9827,0.4552,1.8845,0.0873,-0.5588,100070.0155,-6368215.8463,
209.0000,88717.1339,519.1211,0.4685,1.8923,0.0873,-0.5589,100070.0131,-6368215.8469,
209.2500,88600.5599,521.2617,0.4822,1.9001,0.0873,-0.5589,100070.0106,-6368215.8475,
209.5000,88483.3895,523.4045,0.4964,1.9080,0.0873,-0.5590,100070.0080,-6368215.8481,
209.7500,88365.6225,525.5494,0.5111,1.9158,0.0873,-0.5590,100070.0053,-6368215.8487,
210.0000,88247.2590,527.6966,0.5262,1.9236,0.0873,-0.5591,100070.0026,-6368215.8494,
210.2500,88128.2990,529.8458,0.5419,1.9315,0.0873,-0.5591,100069.9997,-6368215.8501,
210.5000,88008.7423,531.9972,0.5580,1.9393,0.0873,-0.5592,100069.9968,-6368215.8507,
210.7500,87888.5890,534.1507,0.5747,1.9472,0.0873,-0.5592,100069.9938,-6368215.8514,
211.0000,87767.8392,536.3062,0.5919,1.9550,0.0873,-0.5593,100069.9906,-6368215.8522,
211.2500,87646.4926,538.4638,0.6097,1.9629,0.0873,-0.5593,100069.9874,-6368215.8529,
211.5000,87524.5494,540.6233,0.6280,1.9708,0.0873,-0.5593,100069.9840,-6368215.8536,
211.7500,87402.0095,542.7849,0.6470,1.9787,0.0873,-0.5594,100069.9806,-6368215.8544,
212.0000,87278.8729,544.9484,0.6666,1.9865,0.0873,-0.5594,100069.9770,-6368215.8552,
212.2500,87155.1395,547.1139,0.6869,1.9944,0.0873,-0.5595,100069.9733,-6368215.8560,
212.5000,87030.8094,549.2813,0.7078,2.0024,0.0873,-0.5595,100069.9695,-6368215.8568,
212.7500,86905.8825,551.4506,0.7294,2.0103,0.0873,-0.5595,100069.9655,-6368215.8576,
213.0000,86780.3587,553.6218,0.7518,2.0182,0.0873,-0.5596,100069.9615,-6368215.8585,
213.2500,86654.2382,555.7949,0.7749,2.0261,0.0873,-0.5596,100069.9572,-6368215.8594,
213.5000,86527.5208,557.9698,0.7988,2.0340,0.0873,-0.5597,100069.9529,-6368215.8603,
213.7500,86400.2065,560.1465,0.8235,2.0420,0.0873,-0.5597,100069.9484,-6368215.8612,
214.0000,86272.2954,562.3250,0.8490,2.0499,0.0873,-0.5597,100069.9437,-6368215.8621,
214.2500,86143.7873,564.5053,0.8754,2.0579,0.0873,-0.5598,100069.9389,-6368215.8631,
214.5000,86014.6822,566.6874,0.9026,2.0658,0.0873,-0.5598,100069.9339,-6368215.8641,
214.7500,85884.9802,568.8712,0.9308,2.0738,0.0873,-0.5599,100069.9287,-6368215.8651,
215.0000,85754.6812,571.0568,0.9600,2.0818,0.0873,-0.5599,100069.9234,-6368215.8662,
215.2500,85623.7852,573.2440,0.9902,2.0898,0.0873,-0.5599,100069.9179,-6368215.8672,
215.5000,85492.2922,575.4330,1.0214,2.0977,0.0873,-0.5600,100069.9122,-6368215.8683,
215.7500,85360.2021,577.6236,1.0537,2.1057,0.0873,-0.5600,100069.9063,-6368215.8694,
216.0000,85227.5149,579.8159,1.0871,2.1137,0.0873,-0.5600,100069.9001,-6368215.8706,
216.2500,85094.2306,582.0098,1.1216,2.1217,0.0873,-0.5601,100069.8938,-6368215.8718,
216.5000,84960.3492,584.2053,1.1574,2.1297,0.0873,-0.5601,100069.8873,-6368215.8730,
216.7500,84825.8706,586.4025,1.1943,2.1378,0.0873,-0.5602,100069.8805,-6368215.8742,
217.0000,84690.7948,588.6012,1.3061,2.1443,0.0873,-0.5602,100069.8731,-6368215.8756,
217.2500,84555.1218,590.8015,1.3459,2.1507,0.0873,-0.5602,100069.8654,-6368215.8769,
217.5000,84418.8516,593.0033,1.3870,2.1572,0.0873,-0.5603,100069.8575,-6368215.8784,
217.7500,84281.9842,595.2067,1.4294,2.1636,0.0873,-0.5603,100069.8493,-6368215.8798,
218.0000,84144.5195,597.4117,1.4732,2.1701,0.0873,-0.5603,100069.8408,-6368215.8813,
218.2500,84006.4575,599.6181,1.5184,2.1765,0.0873,-0.5604,100069.8320,-6368215.8828,
218.5000,83867.7981,601.8260,1.5650,2.1829,0.0873,-0.5604,100069.8230,-6368215.8844,
218.7500,83728.5414,604.0354,1.6132,2.1893,0.0873,-0.5604,100069.8136,-6368215.8860,
219.0000,83588.6874,606.2463,1.6629,2.1957,0.0873,-0.5605,100069.8039,-6368215.8876,
219.2500,83448.2359,608.4586,1.7142,2.2021,0.0873,-0.5605,100069.7939,-6368215.8893,
219.5000,83307.1870,610.6723,1.7672,2.2085,0.0873,-0.5605,100069.7835,-6368215.8910,
219.7500,83165.5407,612.8875,1.8219,2.2148,0.0873,-0.5606,100069.7728,-6368215.8928,
220.0000,83023.2969,615.1041,1.8783,2.2212,0.0873,-0.5606,100069.7617,-6368215.8946,
220.2500,82880.4556,617.3221,1.9366,2.2275,0.0873,-0.5606,100069.7502,-6368215.8965,
220.5000,82737.0168,619.5414,1.9968,2.2339,0.0873,-0.5607,100069.7384,-6368215.8984,
220.7500,82592.9805,621.7621,2.0590,2.2402,0.0873,-0.5607,100069.7261,-6368215.9004,
221.0000,82448.3465,623.9842,2.1232,2.2465,0.0873,-0.5607,100069.7134,-6368215.9024,
221.2500,82303.1150,626.2076,2.1895,2.2528,0.0873,-0.5607,100069.7003,-6368215.9044,
221.5000,82157.2858,628.4324,2.2579,2.2591,0.0873,-0.5608,100069.6867,-6368215.9065,
221.7500,82010.8590,630.6584,2.3286,2.2654,0.0873,-0.5608,100069.6727,-6368215.9087,
222.0000,81863.8346,632.8858,2.4016,2.2717,0.0873,-0.5608,100069.6582,-6368215.9109,
222.2500,81716.2124,635.1144,2.4770,2.2779,0.0873,-0.5609,100069.6432,-6368215.9132,
222.5000,81567.9925,637.3444,2.5549,2.2842,0.0873,-0.5609,100069.6277,-6368215.9156,
222.7500,81419.1748,639.5756,2.6353,2.2904,0.0873,-0.5609,100069.6116,-6368215.9180,
223.0000,81269.7594,641.8080,2.7183,2.2967,0.0873,-0.5610,100069.5950,-6368215.9204,
223.2500,81119.7462,644.0417,2.8041,2.3029,0.0873,-0.5610,100069.5778,-6368215.9230,
223.5000,80969.1351,646.2766,2.8928,2.3091,0.0873,-0.5610,100069.5600,-6368215.9256,
223.7500,80817.9262,648.5128,2.9843,2.3153,0.0873,-0.5610,100069.5416,-6368215.9282,
224.0000,80666.1195,650.7501,3.0789,2.3215,0.0873,-0.5611,100069.5226,-6368215.9310,
224.2500,80513.7148,652.9887,3.1766,2.3276,0.0873,-0.5611,100069.5029,-6368215.9338,
224.5000,80360.7121,655.2284,3.2775,2.3338,0.0873,-0.5611,100069.4825,-6368215.9367,
224.7500,80207.1116,657.4693,3.3818,2.3400,0.0873,-0.5611,100069.4614,-6368215.9396,
225.0000,80052.9130,659.7114,3.4895,2.3461,0.0873,-0.5612,100069.4396,-6368215.9427,
225.2500,79898.1165,661.9546,3.6008,2.3522,0.0873,-0.5612,100069.4171,-6368215.9458,
225.5000,79742.7219,664.1989,3.7158,2.3584,0.0873,-0.5612,100069.3937,-6368215.9490,
225.7500,79586.7292,666.4444,3.8346,2.3645,0.0873,-0.5613,100069.3695,-6368215.9523,
226.0000,79430.1385,668.6911,3.9573,2.3706,0.0873,-0.5613,100069.3445,-6368215.9557,
226.2500,79272.9496,670.9388,4.0842,2.3766,0.0873,-0.5613,100069.3186,-6368215.9591,
226.5000,79115.1626,673.1876,4.2153,2.3827,0.0873,-0.5613,100069.2919,-6368215.9627,
226.7500,78956.7774,675.4376,4.3507,2.3888,0.0873,-0.5614,100069.2641,-6368215.9663,
227.0000,78797.7941,677.6886,4.4907,2.3948,0.0873,-0.5614,100069.2354,-6368215.9701,
227.2500,78638.2125,679.9406,4.6353,2.4009,0.0873,-0.5614,100069.2058,-6368215.9740,
227.5000,78478.0327,682.1938,4.7848,2.4069,0.0873,-0.5614,100069.1750,-6368215.9779,
227.7500,78317.2546,684.4480,4.9393,2.4129,0.0873,-0.5615,100069.1432,-6368215.9820,
228.0000,78155.8783,686.7032,5.0990,2.4189,0.0873,-0.5615,100069.1103,-6368215.9862,
228.2500,77993.9036,688.9595,5.2640,2.4249,0.0873,-0.5615,100069.0762,-6368215.9905,
228.5000,77831.3305,691.2168,5.4345,2.4309,0.0873,-0.5615,100069.0409,-6368215.9949,
228.7500,77668.1591,693.4752,5.6108,2.4369,0.0873,-0.5615,100069.0044,-6368215.9995,
229.0000,77504.3893,695.7345,5.7931,2.4428,0.0873,-0.5616,100068.9666,-6368216.0041,
229.2500,77340.0210,697.9948,5.9814,2.4488,0.0873,-0.5616,100068.9274,-6368216.0089,
229.5000,77175.0543,700.2561,6.1761,2.4547,0.0873,-0.5616,100068.8869,-6368216.0139,
229.7500,77009.4891,702.5184,6.3774,2.4606,0.0873,-0.5616,100068.8450,-6368216.0189,
230.0000,76843.3255,704.7817,6.5854,2.4665,0.0873,-0.5617,100068.8015,-6368216.0242,
230.2500,76676.5632,707.0460,6.8005,2.4724,0.0873,-0.5617,100068.7566,-6368216.0295,
230.5000,76509.2025,709.3112,7.0229,2.4783,0.0873,-0.5617,100068.7100,-6368216.0350,
230.7500,76341.2431,711.5773,7.2527,2.4842,0.0873,-0.5617,100068.6618,-6368216.0407,
231.0000,76172.6852,713.8444,7.4904,2.4901,0.0873,-0.5617,100068.6119,-6368216.0465,
231.2500,76003.5286,716.1124,7.7361,2.4959,0.0873,-0.5618,100068.5602,-6368216.0525,
231.5000,75833.7733,718.3813,7.9901,2.5018,0.0873,-0.5618,100068.5067,-6368216.0586,
231.7500,75663.4194,720.6512,8.2528,2.5076,0.0873,-0.5618,100068.4513,-6368216.0650,
232.0000,75492.4667,722.9220,8.5244,2.5134,0.0873,-0.5618,100068.3939,-6368216.0715,
232.2500,75320.9153,725.1936,8.8052,2.5192,0.0873,-0.5619,100068.3345,-6368216.0782,
232.5000,75148.7652,727.4662,9.0956,2.5250,0.0873,-0.5619,100068.2730,-6368216.0850,
232.7500,74976.0162,729.7396,9.3958,2.5308,0.0873,-0.5619,100068.2092,-6368216.0921,
233.0000,74802.6685,732.0139,9.7063,2.5365,0.0873,-0.5619,100068.1432,-6368216.0994,
233.2500,74628.7219,734.2891,10.0274,2.5423,0.0873,-0.5619,100068.0749,-6368216.1069,
233.5000,74454.1765,736.5652,10.3594,2.5480,0.0873,-0.5620,100068.0041,-6368216.1146,
233.7500,74279.0321,738.8421,10.7028,2.5538,0.0873,-0.5620,100067.9308,-6368216.1225,
234.0000,74103.2889,741.1198,11.0579,2.5595,0.0873,-0.5620,100067.8548,-6368216.1306,
234.2500,73926.9467,743.3984,11.4252,2.5652,0.0873,-0.5620,100067.7761,-6368216.1390,
234.5000,73750.0056,745.6778,11.8050,2.5709,0.0873,-0.5620,100067.6947,-6368216.1476,
234.7500,73572.4654,747.9580,12.1978,2.5766,0.0873,-0.5621,100067.6103,-6368216.1565,
235.0000,73394.3263,750.2391,12.6041,2.5822,0.0873,-0.5621,100067.5228,-6368216.1656,
235.2500,73215.5881,752.5209,13.0244,2.5879,0.0873,-0.5621,100067.4323,-6368216.1750,
235.5000,73036.2509,754.8036,13.4590,2.5935,0.0873,-0.5621,100067.3384,-6368216.1847,
235.7500,72856.3146,757.0871,13.9087,2.5992,0.0873,-0.5621,100067.2413,-6368216.1946,
236.0000,72675.7792,759.3713,14.3737,2.6048,0.0873,-0.5621,100067.1406,-6368216.2049,
236.2500,72494.6447,761.6563,14.8548,2.6104,0.0873,-0.5622,100067.0363,-6368216.2154,
236.5000,72312.9110,763.9421,15.3524,2.6160,0.0873,-0.5622,100066.9282,-6368216.2262,
236.7500,72130.5782,766.2287,15.8672,2.6216,0.0873,-0.5622,100066.8163,-6368216.2374,
237.0000,71947.6461,768.5160,16.3997,2.6271,0.0873,-0.5622,100066.7003,-6368216.2489,
237.2500,71764.1149,770.8040,16.9505,2.6327,0.0873,-0.5622,100066.5801,-6368216.2607,
237.5000,71579.9844,773.0928,17.5204,2.6382,0.0873,-0.5623,100066.4556,-6368216.2728,
237.7500,71395.2547,775.3824,18.1100,2.6438,0.0873,-0.5623,100066.3265,-6368216.2854,
238.0000,71209.9256,777.6727,18.7200,2.6493,0.0873,-0.5623,100066.1929,-6368216.2983,
238.2500,71023.9973,779.9637,19.3510,2.6548,0.0873,-0.5623,100066.0543,-6368216.3115,
238.5000,70837.4697,782.2553,21.1736,2.6597,0.0873,-0.5623,100065.9054,-6368216.3257,
238.7500,70650.3428,784.5476,21.8694,2.6642,0.0873,-0.5623,100065.7480,-6368216.3406,
239.0000,70462.3490,793.2214,22.8812,2.6860,0.0873,-0.5561,100327.3512,-6368056.9898,
239.2500,70272.4805,801.9436,24.0235,2.7124,0.0873,-0.5201,100655.9084,-6367844.1787,
239.5000,70081.0482,810.3914,25.2059,2.7379,0.0873,-0.4599,100958.2764,-6367618.9675,
239.7500,69888.1813,818.3764,26.4171,2.7618,0.0873,-0.3757,101215.8456,-6367379.1277,
240.0000,69694.0666,825.6864,27.6419,2.7836,0.0873,-0.2676,101408.5137,-6367123.4344,
240.2500,69498.9517,832.0827,28.8611,2.8024,0.0873,-0.1359,101515.0828,-6366852.3828,
240.5000,69303.1457,837.3030,30.0509,2.8173,0.0873,0.0194,101514.3579,-6366569.0281,
240.7500,69107.0157,841.0737,31.1831,2.8275,0.0873,0.1980,101387.1057,-6366279.8741,
241.0000,68910.9492,843.7474,32.2485,2.8331,-0.0873,0.3963,101140.5129,-6365992.4750,
241.2500,68715.1176,845.5657,33.3061,2.8369,-0.0707,0.5802,100847.3222,-6365703.1190,
241.5000,68519.8711,845.7261,34.2565,2.8351,-0.0467,0.7434,100423.7540,-6365432.8468,
241.7500,68325.5492,844.5378,35.1021,2.8282,-0.0873,0.8885,99894.6098,-6365190.3667,
242.0000,68132.4176,842.0707,35.8653,2.8176,-0.0112,1.0175,99294.9974,-6364975.3527,
242.2500,67940.6786,838.7457,36.5363,2.8033,-0.0862,1.1322,98632.8087,-6364796.6666,
242.5000,67750.4839,834.4518,37.1440,2.7867,0.0204,1.2344,97937.2849,-6364645.9155,
242.7500,67561.9428,829.6408,37.6732,2.7673,-0.0873,1.3253,97210.4981,-6364533.9102,
243.0000,67375.1314,824.1689,38.1572,2.7465,0.0074,1.4062,96473.8399,-6364444.3396,
243.2500,67190.1016,818.3523,38.5778,2.7239,-0.0873,1.4780,95726.6503,-6364389.7865,
243.5000,67006.8850,812.0462,38.9627,2.7006,0.0585,1.5421,94980.5617,-6364352.8396,
243.7500,66825.4993,805.5769,39.2918,2.6758,-0.0873,1.5992,94236.4278,-6364349.7235,
244.0000,66645.9515,798.7714,39.5938,2.6508,0.0180,1.6499,93498.6650,-6364357.2046,
244.2500,66468.2424,791.8351,39.8501,2.6248,-0.0873,1.6949,92769.4966,-6364392.0112,
244.5000,66292.3654,784.6647,40.0823,2.5986,0.0449,1.7351,92048.3221,-6364433.8942,
244.7500,66118.3119,777.4394,40.2751,2.5718,-0.0763,1.7706,91339.7250,-6364498.8716,
245.0000,65946.0711,770.0211,40.4448,2.5449,0.0873,1.8023,90638.6356,-6364567.7912,
245.2500,65775.6303,762.5871,40.5779,2.5176,-0.0873,1.8306,89953.9355,-6364659.3758,
245.5000,65606.9786,755.0150,40.6915,2.4903,0.0476,1.8555,89273.7441,-6364748.0465,
245.7500,65440.1033,747.4288,40.7722,2.4627,-0.0873,1.8774,88609.4872,-6364854.6516,
246.0000,65274.9923,739.7324,40.8325,2.4351,0.0873,1.8970,87949.4154,-6364957.9564,
246.2500,65111.6345,732.0344,40.8615,2.4073,-0.0873,1.9145,87307.3928,-6365079.2287,
246.5000,64950.0215,724.2508,40.8704,2.3796,0.0669,1.9298,86666.6418,-6365193.4862,
246.7500,64790.1441,716.4646,40.8500,2.3517,-0.0873,1.9433,86042.1471,-6365321.7627,
247.0000,64631.9943,708.6083,40.8088,2.3239,0.0850,1.9552,85419.4923,-6365443.7880,
247.2500,64475.5660,700.7495,40.7396,2.2959,-0.0873,1.9658,84813.4930,-6365578.8675,
247.5000,64320.8535,692.8335,40.6491,2.2681,0.0697,1.9750,84207.0458,-6365705.3816,
247.7500,64167.8532,684.9123,40.5316,2.2401,-0.0873,1.9830,83616.5534,-6365843.2623,
248.0000,64016.5608,676.9437,40.3924,2.2121,0.0861,1.9901,83025.1307,-6365972.2194,
248.2500,63866.9744,668.9663,40.2270,2.1841,-0.0873,1.9962,82450.0326,-6366112.1107,
248.5000,63719.0922,660.9482,40.0395,2.1562,0.0763,2.0015,81872.9778,-6366242.1817,
248.7500,63572.9140,652.9194,39.8265,2.1282,-0.0873,2.0060,81311.3823,-6366381.7823,
249.0000,63428.4392,644.8558,39.5911,2.1002,0.0873,2.0099,80747.5818,-6366511.4083,
249.2500,63285.6690,636.7774,39.3310,2.0722,-0.0873,2.0132,80199.4683,-6366650.2615,
249.5000,63144.6046,628.6681,39.0484,2.0442,0.0802,2.0159,79648.5649,-6366778.6693,
249.7500,63005.2485,620.5425,38.7416,2.0162,-0.0873,2.0181,79112.6360,-6366915.2748,
250.0000,62867.6029,612.3895,38.4124,1.9881,0.0873,2.0199,78573.9234,-6367041.4753,
250.2500,62731.6710,604.2172,38.0599,1.9601,-0.0873,2.0214,78050.3364,-6367175.6458,
250.5000,62597.4566,596.0196,37.6850,1.9321,0.0840,2.0224,77523.6077,-6367299.1295,
250.7500,62464.9637,587.8010,37.2874,1.9040,-0.0873,2.0231,77011.4373,-6367429.8070,
251.0000,62334.1967,579.5600,36.8680,1.8760,0.0858,2.0236,76496.5741,-6367550.1774,
251.2500,62205.1604,571.2957,36.4268,1.8479,-0.0873,2.0237,75996.0596,-6367677.2983,
251.5000,62077.8601,563.0098,35.9641,1.8199,0.0841,2.0237,75492.7227,-6367794.0077,
251.7500,61952.3014,554.6998,35.4806,1.7918,-0.0873,2.0234,75003.5157,-6367917.0458,
252.0000,61828.4898,546.3699,34.9763,1.7637,0.0873,2.0229,74511.6687,-6368029.8143,
252.2500,61706.4315,538.0139,34.4523,1.7356,-0.0873,2.0222,74033.9486,-6368148.6837,
252.5000,61586.1328,529.6387,33.9082,1.7074,0.0850,2.0214,73553.6995,-6368257.3614,
252.7500,61467.6002,521.2368,33.3456,1.6793,-0.0873,2.0204,73087.2228,-6368371.6488,
253.0000,61350.8406,512.8167,32.7639,1.6511,0.0873,2.0193,72618.5664,-6368476.0064,
253.2500,61235.8607,504.3684,32.1651,1.6230,-0.0873,2.0180,72163.6251,-6368585.7295,
253.5000,61122.6679,495.9027,31.5482,1.5948,0.0868,2.0166,71706.7268,-6368685.6800,
253.7500,61011.2693,487.4079,30.9156,1.5666,-0.0873,2.0151,71263.3342,-6368790.6415,
254.0000,60901.6727,478.8961,30.2662,1.5383,0.0867,2.0135,70818.3003,-6368886.0567,
254.2500,60793.8854,470.3544,29.6027,1.5101,-0.0873,2.0118,70386.6097,-6368986.1716,
254.5000,60687.9155,461.7962,28.9238,1.4818,0.0858,2.0100,69953.6715,-6369077.0239,
254.7500,60583.7708,453.2074,28.2324,1.4535,-0.0873,2.0081,69533.8483,-6369172.2187,
255.0000,60481.4594,444.6027,27.5273,1.4252,0.0873,2.0062,69113.1626,-6369258.4245,
255.2500,60380.9895,435.9662,26.8113,1.3968,-0.0873,2.0041,68705.5108,-6369348.7327,
255.5000,60282.3696,427.3145,26.0834,1.3684,0.0873,2.0020,68297.3417,-6369430.2924,
255.7500,60185.6080,418.6302,25.3466,1.3400,-0.0873,1.9998,67902.0512,-6369515.6597,
256.0000,60090.7135,409.9308,24.5996,1.3116,0.0861,1.9975,67506.6561,-6369592.5684,
256.2500,59997.6947,401.1984,23.8456,1.2831,-0.0873,1.9951,67123.9311,-6369672.9512,
256.5000,59906.5604,392.4514,23.0836,1.2546,0.0873,1.9927,66741.5728,-6369745.2078,
256.7500,59817.3197,383.6705,22.3166,1.2261,-0.0873,1.9901,66371.7938,-6369820.6950,
257.0000,59729.9816,374.8751,21.5436,1.1975,0.0861,1.9876,66002.7621,-6369888.3180,
257.2500,59644.5553,366.0453,20.7679,1.1689,-0.0873,1.9849,65646.1244,-6369958.8575,
257.5000,59561.0501,357.2018,19.9883,1.1402,0.0873,1.9822,65290.7382,-6370021.8860,
257.7500,59479.4755,348.3227,19.2082,1.1115,-0.0873,1.9793,64947.6397,-6370087.5762,
258.0000,59399.8408,339.4303,18.4266,1.0828,0.0867,1.9765,64606.2044,-6370146.0379,
258.2500,59322.1559,330.5018,17.6468,1.0540,-0.0873,1.9735,64276.9381,-6370206.8970,
258.5000,59246.4306,321.5603,16.8678,1.0252,0.0858,1.9705,63949.8108,-6370260.8535,
258.7500,59172.6745,312.5826,16.0931,0.9964,-0.0873,1.9673,63634.7060,-6370316.9143,
259.0000,59100.8977,303.5926,15.3215,0.9675,0.0873,1.9641,63322.2356,-6370366.4113,
259.2500,59031.1102,294.5653,14.5567,0.9386,-0.0873,1.9608,63021.7249,-6370417.7910,
259.5000,58963.3222,285.5261,13.7975,0.9096,0.0859,1.9574,62724.3052,-6370462.9221,
259.7500,58897.5441,276.4488,13.0474,0.8806,-0.0873,1.9539,62438.6644,-6370509.6278,
260.0000,58833.7864,267.3606,12.3055,0.8515,0.0864,1.9503,62156.6817,-6370550.4782,
260.2500,58772.0597,258.2332,11.5752,0.8224,-0.0873,1.9466,61886.3774,-6370592.6531,
260.5000,58712.3747,249.0954,10.8554,0.7932,0.0869,1.9427,61620.1828,-6370629.2819,
260.7500,58654.7424,239.9173,10.1499,0.7640,-0.0873,1.9388,61365.6075,-6370667.0160,
261.0000,58599.1740,230.7291,9.4572,0.7347,0.0846,1.9347,61115.6492,-6370699.5541,
261.2500,58545.6808,221.5003,8.7812,0.7054,-0.0873,1.9304,60877.1824,-6370732.9270,
261.5000,58494.2740,212.2627,8.1206,0.6760,0.0869,1.9260,60643.8764,-6370761.4747,
261.7500,58444.9656,202.9825,7.4792,0.6466,-0.0873,1.9215,60422.0205,-6370790.6470,
262.0000,58397.7672,193.6944,6.8555,0.6170,0.0834,1.9167,60205.8534,-6370815.3528,
262.2500,58352.6909,184.3641,6.2533,0.5875,-0.0873,1.9118,60001.0308,-6370840.4298,
262.5000,58309.7488,175.0265,5.6712,0.5579,0.0830,1.9066,59802.4640,-6370861.4254,
262.7500,58268.9536,165.6455,5.1129,0.5283,-0.0873,1.9012,59615.1841,-6370882.5742,
263.0000,58230.3177,156.2596,4.5771,0.4985,0.0842,1.8956,59434.7202,-6370900.0219,
263.2500,58193.8543,146.8274,4.0671,0.4688,-0.0873,1.8896,59265.4806,-6370917.4056,
263.5000,58159.5764,137.3946,3.5819,0.4389,0.0827,1.8833,59103.6985,-6370931.5201,
263.7500,58127.4977,127.9136,3.1246,0.4090,-0.0873,1.8767,58953.0771,-6370945.3582,
264.0000,58097.6319,118.4361,2.6941,0.3790,0.0870,1.8696,58810.4674,-6370956.3044,
264.2500,58069.9934,108.9072,2.2935,0.3491,-0.0873,1.8620,58679.0881,-6370966.8521,
264.5000,58044.5966,99.3866,1.9214,0.3189,0.0873,1.8539,58556.2467,-6370974.8725,
264.7500,58021.4570,89.8127,1.5812,0.2889,-0.0873,1.8450,58444.6909,-6370982.3727,
265.0000,58000.5897,80.2550,1.2712,0.2586,0.0873,1.8353,58342.2848,-6370987.7671,
265.2500,57982.0117,70.6417,0.9945,0.2285,-0.0873,1.8246,58251.2250,-6370992.5390,
265.5000,57965.7393,61.0568,0.7498,0.1982,0.0849,1.8127,58169.9537,-6370995.6502,
265.7500,57951.7914,51.4163,0.5397,0.1680,-0.0873,1.7989,58100.1261,-6370998.0859,
266.0000,57940.1868,41.8163,0.3628,0.1376,0.0523,1.7831,58040.7757,-6370999.3441,
266.2500,57930.9479,32.1753,0.2213,0.1074,-0.0873,1.7634,57992.9309,-6370999.9505,
266.5000,57924.0974,22.6176,0.1146,0.0773,-0.0609,1.7386,57956.4535,-6370999.9352,
266.7500,57919.6631,13.2115,0.0434,0.0475,-0.0873,1.7047,57931.7579,-6370999.5711,
267.0000,57917.6813,4.5093,0.0068,0.0189,-0.0873,1.6476,57919.1572,-6370999.4118,
267.2500,57918.1700,8.0441,0.0075,0.0198,0.0873,1.5708,57919.1248,-6370999.2072,
267.5000,57921.1296,17.5374,0.0463,0.0491,0.0873,1.5219,57931.7198,-6370998.7619,
267.7500,57926.5778,27.3371,0.1224,0.0798,0.0873,1.5057,57957.1433,-6370998.4981,
268.0000,57934.5257,37.2730,0.2365,0.1110,0.0873,1.5220,57995.5125,-6370998.2562,
268.2500,57944.9798,47.3157,0.3895,0.1426,0.0873,1.5705,58046.8661,-6370997.7817,
268.5000,57957.9368,57.4309,0.5817,0.1744,0.0873,1.6508,58110.9798,-6370996.6759,
268.7500,57973.3697,67.5520,0.8123,0.2063,0.0873,1.7628,58186.9391,-6370994.1879,
269.0000,57991.2038,77.5653,1.0782,0.2379,0.0873,1.9062,58272.5061,-6370988.8809,
269.2500,58011.2860,87.2992,1.3728,0.2688,0.0873,2.0806,58363.3895,-6370978.2621,
269.5000,58033.3491,96.5157,1.6851,0.2983,0.0873,2.2858,58452.6556,-6370958.5750,
269.7500,58056.9762,104.9071,1.9987,0.3253,0.0873,2.5215,58530.6796,-6370925.0799,
270.0000,58081.5748,112.0976,2.2910,0.3489,0.0873,2.7875,58586.1451,-6370873.2160,
270.2500,58106.4584,118.5592,2.5586,0.3693,-0.0873,3.0730,58615.9499,-6370801.6579,
270.5000,58131.0652,123.6628,2.8013,0.3871,0.0040,3.3395,58620.6012,-6370711.5938,
270.7500,58154.5540,127.3198,2.9659,0.3989,-0.0873,3.5867,58589.2480,-6370608.0254,
271.0000,58176.1483,129.5038,3.0732,0.4067,-0.0855,3.8174,58534.9619,-6370499.2991,
271.2500,58195.1890,130.2307,3.1108,0.4097,-0.0873,4.0349,58465.5267,-6370397.5970,
271.5000,58211.1681,130.1516,3.1094,0.4101,-0.0873,4.2388,58394.5505,-6370308.5891,
271.7500,58223.6937,128.9854,3.0635,0.4074,-0.0265,4.4326,58330.1686,-6370242.5206,
272.0000,58232.5143,127.1449,2.9840,0.4023,0.0158,4.6174,58280.0682,-6370204.3250,
272.2500,58237.5056,124.9791,2.8734,0.3949,-0.0873,4.7943,58249.0184,-6370198.2317,
272.5000,58238.6522,122.0284,2.7620,0.3873,0.0873,4.9649,58238.7279,-6370217.4135,
272.7500,58236.0050,120.0761,2.6567,0.3798,-0.0873,5.1178,58248.6992,-6370259.3027,
273.0000,58229.6411,118.3295,2.5785,0.3740,-0.0873,5.2347,58277.3664,-6370316.2567,
273.2500,58219.6927,117.2759,2.5281,0.3701,-0.0873,5.3158,58322.4475,-6370385.6506,
273.5000,58206.2735,117.3945,2.5255,0.3696,-0.0873,5.3615,58382.4111,-6370460.2154,
273.7500,58189.4528,119.1369,2.5906,0.3739,-0.0873,5.3722,58457.0542,-6370534.0742,
274.0000,58169.2412,122.8901,2.7444,0.3843,-0.0873,5.3482,58547.6542,-6370602.7218,
274.2500,58145.5876,128.9279,3.0090,0.4018,-0.0873,5.2897,58656.8131,-6370662.8230,
274.5000,58118.3861,137.3672,3.4073,0.4268,-0.0873,5.1971,58788.0166,-6370711.9556,
274.7500,58087.4945,148.1428,3.9609,0.4593,-0.0873,5.0708,58944.8366,-6370748.3208,
275.0000,58052.7639,161.0026,4.6869,0.4985,-0.0873,4.9110,59129.6424,-6370770.3730,
275.2500,58014.0819,175.5125,5.5930,0.5432,-0.0873,4.7180,59341.7079,-6370776.2960,
275.5000,57971.4285,191.0638,6.6702,0.5915,-0.0873,4.4923,59574.7868,-6370763.3394,
275.7500,57924.9407,206.8793,7.8856,0.6412,-0.0873,4.2340,59814.6261,-6370727.2581,
276.0000,57874.9776,222.0257,9.1748,0.6893,-0.0873,3.9435,60037.4940,-6370662.4607,
276.2500,57822.1340,235.9757,10.4600,0.7335,0.0873,3.6265,60219.6145,-6370566.0862,
276.5000,57766.9274,248.3326,11.7279,0.7738,0.0445,3.3322,60362.7669,-6370443.1268,
276.7500,57710.2191,258.1739,12.8140,0.8058,0.0873,3.0681,60418.8005,-6370288.2264,
277.0000,57652.9359,265.1593,13.6923,0.8298,-0.0000,2.8301,60393.0591,-6370111.3643,
277.2500,57595.9204,269.7610,14.2982,0.8448,0.0873,2.6141,60284.1151,-6369925.6896,
277.5000,57539.8832,271.9408,14.7114,0.8537,-0.0253,2.4185,60122.7719,-6369738.6144,
277.7500,57485.4213,272.1340,14.8392,0.8543,0.0873,2.2400,59906.2962,-6369569.4461,
278.0000,57432.9908,270.4936,14.8142,0.8506,0.0152,2.0779,59667.6542,-6369414.8052,
278.2500,57382.9478,267.2922,14.5716,0.8407,0.0718,1.9303,59408.7074,-6369291.8594,
278.5000,57335.5440,262.4951,14.1611,0.8262,0.0873,1.7939,59145.5503,-6369202.7306,
278.7500,57290.9399,256.5687,13.6300,0.8081,0.0873,1.6698,58887.6814,-6369144.0660,
279.0000,57249.2369,249.5793,12.9881,0.7867,0.0873,1.5559,58640.5666,-6369118.3833,
279.2500,57210.4789,241.5754,12.2753,0.7628,-0.0387,1.4517,58408.3830,-6369119.5706,
279.5000,57174.6597,232.9601,11.4755,0.7357,0.0168,1.3550,58194.8423,-6369155.2944,
279.7500,57141.7457,223.4692,10.6383,0.7068,-0.0873,1.2666,58000.2116,-6369213.5128,
280.0000,57111.6620,213.6208,9.7483,0.6752,0.0873,1.1837,57827.6987,-6369301.4542,
280.2500,57084.3269,202.9861,8.8701,0.6429,-0.0632,1.1069,57672.9306,-6369399.0612,
280.5000,57059.6414,192.1424,7.9698,0.6084,0.0873,1.0358,57539.0124,-6369518.1337,
280.7500,57037.4952,180.6251,7.0974,0.5733,-0.0873,0.9701,57421.0767,-6369641.8417,
281.0000,57017.7678,168.9749,6.2259,0.5362,0.0873,0.9083,57322.2974,-6369780.4135,
281.2500,57000.3487,156.8143,5.4037,0.4990,-0.0873,0.8520,57235.8523,-6369915.5248,
281.5000,56985.1011,144.5478,4.6030,0.4600,0.0873,0.7980,57165.7014,-6370058.3130,
281.7500,56971.9164,131.8485,3.8621,0.4210,-0.0873,0.7486,57105.3842,-6370193.3344,
282.0000,56960.6583,119.0869,3.1611,0.3806,0.0873,0.7011,57058.0427,-6370328.9232,
282.2500,56951.2133,105.9362,2.5273,0.3401,-0.0873,0.6566,57018.5300,-6370453.6027,
282.5000,56943.4562,92.7480,1.9477,0.2984,0.0873,0.6141,56988.9991,-6370572.9859,
282.7500,56937.2693,79.2230,1.4422,0.2567,-0.0873,0.5737,56965.3712,-6370678.4018,
283.0000,56932.5314,65.6754,1.0021,0.2139,0.0873,0.5347,56949.0661,-6370773.6383,
283.2500,56929.1229,51.8242,0.6415,0.1711,-0.0873,0.4966,56937.1659,-6370852.5676,
283.5000,56926.9242,37.9819,0.3557,0.1274,0.0873,0.4590,56930.2138,-6370917.0850,
283.7500,56925.8163,23.8825,0.1540,0.0838,-0.0873,0.4220,56926.4470,-6370963.3357,
284.0000,56925.6287,9.9368,0.0340,0.0394,0.0873,0.3791,56925.5982,-6370991.8068,
284.2500,56926.4559,6.6404,0.0048,0.0148,0.0873,0.3599,56927.3076,-6370999.9461,
284.5000,56928.3689,20.0386,0.0637,0.0539,0.0873,0.3805,56932.0683,-6370988.7875,
284.7500,56931.4437,34.2567,0.2117,0.0983,0.0873,0.4406,56940.5861,-6370958.7379,
285.0000,56935.8872,48.4544,0.4467,0.1428,0.0873,0.5397,56954.7664,-6370911.9760,
285.2500,56942.0220,62.3682,0.7621,0.1866,0.0873,0.6775,56977.8824,-6370852.9943,
285.5000,56950.2578,75.7037,1.1445,0.2288,0.0873,0.8534,57014.6227,-6370789.2264,
285.7500,56961.0422,88.0755,1.5712,0.2683,0.0873,1.0671,57070.5889,-6370731.2295,
286.0000,56974.7872,98.9894,2.0076,0.3035,0.0873,1.3181,57150.6880,-6370691.6808,
286.2500,56991.7682,108.2462,2.4073,0.3327,-0.0873,1.6045,57256.0385,-6370682.5277,
286.5000,57012.0491,116.2681,2.8002,0.3593,-0.0873,1.8808,57382.5788,-6370692.2783,
286.7500,57035.4804,121.7804,3.0958,0.3783,-0.0435,2.1364,57521.6229,-6370734.3252,
287.0000,57061.6656,125.1705,3.2764,0.3899,-0.0873,2.3746,57657.6904,-6370798.0708,
287.2500,57090.0272,126.4285,3.3505,0.3950,-0.0873,2.5977,57776.7263,-6370868.1621,
287.5000,57119.8747,125.8985,3.3414,0.3952,0.0005,2.8081,57869.8589,-6370930.9475,
287.7500,57150.4543,124.2026,3.2419,0.3901,-0.0703,3.0074,57924.5872,-6370976.7846,
288.0000,57180.9718,120.8194,3.0891,0.3816,0.0638,3.1990,57941.9568,-6370998.5766,
288.2500,57210.6637,117.1378,2.8787,0.3691,-0.0873,3.3832,57917.6432,-6370994.0798,
288.5000,57238.7937,112.0911,2.6591,0.3554,0.0873,3.5608,57864.1535,-6370964.6348,
288.7500,57264.6519,107.2277,2.4056,0.3386,-0.0873,3.7357,57780.0931,-6370915.7789,
289.0000,57287.6175,101.6997,2.1829,0.3231,0.0873,3.9080,57686.0376,-6370852.5299,
289.2500,57307.1402,96.7737,1.9552,0.3062,-0.0422,4.0781,57584.2179,-6370786.6380,
289.5000,57322.7369,91.8910,1.7723,0.2918,0.0873,4.2498,57491.4143,-6370722.7415,
289.7500,57334.0310,88.1118,1.6022,0.2777,-0.0873,4.4254,57414.2428,-6370675.8688,
290.0000,57340.7603,84.7012,1.4875,0.2677,0.0468,4.6048,57363.3243,-6370646.0047,
290.2500,57342.7751,82.7658,1.4113,0.2608,0.0398,4.7887,57343.0405,-6370641.9760,
290.5000,57340.0389,83.8777,1.4247,0.2620,-0.0873,4.9549,57355.3342,-6370652.7314,
290.7500,57332.5851,86.8909,1.5156,0.2701,-0.0873,5.0752,57399.5077,-6370680.6676,
291.0000,57320.5042,92.2850,1.6949,0.2854,-0.0873,5.1501,57473.4431,-6370720.8627,
291.2500,57303.8770,100.3115,1.9892,0.3089,-0.0873,5.1803,57575.8025,-6370765.3587,
291.5000,57282.7335,111.0124,2.4272,0.3407,-0.0873,5.1661,57707.2538,-6370807.8145,
291.7500,57257.0370,124.2657,3.0398,0.3807,-0.0873,5.1082,57870.5818,-6370843.7227,
292.0000,57226.6912,139.8194,3.8578,0.4280,-0.0873,5.0070,58069.8293,-6370870.1555,
292.2500,57191.5715,157.2946,4.9066,0.4816,-0.0873,4.8631,58308.4073,-6370885.1528,
292.5000,57151.5799,176.1594,6.1983,0.5399,-0.0873,4.6770,58585.9839,-6370886.6985,
292.7500,57106.7252,195.6885,7.7188,0.6008,-0.0873,4.4492,58894.1617,-6370871.2603,
293.0000,57057.2222,214.9281,9.4135,0.6613,-0.0873,4.1801,59211.6883,-6370832.2884,
293.2500,57003.5965,232.6834,11.1735,0.7180,-0.0873,3.8703,59501.3082,-6370759.9076,
293.5000,56946.4991,249.0769,12.9700,0.7707,-0.0406,3.5582,59756.5302,-6370654.5813,
293.7500,56886.8082,262.4740,14.6097,0.8148,-0.0751,3.2771,59919.0980,-6370504.1415,
294.0000,56825.6963,273.0512,15.9640,0.8483,0.0587,3.0234,59963.3041,-6370311.4101,
294.2500,56764.2908,280.2095,17.0035,0.8719,0.0873,2.7937,59896.6246,-6370087.8219,
294.5000,56703.6326,284.1613,17.6868,0.8857,0.0873,2.5817,59729.0577,-6369849.8274,
294.7500,56644.5594,285.4884,18.1229,0.8931,-0.0873,2.3898,59497.7428,-6369605.8356,
295.0000,56587.8051,284.9893,18.1635,0.8907,0.0873,2.2136,59198.3900,-6369383.5820,
295.2500,56533.9263,281.5847,17.9744,0.8829,-0.0873,2.0528,58872.6609,-6369183.6764,
295.5000,56483.3555,276.9576,17.4685,0.8674,0.0873,1.9042,58527.6902,-6369031.5685,
295.7500,56436.3947,270.4380,16.8164,0.8484,0.0292,1.7662,58189.8728,-6368913.1150,
296.0000,56393.2415,262.3841,15.9681,0.8244,-0.0174,1.6387,57864.9954,-6368844.8012,
296.2500,56354.0020,253.2852,14.9496,0.7956,0.0873,1.5206,57563.4690,-6368830.5606,
296.5000,56318.7143,242.7876,13.8819,0.7648,-0.0873,1.4110,57290.3439,-6368848.0013,
296.7500,56287.3547,231.8093,12.6843,0.7295,0.0873,1.3087,57050.0491,-6368919.8893,
297.0000,56259.8474,219.5017,11.4857,0.6929,-0.0873,1.2121,56841.1253,-6369016.1545,
297.2500,56236.0821,206.9061,10.2229,0.6527,0.0873,1.1212,56666.8641,-6369154.6774,
297.5000,56215.9171,193.1402,8.9934,0.6113,-0.0873,1.0360,56522.1128,-6369309.1085,
297.7500,56199.1820,179.2517,7.7571,0.5671,0.0873,0.9546,56408.1752,-6369490.2721,
298.0000,56185.6884,164.4437,6.5939,0.5224,-0.0873,0.8766,56318.2251,-6369674.2414,
298.2500,56175.2332,149.5561,5.4621,0.4751,0.0873,0.8020,56253.4426,-6369872.0426,
298.5000,56167.6015,133.8709,4.4276,0.4275,-0.0873,0.7308,56207.1775,-6370063.0476,
298.7500,56162.5536,118.1877,3.4594,0.3778,0.0873,0.6608,56178.9946,-6370254.1895,
299.0000,56159.8500,101.8767,2.6114,0.3281,-0.0873,0.5921,56163.5460,-6370428.7734,
299.2500,56159.2394,85.7079,1.8581,0.2768,0.0873,0.5246,56159.2092,-6370591.2529,
299.5000,56160.6916,70.4537,1.2704,0.2289,0.0873,0.4883,56163.8329,-6370724.1114,
299.7500,56164.2222,56.6423,0.8251,0.1845,0.0873,0.5028,56177.6511,-6370832.7023,
300.0000,56169.9010,46.6568,0.5461,0.1501,0.0873,0.5674,56202.0473,-6370913.1930,
300.2500,56177.9919,44.2186,0.4540,0.1370,0.0873,0.6813,56241.4237,-6370965.1933,
300.5000,56188.9228,51.1209,0.5656,0.1530,0.0873,0.8440,56303.1208,-6370991.8006,
300.7500,56203.2232,64.6725,0.8900,0.1921,0.0873,1.0547,56396.6069,-6370999.8046,
301.0000,56221.4203,81.3525,1.4194,0.2428,0.0873,1.3129,56530.7120,-6370998.8269,
301.2500,56243.8853,98.7507,2.1192,0.2971,0.0873,1.6177,56707.7322,-6370997.9943,
301.5000,56270.6475,115.3951,2.9197,0.3494,-0.0873,1.9653,56915.3709,-6370999.8780,
301.7500,56301.4227,130.6529,3.7795,0.3983,-0.0873,2.2954,57137.5364,-6370997.3588,
302.0000,56335.4356,143.2221,4.5729,0.4390,-0.0873,2.5955,57331.5073,-6370976.3002,
302.2500,56371.5529,152.9252,5.2777,0.4728,0.0873,2.8716,57475.4819,-6370921.0759,
302.5000,56408.4822,160.5978,5.7891,0.4964,-0.0873,3.1294,57532.4415,-6370819.9745,
302.7500,56444.9296,165.4013,6.1987,0.5149,0.0873,3.3709,57522.3477,-6370674.2132,
303.0000,56479.6424,168.6945,6.3972,0.5242,-0.0873,3.6004,57429.8384,-6370495.1921,
303.2500,56511.5235,170.0063,6.5234,0.5305,0.0008,3.8163,57296.4435,-6370294.5574,
303.5000,56539.5956,169.9895,6.4916,0.5302,-0.0873,4.0224,57128.6455,-6370099.9430,
303.7500,56563.0781,168.3532,6.4193,0.5281,0.0873,4.2201,56961.4525,-6369920.5496,
304.0000,56581.3769,166.3164,6.2094,0.5201,-0.0873,4.4114,56808.2314,-6369793.0864,
304.2500,56594.0905,163.0273,6.0185,0.5125,0.0873,4.5941,56692.3708,-6369705.2253,
304.5000,56600.9934,159.8058,5.7326,0.5004,-0.0873,4.7727,56622.0369,-6369691.7966,
304.7500,56602.0358,156.2684,5.4839,0.4895,-0.0873,4.9457,56602.7155,-6369727.6344,
305.0000,56597.2361,154.4663,5.3505,0.4834,-0.0873,5.0732,56634.1519,-6369794.2274,
305.2500,56586.6902,154.1891,5.3093,0.4813,-0.0873,5.1428,56713.7843,-6369894.2311,
305.5000,56570.4842,156.6835,5.4472,0.4870,-0.0873,5.1554,56839.9018,-6370005.7644,
305.7500,56548.6162,163.0233,5.8528,0.5041,-0.0873,5.1117,57014.5304,-6370110.6568,
306.0000,56520.9849,173.9115,6.6175,0.5351,-0.0873,5.0127,57243.1550,-6370194.1468,
306.2500,56487.4278,189.4949,7.8290,0.5808,-0.0873,4.8591,57531.8226,-6370243.4797,
306.5000,56447.8090,209.2737,9.5551,0.6400,-0.0873,4.6519,57881.2847,-6370245.8641,
306.7500,56402.1574,232.1051,11.8141,0.7096,-0.0873,4.3918,58278.0453,-6370186.1060,
307.0000,56350.8448,256.2476,14.5328,0.7844,-0.0873,4.0797,58684.0963,-6370045.2491,
307.2500,56294.7097,279.9224,17.5300,0.8584,0.0873,3.7256,59045.4016,-6369811.7381,
307.5000,56234.7492,301.1839,20.6305,0.9276,-0.0873,3.3959,59330.0489,-6369493.4998,
307.7500,56172.5189,319.2439,23.4220,0.9843,0.0873,3.0998,59437.4623,-6369080.0635,
308.0000,56109.6674,332.7670,25.8828,1.0305,-0.0626,2.8333,59400.6594,-6368605.3190,
308.2500,56047.6997,342.7631,27.7248,1.0622,0.0563,2.5938,59199.4149,-6368107.5972,
308.5000,55987.9300,348.3492,28.9470,1.0811,0.0873,2.3744,58880.4322,-6367628.2859,
308.7500,55931.3798,350.3313,29.6795,1.0906,-0.0253,2.1757,58495.9554,-6367186.7098,
309.0000,55878.8636,349.4939,29.7914,1.0888,0.0228,1.9930,58066.6904,-6366827.6508,
309.2500,55830.9565,345.2965,29.4152,1.0785,-0.0753,1.8245,57633.1376,-6366559.9319,
309.5000,55788.0366,339.3575,28.5580,1.0596,0.0408,1.6698,57218.0433,-6366402.4371,
309.7500,55750.3199,330.4310,27.3493,1.0343,-0.0671,1.5250,56841.7589,-6366346.6611,
310.0000,55717.8709,320.2005,25.7530,1.0015,0.0873,1.3889,56515.6469,-6366410.8994,
310.2500,55690.6476,308.0481,23.9780,0.9646,0.0873,1.2642,56243.5635,-6366555.1719,
310.5000,55668.5035,294.0205,22.0552,0.9237,-0.0791,1.1459,56025.7979,-6366773.9231,
310.7500,55651.2362,279.3428,19.9226,0.8769,0.0873,1.0366,55863.3182,-6367081.7845,
311.0000,55638.5635,262.8655,17.7953,0.8280,-0.0707,0.9322,55746.9280,-6367425.8940,
311.2500,55630.1807,245.9752,15.5849,0.7744,0.0873,0.8339,55674.2356,-6367823.3444,
311.5000,55625.7337,227.5788,13.4611,0.7195,-0.0856,0.7403,55635.2972,-6368230.2330,
311.7500,55624.8525,209.0416,11.3515,0.6606,0.0873,0.6516,55624.7687,-6368657.3540,
312.0000,55627.4104,191.1662,9.5197,0.6051,0.0873,0.6043,55637.3286,-6369045.7661,
312.2500,55633.3786,174.1765,7.8994,0.5514,0.0873,0.6221,55672.4327,-6369409.0807,
312.5000,55642.8625,159.7992,6.6078,0.5046,0.0873,0.7040,55733.5562,-6369726.8162,
312.7500,55656.2517,150.3812,5.7627,0.4716,0.0873,0.8487,55831.0605,-6369984.7081,
313.0000,55674.1460,148.5661,5.4869,0.4607,0.0873,1.0552,55980.6456,-6370172.1593,
313.2500,55697.2082,156.0573,5.8933,0.4781,0.0873,1.3224,56198.3044,-6370280.2905,
313.5000,55725.9246,172.2746,7.0454,0.5237,0.0873,1.6492,56488.6125,-6370298.4744,
313.7500,55760.2797,194.3483,8.8958,0.5897,0.0873,2.0346,56826.1666,-6370209.0475,
314.0000,55799.6238,218.1237,11.2106,0.6637,0.0518,2.4366,57169.8328,-6370018.1923,
314.2500,55842.7141,240.9360,13.7378,0.7367,0.0873,2.7924,57438.7883,-6369697.5640,
314.5000,55887.5789,261.1183,16.1499,0.8011,-0.0116,3.1130,57567.6503,-6369252.6254,
314.7500,55932.1926,276.9684,18.2590,0.8544,0.0841,3.4019,57549.2049,-6368719.3017,
315.0000,55974.6107,289.5626,19.9239,0.8950,-0.0053,3.6676,57396.9753,-6368145.5647,
315.2500,56013.2031,298.1034,21.0684,0.9227,-0.0873,3.9111,57151.4738,-6367592.6738,
315.5000,56046.6197,303.3554,21.8234,0.9412,-0.0873,4.1370,56872.5425,-6367096.3112,
315.7500,56073.8496,304.8948,22.1894,0.9508,0.0873,4.3472,56599.4102,-6366698.5954,
316.0000,56094.2037,304.7944,22.0542,0.9493,-0.0873,4.5440,56366.1173,-6366460.3987,
316.2500,56107.2954,301.0514,21.6739,0.9420,0.0873,4.7270,56203.4869,-6366357.9825,
316.5000,56112.9775,296.4459,20.9226,0.9259,-0.0873,4.9033,56122.3950,-6366430.2083,
316.7500,56111.2912,290.9291,20.1887,0.9095,-0.0873,5.0532,56124.8182,-6366593.7239,
317.0000,56102.3044,286.2161,19.5403,0.8944,-0.0873,5.1305,56207.9938,-6366830.3206,
317.2500,56086.1192,283.5056,19.1296,0.8841,-0.0873,5.1337,56369.1557,-6367103.5254,
317.5000,56062.7009,284.9582,19.2410,0.8854,-0.0873,5.0644,56612.3665,-6367355.4499,
317.7500,56031.8675,292.5544,20.1648,0.9046,-0.0873,4.9239,56947.7995,-6367534.4172,
318.0000,55993.3925,307.6032,22.1819,0.9465,-0.0873,4.7137,57383.1642,-6367590.1252,
318.2500,55947.2165,330.1130,25.5039,1.0119,-0.0873,4.4350,57906.7111,-6367469.6445,
318.5000,55893.7566,358.3459,30.1578,1.0967,-0.0873,4.0893,58463.8438,-6367118.3121,
318.7500,55834.1489,388.8925,35.8287,1.1908,0.0873,3.6936,58964.8242,-6366518.8324,
319.0000,55769.9018,418.4708,41.9674,1.2834,0.0873,3.3345,59322.7461,-6365704.0212,
319.2500,55703.3454,444.3004,47.9393,1.3658,0.0873,3.0145,59431.8786,-6364700.1849,
319.5000,55636.8579,464.6715,53.1414,1.4318,0.0873,2.7258,59278.3783,-6363613.2427,
319.7500,55572.4781,480.0386,57.4384,1.4822,0.0873,2.4713,58930.9185,-6362530.7673,
320.0000,55511.9757,489.6402,60.4655,1.5147,0.0873,2.2381,58430.7739,-6361559.3477,
320.2500,55456.6391,494.1394,62.2706,1.5315,0.0679,2.0265,57859.3137,-6360760.7210,
320.5000,55407.4133,493.9918,62.8593,1.5337,0.0486,1.8326,57277.0414,-6360186.1764,
320.7500,55364.9044,489.1425,62.3586,1.5232,-0.0873,1.6533,56733.3204,-6359853.3710,
321.0000,55329.4287,481.8327,60.7870,1.5003,0.0257,1.4893,56260.6954,-6359787.1292,
321.2500,55301.0661,470.6611,58.2796,1.4662,0.0873,1.3365,55879.3970,-6359978.5541,
321.5000,55279.7148,456.3753,55.3152,1.4263,-0.0873,1.1985,55592.1319,-6360334.6549,
321.7500,55265.1000,440.5005,51.5507,1.3755,0.0873,1.0677,55401.0900,-6360927.0331,
322.0000,55256.8690,421.7891,47.6338,1.3214,-0.0873,0.9490,55291.2535,-6361613.9886,
322.2500,55254.5708,401.8790,43.1900,1.2580,0.0873,0.8405,55254.9271,-6362464.5240,
322.5000,55257.9931,382.5924,39.1858,1.1984,0.0873,0.7853,55278.7750,-6363276.3078,
322.7500,55267.0994,364.3661,35.4631,1.1407,0.0873,0.8152,55362.0137,-6364081.5520,
323.0000,55282.0845,349.9305,32.4949,1.0929,0.0873,0.9284,55513.4812,-6364796.4474,
323.2500,55303.5087,342.5697,30.7724,1.0649,0.0873,1.1230,55755.9415,-6365345.8103,
323.5000,55332.0941,345.6216,30.8062,1.0674,0.0873,1.3971,56115.4328,-6365651.6391,
323.7500,55368.3416,360.9972,33.0213,1.1076,0.0873,1.7488,56595.7077,-6365628.0745,
324.0000,55411.9760,387.4120,37.5207,1.1839,0.0873,2.1765,57136.9079,-6365187.7012,
324.2500,55461.8031,418.6304,43.5418,1.2794,-0.0873,2.6055,57647.7605,-6364385.9585,
324.5000,55515.5790,451.2033,50.3922,1.3811,-0.0873,2.9819,57972.4846,-6363203.9480,
324.7500,55570.2826,480.3982,57.0260,1.4744,-0.0873,3.3197,58024.5673,-6361771.1561,
325.0000,55623.0835,504.8970,62.9167,1.5541,-0.0873,3.6161,57843.7390,-6360243.6601,
325.2500,55671.4020,523.2776,67.5137,1.6151,-0.0873,3.8863,57472.9390,-6358789.6520,
325.5000,55713.2557,535.0979,70.7637,1.6582,0.0373,4.1322,57016.1287,-6357536.4505,
325.7500,55747.1482,542.4959,72.4855,1.6821,-0.0873,4.3586,56556.9506,-6356616.5547,
326.0000,55772.0938,544.2372,72.9757,1.6907,-0.0873,4.5679,56176.0606,-6356056.4767,
326.2500,55787.5471,541.0698,72.5384,1.6876,0.0873,4.7581,55916.5558,-6355839.9204,
326.5000,55793.3456,534.9102,70.7078,1.6670,-0.0873,4.9383,55800.0870,-6356088.6640,
326.7500,55789.5521,526.9989,68.7829,1.6439,-0.0873,5.0762,55828.0691,-6356528.8548,
327.0000,55776.2515,519.4182,66.8679,1.6197,-0.0873,5.1181,55996.4371,-6357132.7659,
327.2500,55753.4696,515.0093,65.6657,1.6029,-0.0873,5.0625,56306.3437,-6357751.9500,
327.5000,55720.9893,517.5699,66.1280,1.6053,-0.0873,4.9118,56773.8994,-6358203.5204,
327.7500,55678.4899,530.5007,69.2158,1.6380,-0.0873,4.6687,57414.4240,-6358306.9747,
328.0000,55625.9490,555.5204,75.7371,1.7078,-0.0873,4.3355,58201.1905,-6357877.9044,
328.2500,55564.2410,590.4934,85.9264,1.8120,0.0856,3.9187,59006.2426,-6356754.5363,
328.5000,55495.1937,630.1640,98.5345,1.9318,0.0873,3.5048,59685.0563,-6355063.7945,
328.7500,55421.7231,668.9589,112.4957,2.0544,-0.0873,3.1422,60049.7314,-6352841.4236,
329.0000,55347.3152,702.8346,125.9193,2.1630,-0.0873,2.8214,59962.1469,-6350327.1217,
329.2500,55275.1849,729.8741,137.6700,2.2510,-0.0873,2.5328,59508.8260,-6347818.2240,
329.5000,55207.9743,749.4328,147.0047,2.3158,-0.0873,2.2757,58800.3466,-6345550.5184,
329.7500,55147.7757,761.9036,153.1262,2.3541,0.0873,2.0387,57952.4474,-6343772.6257,
330.0000,55096.0159,766.2530,157.0092,2.3755,-0.0873,1.8274,57120.9293,-6342426.3607,
330.2500,55053.6259,765.4430,157.4158,2.3717,0.0873,1.6336,56365.2374,-6341797.5345,
330.5000,55021.0499,757.0568,155.6517,2.3531,-0.0873,1.4565,55759.3560,-6341694.0585,
330.7500,54998.3858,745.5853,151.2365,2.3158,0.0873,1.2985,55327.6111,-6342228.7093,
331.0000,54985.4146,727.9060,145.2954,2.2677,-0.0873,1.1517,55072.2600,-6343185.8775,
331.2500,54981.7044,707.6294,137.2342,2.2031,0.0873,1.0107,54982.6775,-6344673.4034,
331.5000,54986.9976,687.2330,129.5286,2.1409,0.0873,0.9431,55038.4436,-6346199.3151,
331.7500,55001.2442,668.2849,122.0989,2.0802,0.0873,0.9913,55237.5560,-6347781.9473,
332.0000,55024.7873,655.8829,116.7082,2.0366,0.0873,1.1517,55602.5571,-6349106.6407,
332.2500,55058.3903,655.6616,115.1777,2.0274,0.0873,1.4209,56177.6150,-6349862.2856,
332.5000,55102.6564,672.3461,119.2263,2.0683,0.0873,1.7954,56974.6024,-6349715.4144,
332.7500,55157.0974,705.5410,129.3827,2.1620,0.0873,2.2593,57890.6552,-6348439.3819,
333.0000,55219.7744,748.0252,144.1680,2.2912,-0.0873,2.6976,58701.7517,-6346077.0727,
333.2500,55287.0591,793.7818,161.2215,2.4335,-0.0873,3.0788,59131.4897,-6342806.6565,
333.5000,55354.6212,835.8640,177.9171,2.5677,-0.0873,3.4192,59092.8987,-6339073.5384,
333.7500,55418.4736,870.9759,192.4663,2.6819,-0.0873,3.7205,58641.1223,-6335319.5912,
334.0000,55475.1967,897.4836,203.9552,2.7712,-0.0412,3.9953,57927.4752,-6331919.0385,
334.2500,55522.1849,915.6552,211.7010,2.8324,-0.0873,4.2446,57121.9769,-6329220.4298,
334.5000,55557.6572,924.0322,216.1396,2.8690,0.0873,4.4626,56402.5491,-6327344.4648,
334.7500,55580.4497,926.5630,216.5521,2.8765,-0.0873,4.6706,55876.2783,-6326570.6824,
335.0000,55590.0444,921.7496,214.6173,2.8659,-0.0873,4.8596,55615.6174,-6326634.6531,
335.2500,55586.3509,913.2842,211.1378,2.8424,-0.0873,4.9981,55637.8854,-6327388.0043,
335.5000,55569.3324,905.8974,207.8980,2.8179,-0.0873,5.0026,55944.9729,-6328458.1548,
335.7500,55538.8405,905.0716,207.3374,2.8090,-0.0873,4.8728,56550.7193,-6329351.0514,
336.0000,55494.5305,917.8964,212.8054,2.8381,-0.0873,4.6135,57479.9535,-6329407.6645,
336.2500,55436.5276,949.3427,227.3251,2.9228,-0.0873,4.2295,58676.9993,-6327975.0731,
336.5000,55366.4179,996.2318,251.1150,3.0584,-0.0873,3.7697,59928.8754,-6324832.1432,
336.7500,55287.4887,1051.1513,282.2166,3.2260,-0.0873,3.3587,60839.7026,-6320013.6354,
337.0000,55204.7072,1105.3309,316.1233,3.3961,-0.0873,2.9934,61071.9520,-6314096.8205,
337.2500,55123.0647,1152.9106,348.7614,3.5481,-0.0873,2.6731,60645.5773,-6307887.0009,
337.5000,55047.0532,1190.5816,376.9995,3.6705,-0.0873,2.3837,59683.9855,-6302072.0899,
337.7500,54982.4271,1235.5365,405.4720,3.7898,0.0873,2.1290,57901.0768,-6295379.4422,
338.0000,54942.3379,1272.8073,437.8770,3.9268,-0.0873,1.8944,55809.3656,-6287439.2996,
338.2500,54931.9043,1298.7916,455.9620,4.0027,0.0873,1.6728,54932.3155,-6283220.4897,
338.5000,54953.6514,1329.4593,475.6813,4.0924,0.0873,1.6711,55800.7271,-6280055.3144,
338.7500,55008.4716,1396.1816,514.0887,4.2677,0.0873,2.0207,58564.3737,-6274663.4404,
339.0000,55093.8719,1509.9009,590.6628,4.5982,-0.0873,2.4901,62554.5728,-6262309.1985,
339.2500,55200.7277,1658.6111,701.9295,5.0464,0.0873,2.9293,65946.4953,-6241484.4799,
339.5000,55315.6390,1811.0564,829.7589,5.5276,0.0873,3.2749,66913.1016,-6213779.9709,
339.7500,55424.4941,1954.4474,956.0864,5.9764,-0.0873,3.5808,65049.9202,-6182630.1391,
340.0000,55514.5775,2076.0487,1076.9829,6.3823,0.0873,3.8645,61608.1297,-6150540.9850,
340.2500,55574.5660,2179.9393,1178.7176,6.7060,-0.0873,4.1264,57730.3666,-6122290.9053,
340.5000,55594.9937,2254.3858,1269.1631,6.9717,0.0873,4.3674,55644.6983,-6099133.0496,
340.7500,55569.1445,2336.6299,1356.8945,7.2010,-0.0873,4.3814,57052.6707,-6081501.1697,
341.0000,55495.7299,2473.8893,1512.6569,7.5714,-0.0873,3.9385,62525.2766,-6054560.0050,
341.2500,55383.1021,2680.4817,1790.2137,8.1802,0.0873,3.4759,69127.8436,-6003507.0243,
341.5000,55250.7904,2919.9331,2159.7281,8.9091,-0.0873,3.0593,72691.8060,-5930509.1247,
341.7500,55122.9326,3146.7654,2567.0916,9.6311,0.0873,2.6872,69764.3861,-5843180.2561,
342.0000,55004.0298,3144.2733,2666.5770,9.7405,-0.0873,2.4012,68963.0571,-5828277.0080,
342.2500,54884.7266,3141.7467,2700.2231,9.7264,-0.0873,2.1476,68932.6047,-5829356.0644,
342.5000,54765.0246,3139.1851,2734.3119,9.7122,-0.0873,1.9227,68901.5573,-5830447.2668,
342.7500,54644.9255,3136.5880,2768.8478,9.6979,-0.0873,1.7232,68869.9044,-5831550.7408,
343.0000,54524.4309,3133.9549,2803.8348,9.6836,-0.0873,1.5463,68837.6357,-5832666.6122,
343.2500,54403.5427,3131.2854,2839.2770,9.6691,-0.0873,1.3893,68804.7404,-5833795.0066,
343.5000,54282.2626,3128.5790,2875.1785,9.6545,-0.0873,1.2502,68771.2079,-5834936.0499,
343.7500,54160.5923,3125.8352,2911.5433,9.6397,-0.0873,1.1267,68737.0270,-5836089.8680,
344.0000,54038.5336,3123.0534,2948.3753,9.6249,-0.0873,1.0172,68702.1870,-5837256.5867,
344.2500,53916.0885,3120.2332,2985.6785,9.6100,-0.0873,0.9201,68666.6765,-5838436.3317,
344.5000,53793.2588,3117.3741,3023.4568,9.5949,-0.0873,0.8340,68630.4843,-5839629.2285,
344.7500,53670.0464,3114.4755,3061.7140,9.5797,-0.0873,0.7576,68593.5989,-5840835.4023,
345.0000,53546.4533,3111.5370,3100.4538,9.5644,-0.0873,0.6899,68556.0088,-5842054.9783,
345.2500,53422.4814,3108.5580,3139.6799,9.5490,-0.0873,0.6298,68517.7023,-5843288.0811,
345.5000,53298.1327,3105.5379,3179.3960,9.5335,-0.0873,0.5765,68478.6676,-5844534.8349,
345.7500,53173.4093,3102.4763,3219.6056,9.5178,-0.0737,0.5292,68438.8927,-5845795.3636,
346.0000,53048.3133,3099.3727,3260.3121,9.5020,-0.0613,0.4873,68398.3656,-5847069.7904,
346.2500,52922.8467,3096.2264,3301.5191,9.4861,-0.0499,0.4501,68357.0741,-5848358.2379,
346.5000,52797.0117,3093.0370,3343.2297,9.4701,-0.0393,0.4172,68315.0059,-5849660.8280,
346.7500,52670.8105,3089.8039,3385.4472,9.4540,-0.0294,0.3879,68272.1486,-5850977.6820,
347.0000,52544.2453,3086.5266,3428.1748,9.4377,-0.0202,0.3620,68228.4896,-5852308.9202,
347.2500,52417.3183,3083.2044,3471.4153,9.4213,-0.0117,0.3390,68184.0163,-5853654.6620,
347.5000,52290.0318,3079.8370,3515.1718,9.4047,-0.0036,0.3186,68138.7160,-5855015.0258,
347.7500,52162.3882,3076.4236,3559.4471,9.3881,0.0040,0.3005,68092.5756,-5856390.1291,
348.0000,52034.3898,3072.9638,3604.2437,9.3712,0.0111,0.2844,68045.5824,-5857780.0878,
348.2500,51906.0389,3069.4570,3649.5643,9.3543,0.0179,0.2702,67997.7231,-5859185.0171,
348.5000,51777.3380,3065.9026,3695.4113,9.3372,0.0244,0.2576,67948.9847,-5860605.0303,
348.7500,51648.2897,3062.3001,3741.7869,9.3200,0.0306,0.2464,67899.3538,-5862040.2398,
349.0000,51518.8963,3058.6488,3788.6933,9.3027,0.0365,0.2364,67848.8170,-5863490.7560,
349.2500,51389.1605,3054.9483,3836.1326,9.2852,0.0422,0.2276,67797.3610,-5864956.6880,
349.5000,51259.0847,3051.1979,3884.1064,9.2676,0.0477,0.2198,67744.9721,-5866438.1430,
349.7500,51128.6718,3047.3971,3932.6166,9.2498,0.0530,0.2129,67691.6367,-5867935.2264,
350.0000,50997.9242,3043.5442,3981.6646,9.2319,0.0582,0.2067,67637.3411,-5869448.0417,
350.2500,50866.8455,3039.6059,4065.3176,9.2189,0.0632,0.2013,67581.7078,-5870986.7491,
350.5000,50735.4393,3035.6093,4121.3820,9.2068,0.0681,0.1964,67524.9387,-5872545.3886,
350.7500,50603.7087,3031.5533,4178.2167,9.1945,0.0729,0.1921,67467.0823,-5874122.2955,
351.0000,50471.6568,3027.4372,4235.8275,9.1821,0.0776,0.1883,67408.1208,-5875717.6372,
351.2500,50339.2867,3023.2601,4294.2201,9.1695,0.0822,0.1850,67348.0362,-5877331.5795,
351.5000,50206.6017,3019.0213,4353.4001,9.1566,0.0868,0.1820,67286.8104,-5878964.2863,
351.7500,50073.6052,3014.7197,4413.3729,9.1436,0.0873,0.1793,67224.4251,-5880615.9198,
352.0000,49940.3003,3010.3547,4474.1434,9.1304,0.0873,0.1770,67160.8619,-5882286.6399,
352.2500,49806.6906,3005.9253,4535.7167,9.1170,0.0873,0.1749,67096.1023,-5883976.6046,
352.5000,49672.7795,3001.4306,4598.0973,9.1035,0.0873,0.1730,67030.1277,-5885685.9693,
352.7500,49538.5705,2996.8699,4661.2896,9.0897,0.0873,0.1714,66962.9193,-5887414.8868,
353.0000,49404.0673,2992.2421,4725.2976,9.0757,0.0873,0.1699,66894.4582,-5889163.5072,
353.2500,49269.2733,2987.5465,4790.1250,9.0615,0.0873,0.1686,66824.7255,-5890931.9776,
353.5000,49134.1924,2982.7822,4855.7755,9.0471,0.0873,0.1675,66753.7022,-5892720.4419,
353.7500,48998.8284,2977.9482,4922.2521,9.0325,0.0873,0.1665,66681.3691,-5894529.0408,
354.0000,48863.1850,2973.0437,4989.5576,9.0176,0.0873,0.1656,66607.7070,-5896357.9113,
354.2500,48727.2661,2968.0678,5057.6943,9.0026,0.0873,0.1648,66532.6967,-5898207.1867,
354.5000,48591.0757,2963.0196,5126.6645,8.9873,0.0873,0.1641,66456.3190,-5900076.9963,
354.7500,48454.6178,2957.8982,5196.4697,8.9718,0.0873,0.1634,66378.5544,-5901967.4651,
355.0000,48317.8965,2952.7026,5267.1112,8.9561,0.0873,0.1629,66299.3837,-5903878.7137,
355.2500,48180.9159,2947.4321,5338.5897,8.9402,0.0873,0.1624,66218.7874,-5905810.8583,
355.5000,48043.6803,2942.0857,5410.9057,8.9240,0.0873,0.1620,66136.7463,-5907764.0097,
355.7500,47906.1939,2936.6625,5484.0590,8.9076,0.0873,0.1616,66053.2409,-5909738.2741,
356.0000,47768.4611,2931.1616,5558.0490,8.8910,0.0873,0.1612,65968.2519,-5911733.7519,
356.2500,47630.4864,2925.5821,5632.8746,8.8741,0.0873,0.1609,65881.7602,-5913750.5381,
356.5000,47492.2741,2919.9231,5708.5342,8.8570,0.0873,0.1606,65793.7463,-5915788.7217,
356.7500,47353.8289,2914.1837,5785.0256,8.8397,0.0873,0.1604,65704.1912,-5917848.3856,
357.0000,47215.1553,2908.3631,5862.3461,8.8221,0.0873,0.1602,65613.0759,-5919929.6064,
357.2500,47076.2581,2902.4603,5940.4922,8.8042,0.0873,0.1600,65520.3813,-5922032.4538,
357.5000,46937.1429,2896.3960,6187.8197,8.7876,0.0873,0.1598,65425.4727,-5924170.8341,
357.7500,46797.8210,2890.1375,6277.6366,8.7750,0.0873,0.1597,65326.8270,-5926378.3811,
358.0000,46658.2994,2883.7832,6368.6308,8.7621,0.0873,0.1596,65226.3845,-5928610.9440,
358.2500,46518.5836,2877.3318,6460.8034,8.7489,0.0873,0.1594,65124.1209,-5930868.6527,
358.5000,46378.6792,2870.7820,6554.1549,8.7354,0.0873,0.1593,65020.0118,-5933151.6291,
358.7500,46238.5919,2864.1326,6648.6847,8.7216,0.0873,0.1592,64914.0331,-5935459.9867,
359.0000,46098.3277,2857.3822,6744.3915,8.7075,0.0873,0.1592,64806.1609,-5937793.8300,
359.2500,45957.8923,2850.5297,6841.2729,8.6931,0.0873,0.1591,64696.3713,-5940153.2542,
359.5000,45817.2919,2843.5737,6939.3255,8.6783,0.0873,0.1590,64584.6407,-5942538.3449,
359.7500,45676.5326,2836.5131,7038.5451,8.6632,0.0873,0.1590,64470.9459,-5944949.1774,
360.0000,45535.6206,2829.3464,7138.9261,8.6478,0.0873,0.1589,64355.2636,-5947385.8162,
360.2500,45394.5622,2822.0726,7240.4621,8.6320,0.0873,0.1589,64237.5711,-5949848.3149,
360.5000,45253.3638,2814.6904,7343.1454,8.6159,0.0873,0.1588,64117.8459,-5952336.7154,
360.7500,45112.0321,2807.1985,7446.9669,8.5995,0.0873,0.1588,63996.0658,-5954851.0474,
361.0000,44970.5735,2799.5957,7551.9166,8.5827,0.0873,0.1588,63872.2092,-5957391.3284,
361.2500,44828.9949,2791.8808,7657.9830,8.5655,0.0873,0.1587,63746.2548,-5959957.5625,
361.5000,44687.3031,2784.0527,7765.1533,8.5480,0.0873,0.1587,63618.1817,-5962549.7405,
361.7500,44545.5050,2776.1102,7873.4132,8.5301,0.0873,0.1587,63487.9695,-5965167.8390,
362.0000,44403.6077,2768.0520,7982.7471,8.5118,0.0873,0.1587,63355.5986,-5967811.8202,
362.2500,44261.6182,2759.8770,8093.1378,8.4932,0.0873,0.1587,63221.0496,-5970481.6314,
362.5000,44119.5440,2751.5842,8204.5668,8.4742,0.0873,0.1586,63084.3040,-5973177.2043,
362.7500,43977.3922,2743.1724,8317.0136,8.4548,0.0873,0.1586,62945.3437,-5975898.4546,
363.0000,43835.1703,2734.6406,8430.4565,8.4350,0.0873,0.1586,62804.1517,-5978645.2816,
363.2500,43692.8860,2725.9876,8544.8719,8.4148,0.0873,0.1586,62660.7113,-5981417.5676,
363.5000,43550.5468,2717.2125,8660.2344,8.3942,0.0873,0.1586,62515.0067,-5984215.1775,
363.7500,43408.1605,2708.3142,8776.5172,8.3732,0.0873,0.1586,62367.0232,-5987037.9583,
364.0000,43265.7350,2699.2918,8893.6913,8.3518,0.0873,0.1586,62216.7466,-5989885.7387,
364.2500,43123.2782,2690.1444,9011.7260,8.3299,0.0873,0.1586,62064.1638,-5992758.3285,
364.5000,42980.7982,2680.8709,9130.5889,8.3077,0.0873,0.1586,61909.2627,-5995655.5182,
364.7500,42838.3032,2671.4706,9250.2454,8.2850,0.0873,0.1586,61752.0320,-5998577.0787,
365.0000,42695.8014,2661.9427,9370.6592,8.2619,0.0873,0.1586,61592.4615,-6001522.7608,
365.2500,42553.3011,2652.2863,9491.7918,8.2384,0.0873,0.1585,61430.5423,-6004492.2948,
365.5000,42410.8108,2642.5006,9613.6028,8.2145,0.0873,0.1585,61266.2664,-6007485.3900,
365.7500,42268.3390,2632.5851,9736.0497,8.1901,0.0873,0.1585,61099.6271,-6010501.7345,
366.0000,42125.8944,2622.5390,9859.0881,8.1653,0.0873,0.1585,60930.6187,-6013540.9948,
366.2500,41983.4858,2612.3616,9982.6712,8.1400,0.0873,0.1585,60759.2371,-6016602.8154,
366.5000,41841.1218,2602.0525,10106.7504,8.1143,0.0873,0.1585,60585.4793,-6019686.8188,
366.7500,41698.8115,2591.6112,10231.2748,8.0881,0.0873,0.1585,60409.3437,-6022792.6047,
367.0000,41556.5637,2581.0371,10356.1914,8.0615,0.0873,0.1585,60230.8301,-6025919.7503,
367.2500,41414.3876,2570.3300,10481.4450,8.0345,0.0873,0.1585,60049.9396,-6029067.8096,
367.5000,41272.2924,2559.4894,10606.9784,8.0069,0.0873,0.1585,59866.6749,-6032236.3138,
367.7500,41130.2872,2548.5150,10732.7322,7.9789,0.0873,0.1585,59681.0404,-6035424.7705,
368.0000,40988.3814,2537.4068,10858.6447,7.9505,0.0873,0.1585,59493.0417,-6038632.6641,
368.2500,40846.5844,2526.1645,10984.6523,7.9216,0.0873,0.1585,59302.6861,-6041859.4554,
368.5000,40704.9055,2514.7881,11110.6892,7.8922,0.0873,0.1585,59109.9827,-6045104.5818,
368.7500,40563.3544,2503.2775,11236.6874,7.8624,0.0873,0.1585,58914.9420,-6048367.4571,
369.0000,40421.9405,2491.6329,11362.5771,7.8320,0.0873,0.1585,58717.5764,-6051647.4718,
369.2500,40280.6736,2479.8543,11488.2862,7.8013,0.0873,0.1585,58517.8999,-6054943.9929,
369.5000,40139.5633,2467.9421,11613.7407,7.7700,0.0873,0.1585,58315.9284,-6058256.3642,
369.7500,39998.6194,2455.8965,11738.8648,7.7383,0.0873,0.1585,58111.6792,-6061583.9065,
370.0000,39857.8517,2443.7178,11863.5806,7.7061,0.0873,0.1585,57905.1719,-6064925.9179,
370.2500,39717.2701,2431.4067,11987.8084,7.6734,0.0873,0.1585,57696.4275,-6068281.6737,
370.5000,39576.8843,2418.9635,12111.4669,7.6403,0.0873,0.1585,57485.4690,-6071650.4273,
370.7500,39436.7045,2406.3890,12234.4730,7.6066,0.0873,0.1585,57272.3213,-6075031.4102,
371.0000,39296.7404,2393.6838,12356.7419,7.5726,0.0873,0.1585,57057.0111,-6078423.8325,
371.2500,39157.0021,2380.8489,12478.1874,7.5380,0.0873,0.1585,56839.5670,-6081826.8835,
371.5000,39017.4996,2367.8851,12598.7218,7.5030,0.0873,0.1585,56620.0193,-6085239.7323,
371.7500,38878.2429,2354.7933,12718.2560,7.4675,0.0873,0.1585,56398.4004,-6088661.5280,
372.0000,38739.2421,2341.5748,12836.6997,7.4315,0.0873,0.1585,56174.7445,-6092091.4010,
372.2500,38600.5071,2328.2306,12953.9616,7.3951,0.0873,0.1585,55949.0876,-6095528.4630,
372.5000,38462.0482,2314.7621,13069.9493,7.3582,0.0873,0.1585,55721.4676,-6098971.8083,
372.7500,38323.8752,2301.1706,13184.5694,7.3209,0.0873,0.1585,55491.9243,-6102420.5147,
373.0000,38185.9982,2287.4576,13297.7279,7.2831,0.0873,0.1585,55260.4992,-6105873.6436,
373.2500,38048.4273,2273.6248,13409.3303,7.2449,0.0873,0.1585,55027.2357,-6109330.2418,
373.5000,37911.1725,2259.6737,13519.2813,7.2062,0.0873,0.1585,54792.1790,-6112789.3421,
373.7500,37774.2437,2245.6061,13627.4855,7.1671,0.0873,0.1585,54555.3761,-6116249.9642,
374.0000,37637.6509,2231.4239,13733.8474,7.1275,0.0873,0.1585,54316.8754,-6119711.1159,
374.2500,37501.4039,2217.1292,13838.2713,7.0875,0.0873,0.1585,54076.7274,-6123171.7946,
374.5000,37365.5127,2202.7238,13940.6619,7.0471,0.0873,0.1585,53834.9840,-6126630.9876,
374.7500,37229.9870,2188.2100,14040.9239,7.0062,0.0873,0.1585,53591.6988,-6130087.6741,
375.0000,37094.8366,2173.5901,14138.9628,6.9650,0.0873,0.1585,53346.9269,-6133540.8262,
375.2500,36960.0713,2158.8663,14234.6845,6.9233,0.0873,0.1585,53100.7248,-6136989.4099,
375.5000,36825.7005,2144.0412,14327.9961,6.8812,0.0873,0.1585,52853.1506,-6140432.3869,
375.7500,36691.7339,2129.1173,14418.8053,6.8388,0.0873,0.1585,52604.2637,-6143868.7156,
376.0000,36558.1810,2114.0972,14507.0214,6.7959,0.0873,0.1585,52354.1249,-6147297.3526,
376.2500,36425.0511,2098.9836,14592.5548,6.7527,0.0873,0.1585,52102.7961,-6150717.2540,
376.5000,36292.3534,2083.7793,14675.3176,6.7090,0.0873,0.1585,51850.3404,-6154127.3769,
376.7500,36160.0973,2068.4873,14755.2236,6.6651,0.0873,0.1585,51596.8221,-6157526.6810,
377.0000,36028.2917,2053.1104,14832.1885,6.6207,0.0873,0.1585,51342.3065,-6160914.1296,
377.2500,35896.9456,2037.6518,14906.1302,6.5761,0.0873,0.1585,51086.8598,-6164288.6917,
377.5000,35766.0680,2022.1145,14976.9687,6.5310,0.0873,0.1585,50830.5490,-6167649.3425,
377.7500,35635.6674,2006.5018,15044.6267,6.4857,0.0873,0.1585,50573.4419,-6170995.0661,
378.0000,35505.7525,1990.8169,15109.0292,6.4400,0.0873,0.1585,50315.6072,-6174324.8558,
378.2500,35376.3318,1975.0633,15170.1043,6.3941,0.0873,0.1585,50057.1138,-6177637.7161,
378.5000,35247.4135,1959.2442,15227.7827,6.3478,0.0873,0.1585,49798.0314,-6180932.6643,
378.7500,35119.0059,1943.3631,15281.9985,6.3012,0.0873,0.1585,49538.4301,-6184208.7313,
379.0000,34991.1170,1927.4237,15332.6887,6.2544,0.0873,0.1585,49278.3801,-6187464.9636,
379.2500,34863.7545,1911.4294,15379.7940,6.2073,0.0873,0.1585,49017.9521,-6190700.4242,
379.5000,34736.9263,1895.3839,15423.2583,6.1599,0.0873,0.1585,48757.2166,-6193914.1943,
379.7500,34610.6399,1879.2908,15463.0294,6.1123,0.0873,0.1585,48496.2444,-6197105.3741,
380.0000,34484.9025,1863.1539,15499.0586,6.0645,0.0873,0.1585,48235.1061,-6200273.0846,
380.2500,34359.7215,1846.9769,15531.3010,6.0164,0.0873,0.1585,47973.8722,-6203416.4684,
380.5000,34235.1038,1830.7636,15559.7158,5.9681,0.0873,0.1585,47712.6128,-6206534.6910,
380.7500,34111.0562,1814.5177,15584.2662,5.9197,0.0873,0.1585,47451.3979,-6209626.9418,
381.0000,33987.5854,1798.2431,15604.9194,5.8710,0.0873,0.1585,47190.2966,-6212692.4354,
381.2500,33864.6978,1781.9437,15621.6466,5.8222,0.0873,0.1585,46929.3779,-6215730.4122,
381.5000,33742.3997,1765.6232,15634.4234,5.7732,0.0873,0.1585,46668.7100,-6218740.1396,
381.7500,33620.6971,1749.2855,15643.2296,5.7241,0.0873,0.1585,46408.3602,-6221720.9128,
382.0000,33499.5959,1732.9345,15648.0492,5.6748,0.0873,0.1585,46148.3953,-6224672.0554,
382.2500,33379.1017,1716.5741,15648.8705,5.6254,0.0873,0.1585,45888.8809,-6227592.9204,
382.5000,33259.2200,1700.2080,15645.6859,5.5759,0.0873,0.1585,45629.8818,-6230482.8906,
382.7500,33139.9561,1683.8402,15638.4925,5.5263,0.0873,0.1585,45371.4617,-6233341.3796,
383.0000,33021.3150,1667.4743,15627.2911,5.4767,0.0873,0.1585,45113.6831,-6236167.8314,
383.2500,32903.3015,1651.1143,15612.0872,5.4269,0.0873,0.1585,44856.6073,-6238961.7221,
383.5000,32785.9203,1634.7639,15592.8902,5.3771,0.0873,0.1585,44600.2943,-6241722.5589,
383.7500,32669.1758,1618.4267,15569.7137,5.3272,0.0873,0.1585,44344.8029,-6244449.8815,
384.0000,32553.0722,1602.1065,15542.5754,5.2773,0.0873,0.1585,44090.1903,-6247143.2615,
384.2500,32437.6135,1585.8070,15511.4970,5.2274,0.0873,0.1585,43836.5123,-6249802.3031,
384.5000,32322.8036,1569.5317,15476.5040,5.1775,0.0873,0.1585,43583.8232,-6252426.6427,
384.7500,32208.6459,1553.2842,15437.6259,5.1275,0.0873,0.1585,43332.1757,-6255015.9491,
385.0000,32095.1439,1537.0680,15394.8959,5.0776,0.0873,0.1585,43081.6209,-6257569.9233,
385.2500,31982.3011,1520.8417,15348.3507,5.0277,0.0873,0.1585,42832.2083,-6260088.2985,
385.5000,31870.1329,1504.4418,15524.0254,4.9749,0.0873,0.1585,42580.3028,-6262607.6835,
385.7500,31758.6475,1488.1047,15449.1515,4.9222,0.0873,0.1585,42329.8730,-6265088.3355,
386.0000,31647.8462,1471.8334,15370.8492,4.8696,0.0873,0.1585,42081.0862,-6267528.9068,
386.2500,31537.7297,1455.6308,15289.1936,4.8173,0.0873,0.1585,41833.9743,-6269929.4209,
386.5000,31428.2989,1439.4997,15204.2613,4.7651,0.0873,0.1585,41588.5670,-6272289.9315,
386.7500,31319.5541,1423.4427,15116.1310,4.7131,0.0873,0.1585,41344.8923,-6274610.5214,
387.0000,31211.4959,1407.4624,15024.8830,4.6614,0.0873,0.1585,41102.9760,-6276891.3016,
387.2500,31104.1244,1391.5612,14930.5987,4.6099,0.0873,0.1585,40862.8420,-6279132.4101,
387.5000,30997.4395,1375.7415,14833.3612,4.5586,0.0873,0.1585,40624.5122,-6281334.0112,
387.7500,30891.4413,1360.0056,14733.2543,4.5076,0.0873,0.1585,40388.0069,-6283496.2938,
388.0000,30786.1294,1344.3557,14630.3631,4.4568,0.0873,0.1585,40153.3441,-6285619.4710,
388.2500,30681.5034,1328.7937,14524.7733,4.4063,0.0873,0.1585,39920.5404,-6287703.7783,
388.5000,30577.5628,1313.3216,14416.5712,4.3560,0.0873,0.1585,39689.6104,-6289749.4730,
388.7500,30474.3068,1297.9415,14305.8438,4.3061,0.0873,0.1585,39460.5671,-6291756.8329,
389.0000,30371.7346,1282.6548,14192.6783,4.2564,0.0873,0.1585,39233.4217,-6293726.1551,
389.2500,30269.8453,1267.4635,14077.1622,4.2070,0.0873,0.1585,39008.1840,-6295657.7549,
389.5000,30168.6378,1252.3690,13959.3832,4.1578,0.0873,0.1585,38784.8621,-6297551.9647,
389.7500,30068.1109,1237.3728,13839.4289,4.1090,0.0873,0.1585,38563.4626,-6299409.1330,
390.0000,29968.2634,1222.4763,13717.3868,4.0605,0.0873,0.1585,38343.9906,-6301229.6230,
390.2500,29869.0938,1207.6809,13593.3444,4.0123,0.0873,0.1585,38126.4499,-6303013.8119,
390.5000,29770.6007,1192.9876,13467.3887,3.9644,0.0873,0.1585,37910.8429,-6304762.0895,
390.7500,29672.7824,1178.3977,13339.6063,3.9168,0.0873,0.1585,37697.1708,-6306474.8574,
391.0000,29575.6374,1163.9123,13210.0836,3.8695,0.0873,0.1585,37485.4334,-6308152.5277,
391.2500,29479.1637,1149.5321,13078.9061,3.8226,0.0873,0.1585,37275.6297,-6309795.5225,
391.5000,29383.3597,1135.2582,12946.1591,3.7760,0.0873,0.1585,37067.7572,-6311404.2722,
391.7500,29288.2235,1121.0914,12811.9269,3.7297,0.0873,0.1585,36861.8126,-6312979.2151,
392.0000,29193.7529,1107.0324,12676.2933,3.6837,0.0873,0.1585,36657.7915,-6314520.7966,
392.2500,29099.9461,1093.0818,12539.3413,3.6381,0.0873,0.1585,36455.6889,-6316029.4677,
392.5000,29006.8009,1079.2403,12401.1529,3.5928,0.0873,0.1585,36255.4984,-6317505.6847,
392.7500,28914.3152,1065.5084,12261.8097,3.5479,0.0873,0.1585,36057.2133,-6318949.9081,
393.0000,28822.4867,1051.8866,12121.3919,3.5033,0.0873,0.1585,35860.8260,-6320362.6021,
393.2500,28731.3132,1038.3753,11979.9793,3.4590,0.0873,0.1585,35666.3281,-6321744.2334,
393.5000,28640.7925,1024.9749,11837.6504,3.4151,0.0873,0.1585,35473.7107,-6323095.2710,
393.7500,28550.9222,1011.6857,11694.4830,3.3716,0.0873,0.1585,35282.9643,-6324416.1851,
394.0000,28461.6999,998.5079,11550.5539,3.3283,0.0873,0.1585,35094.0789,-6325707.4468,
394.2500,28373.1232,985.4419,11405.9388,3.2855,0.0873,0.1585,34907.0441,-6326969.5273,
394.5000,28285.1897,972.4877,11260.7127,3.2430,0.0873,0.1585,34721.8490,-6328202.8972,
394.7500,28197.8969,959.6455,11114.9495,3.2008,0.0873,0.1585,34538.4823,-6329408.0265,
395.0000,28111.2423,946.9155,10968.7220,3.1590,0.0873,0.1585,34356.9326,-6330585.3834,
395.2500,28025.2235,934.2977,10822.1023,3.1175,0.0873,0.1585,34177.1880,-6331735.4344,
395.5000,27939.8378,921.7921,10675.1614,3.0764,0.0873,0.1585,33999.2365,-6332858.6436,
395.7500,27855.0827,909.3988,10527.9692,3.0357,0.0873,0.1585,33823.0659,-6333955.4723,
396.0000,27770.9556,897.1178,10380.5950,2.9953,0.0873,0.1585,33648.6639,-6335026.3787,
396.2500,27687.4539,884.9491,10233.1068,2.9552,0.0873,0.1585,33476.0180,-6336071.8177,
396.5000,27604.5751,872.8925,10085.5719,2.9155,0.0873,0.1585,33305.1158,-6337092.2403,
396.7500,27522.3164,860.9482,9938.0566,2.8762,0.0873,0.1585,33135.9446,-6338088.0937,
397.0000,27440.6752,849.1159,9790.6261,2.8372,0.0873,0.1585,32968.4921,-6339059.8208,
397.2500,27359.6488,837.3956,9643.3448,2.7986,0.0873,0.1585,32802.7457,-6340007.8598,
397.5000,27279.2346,825.7872,9496.2764,2.7603,0.0873,0.1585,32638.6930,-6340932.6447,
397.7500,27199.4299,814.2907,9349.4832,2.7224,0.0873,0.1585,32476.3217,-6341834.6043,
398.0000,27120.2319,802.9059,9203.0271,2.6849,0.0873,0.1585,32315.6195,-6342714.1628,
398.2500,27041.6379,791.6327,9056.9686,2.6477,0.0873,0.1585,32156.5744,-6343571.7391,
398.5000,26963.6451,780.4710,8911.3676,2.6108,0.0873,0.1585,31999.1745,-6344407.7471,
398.7500,26886.2508,769.4207,8766.2829,2.5743,0.0873,0.1585,31843.4079,-6345222.5956,
399.0000,26809.4521,758.4818,8621.7725,2.5382,0.0873,0.1585,31689.2631,-6346016.6879,
399.2500,26733.2464,747.6540,8477.8933,2.5024,0.0873,0.1585,31536.7288,-6346790.4222,
399.5000,26657.6306,736.9374,8334.7014,2.4670,0.0873,0.1585,31385.7936,-6347544.1914,
399.7500,26582.6021,726.3318,8192.2517,2.4319,0.0873,0.1585,31236.4468,-6348278.3830,
400.0000,26508.1578,715.8371,8050.5984,2.3972,0.0873,0.1585,31088.6774,-6348993.3793,
400.2500,26434.2949,705.4533,7909.7945,2.3629,0.0873,0.1585,30942.4750,-6349689.5574,
400.5000,26361.0104,695.1804,7769.8919,2.3289,0.0873,0.1585,30797.8293,-6350367.2891,
400.7500,26288.3013,685.0181,7630.9416,2.2952,0.0873,0.1585,30654.7302,-6351026.9410,
401.0000,26216.1647,674.9665,7492.9934,2.2620,0.0873,0.1585,30513.1678,-6351668.8748,
401.2500,26144.5975,665.0256,7356.0962,2.2290,0.0873,0.1585,30373.1324,-6352293.4469,
401.5000,26073.5966,655.1953,7220.2973,2.1964,0.0873,0.1585,30234.6147,-6352901.0089,
401.7500,26003.1589,645.4756,7085.6433,2.1642,0.0873,0.1585,30097.6054,-6353491.9076,
402.0000,25933.2813,635.8664,6952.1793,2.1324,0.0873,0.1585,29962.0953,-6354066.4849,
402.2500,25863.9604,626.3677,6819.9492,2.1009,0.0873,0.1585,29828.0757,-6354625.0780,
402.5000,25795.1932,616.9796,6688.9957,2.0697,0.0873,0.1585,29695.5378,-6355168.0194,
402.7500,25726.9762,607.7020,6559.3601,2.0389,0.0873,0.1585,29564.4730,-6355695.6372,
403.0000,25659.3061,598.5349,6431.0822,2.0085,0.0873,0.1585,29434.8729,-6356208.2551,
403.2500,25592.1795,589.4784,6304.2006,1.9784,0.0873,0.1585,29306.7292,-6356706.1924,
403.5000,25525.5930,580.5323,6178.7524,1.9487,0.0873,0.1585,29180.0336,-6357189.7641,
403.7500,25459.5429,571.6968,6054.7730,1.9193,0.0873,0.1585,29054.7781,-6357659.2811,
404.0000,25394.0258,562.9719,5932.2965,1.8904,0.0873,0.1585,28930.9544,-6358115.0503,
404.2500,25329.0380,554.3575,5811.3553,1.8617,0.0873,0.1585,28808.5546,-6358557.3744,
404.5000,25264.5758,545.8536,5691.9803,1.8334,0.0873,0.1585,28687.5706,-6358986.5523,
404.7500,25200.6354,537.4603,5574.2006,1.8055,0.0873,0.1585,28567.9944,-6359402.8791,
405.0000,25137.2129,529.1775,5458.0437,1.7780,0.0873,0.1585,28449.8179,-6359806.6461,
405.2500,25074.3045,521.0051,5343.5355,1.7508,0.0873,0.1585,28333.0331,-6360198.1409,
405.5000,25011.9062,512.9433,5230.6999,1.7239,0.0873,0.1585,28217.6316,-6360577.6471,
405.7500,24950.0139,504.9919,5119.5592,1.6974,0.0873,0.1585,28103.6053,-6360945.4453,
406.0000,24888.6236,497.1508,5010.1339,1.6713,0.0873,0.1585,27990.9457,-6361301.8119,
406.2500,24827.7310,489.4200,4902.4426,1.6456,0.0873,0.1585,27879.6445,-6361647.0202,
406.5000,24767.3319,481.7994,4796.5021,1.6202,0.0873,0.1585,27769.6927,-6361981.3397,
406.7500,24707.4220,474.2889,4692.3275,1.5951,0.0873,0.1585,27661.0818,-6362305.0367,
407.0000,24647.9968,466.8883,4589.9318,1.5705,0.0873,0.1585,27553.8025,-6362618.3736,
407.2500,24589.0519,459.5975,4489.3264,1.5462,0.0873,0.1585,27447.8457,-6362921.6098,
407.5000,24530.5828,452.4163,4390.5206,1.5222,0.0873,0.1585,27343.2020,-6363215.0009,
407.7500,24472.5848,445.3446,4293.5221,1.4986,0.0873,0.1585,27239.8615,-6363498.7992,
408.0000,24415.0533,438.3820,4198.3365,1.4754,0.0873,0.1585,27137.8145,-6363773.2534,
408.2500,24357.9835,431.5283,4104.9678,1.4525,0.0873,0.1585,27037.0507,-6364038.6087,
408.5000,24301.3706,424.7832,4013.4181,1.4300,0.0873,0.1585,26937.5596,-6364295.1070,
408.7500,24245.2097,418.1464,3923.6878,1.4078,0.0873,0.1585,26839.3305,-6364542.9864,
409.0000,24189.4960,411.6175,3835.7754,1.3860,0.0873,0.1585,26742.3523,-6364782.4815,
409.2500,24134.2243,405.1961,3749.6777,1.3645,0.0873,0.1585,26646.6137,-6365013.8236,
409.5000,24079.3898,398.8819,3665.3900,1.3434,0.0873,0.1585,26552.1031,-6365237.2399,
409.7500,24024.9871,392.6743,3582.9059,1.3227,0.0873,0.1585,26458.8085,-6365452.9544,
410.0000,23971.0113,386.5729,3502.2172,1.3023,0.0873,0.1585,26366.7177,-6365661.1870,
410.2500,23917.4571,380.5771,3423.3144,1.2822,0.0873,0.1585,26275.8183,-6365862.1542,
410.5000,23864.3192,374.6864,3346.1864,1.2625,0.0873,0.1585,26186.0972,-6366056.0686,
410.7500,23811.5924,368.9001,3270.8206,1.2432,0.0873,0.1585,26097.5416,-6366243.1390,
411.0000,23759.2713,363.2176,3197.2032,1.2242,0.0873,0.1585,26010.1378,-6366423.5704,
411.2500,23707.3506,357.6383,3125.3190,1.2055,0.0873,0.1585,25923.8723,-6366597.5639,
411.5000,23655.8248,352.1614,3055.1515,1.1872,0.0873,0.1585,25838.7311,-6366765.3168,
411.7500,23604.6886,346.7862,2986.6830,1.1692,0.0873,0.1585,25754.6999,-6366927.0224,
412.0000,23553.9364,341.5119,2919.8946,1.1515,0.0873,0.1585,25671.7644,-6367082.8700,
412.2500,23503.5629,336.3376,2854.7667,1.1342,0.0873,0.1585,25589.9097,-6367233.0450,
412.5000,23453.5625,331.2626,2791.2783,1.1172,0.0873,0.1585,25509.1209,-6367377.7289,
412.7500,23403.9297,326.2859,2729.4077,1.1005,0.0873,0.1585,25429.3830,-6367517.0990,
413.0000,23354.6591,321.4067,2669.1322,1.0841,0.0873,0.1585,25350.6804,-6367651.3286,
413.2500,23305.7452,316.6239,2610.4285,1.0681,0.0873,0.1585,25272.9977,-6367780.5872,
413.5000,23257.1824,311.9371,2553.2725,1.0524,0.0873,0.1585,25196.3193,-6367905.0401,
413.7500,23208.9564,307.5033,2499.3494,1.0374,0.0873,0.1585,25121.9240,-6368022.8099,
414.0000,23161.0247,303.4250,2451.2066,1.0235,0.0873,0.1585,25051.7405,-6368131.1437,
414.2500,23113.3431,299.6639,2408.2020,1.0108,0.0873,0.1585,24985.2782,-6368231.1608,
414.5000,23065.8724,296.1871,2369.7436,0.9990,0.0873,0.1585,24922.0827,-6368323.8648,
414.7500,23018.5777,292.9662,2335.3302,0.9881,0.0873,0.1585,24861.7673,-6368410.1042,
415.0000,22971.4274,289.9764,2304.5349,0.9780,0.0873,0.1585,24804.0007,-6368490.6009,
415.2500,22924.3935,287.1963,2276.9915,0.9686,0.0873,0.1585,24748.4968,-6368565.9738,
415.5000,22877.4506,284.6070,2252.3839,0.9599,0.0873,0.1585,24695.0075,-6368636.7557,
415.7500,22830.5758,282.1916,2230.4380,0.9517,0.0873,0.1585,24643.3158,-6368703.4084,
416.0000,22783.7483,279.9355,2210.9148,0.9441,0.0873,0.1585,24593.2313,-6368766.3339,
416.2500,22736.9493,277.8253,2193.6049,0.9370,0.0873,0.1585,24544.5859,-6368825.8837,
416.5000,22690.1618,275.8493,2178.3237,0.9304,0.0873,0.1585,24497.2306,-6368882.3665,
416.7500,22643.3703,273.9970,2164.9084,0.9242,0.0873,0.1585,24451.0324,-6368936.0546,
417.0000,22596.5607,272.2587,2153.2142,0.9183,0.0873,0.1585,24405.8725,-6368987.1891,
417.2500,22549.7202,270.6259,2143.1123,0.9129,0.0873,0.1585,24361.6441,-6369035.9839,
417.5000,22502.8372,269.0907,2134.4873,0.9077,0.0873,0.1585,24318.2510,-6369082.6299,
417.7500,22455.9010,267.6460,2127.2359,0.9029,0.0873,0.1585,24275.6058,-6369127.2974,
418.0000,22408.9020,266.2855,2121.2649,0.8983,0.0873,0.1585,24233.6296,-6369170.1394,
418.2500,22361.8314,265.0030,2116.4903,0.8941,0.0873,0.1585,24192.2501,-6369211.2931,
418.5000,22314.6813,263.7933,2112.8360,0.8900,0.0873,0.1585,24151.4015,-6369250.8823,
418.7500,22267.4444,262.6513,2110.2327,0.8862,0.0873,0.1585,24111.0234,-6369289.0187,
419.0000,22220.1142,261.5724,2108.6174,0.8827,0.0873,0.1585,24071.0602,-6369325.8034,
419.2500,22172.6848,260.5525,2107.9327,0.8793,0.0873,0.1585,24031.4610,-6369361.3283,
419.5000,22125.1508,259.5876,2108.1259,0.8761,0.0873,0.1585,23992.1784,-6369395.6765,
419.7500,22077.5075,258.6740,2109.1487,0.8731,0.0873,0.1585,23953.1690,-6369428.9241,
420.0000,22029.7505,257.8084,2110.9566,0.8702,0.0873,0.1585,23914.3921,-6369461.1402,
420.2500,21981.8761,256.9878,2113.5087,0.8675,0.0873,0.1585,23875.8103,-6369492.3879,
420.5000,21933.8808,256.2091,2116.7671,0.8649,0.0873,0.1585,23837.3887,-6369522.7251,
420.7500,21885.7617,255.4697,2120.6969,0.8625,0.0873,0.1585,23799.0946,-6369552.2047,
421.0000,21837.5162,254.7671,2125.2655,0.8602,0.0873,0.1585,23760.8978,-6369580.8753,
421.2500,21789.1420,254.0988,2130.4428,0.8580,0.0873,0.1585,23722.7698,-6369608.7815,
421.5000,21740.6372,253.4627,2136.2007,0.8560,0.0873,0.1585,23684.6842,-6369635.9643,
421.7500,21692.0002,252.8568,2142.5131,0.8540,0.0873,0.1585,23646.6163,-6369662.4614,
422.0000,21643.2297,252.2790,2149.3554,0.8521,0.0873,0.1585,23608.5428,-6369688.3076,
422.2500,21594.3247,251.7276,2156.7049,0.8503,0.0873,0.1585,23570.4421,-6369713.5351,
422.5000,21545.2842,251.2008,2164.5402,0.8486,0.0873,0.1585,23532.2937,-6369738.1733,
422.7500,21496.1079,250.6972,2172.8412,0.8470,0.0873,0.1585,23494.0786,-6369762.2498,
423.0000,21446.7953,250.2150,2181.5890,0.8455,0.0873,0.1585,23455.7791,-6369785.7897,
423.2500,21397.3463,249.7531,2190.7659,0.8440,0.0873,0.1585,23417.3782,-6369808.8165,
423.5000,21347.7610,249.3099,2200.3554,0.8426,0.0873,0.1585,23378.8605,-6369831.3520,
423.7500,21298.0398,248.8843,2210.3417,0.8412,0.0873,0.1585,23340.2113,-6369853.4162,
424.0000,21248.1829,248.4752,2220.7101,0.8399,0.0873,0.1585,23301.4168,-6369875.0278,
424.2500,21198.1910,248.0812,2231.4466,0.8387,0.0873,0.1585,23262.4642,-6369896.2042,
424.5000,21148.0649,247.7016,2242.5379,0.8375,0.0873,0.1585,23223.3417,-6369916.9614,
424.7500,21097.8054,247.3352,2253.9718,0.8363,0.0873,0.1585,23184.0382,-6369937.3145,
425.0000,21047.4135,246.9811,2265.7365,0.8352,0.0873,0.1585,23144.5431,-6369957.2774,
425.2500,20996.8905,246.6385,2277.8207,0.8342,0.0873,0.1585,23104.8471,-6369976.8630,
425.5000,20946.2375,246.3065,2290.2141,0.8331,0.0873,0.1585,23064.9412,-6369996.0835,
425.7500,20895.4559,245.9844,2302.9067,0.8321,0.0873,0.1585,23024.8172,-6370014.9502,
426.0000,20844.5473,245.6714,2315.8890,0.8312,0.0873,0.1585,22984.4675,-6370033.4737,
426.2500,20793.5130,245.3669,2329.1522,0.8302,0.0873,0.1585,22943.8853,-6370051.6637,
426.5000,20742.3549,245.0702,2342.6879,0.8293,0.0873,0.1585,22903.0641,-6370069.5295,
426.7500,20691.0746,244.7808,2356.4880,0.8284,0.0873,0.1585,22861.9982,-6370087.0797,
427.0000,20639.6738,244.4980,2370.5450,0.8276,0.0873,0.1585,22820.6825,-6370104.3225,
427.2500,20588.1546,244.2212,2384.8518,0.8267,0.0873,0.1585,22779.1123,-6370121.2654,
427.5000,20536.5187,243.9502,2399.4016,0.8259,0.0873,0.1585,22737.2834,-6370137.9155,
427.7500,20484.7681,243.6842,2414.1881,0.8251,0.0873,0.1585,22695.1921,-6370154.2797,
428.0000,20432.9050,243.4230,2429.2052,0.8243,0.0873,0.1585,22652.8352,-6370170.3642,
428.2500,20380.9312,243.1660,2444.4473,0.8235,0.0873,0.1585,22610.2100,-6370186.1750,
428.5000,20328.8491,242.9130,2459.9089,0.8228,0.0873,0.1585,22567.3141,-6370201.7178,
428.7500,20276.6606,242.6635,2475.5850,0.8220,0.0873,0.1585,22524.1457,-6370216.9978,
429.0000,20224.3680,242.4172,2491.4710,0.8213,0.0873,0.1585,22480.7032,-6370232.0202,
429.2500,20171.9735,242.1739,2507.5622,0.8205,0.0873,0.1585,22436.9856,-6370246.7898,
429.5000,20119.4793,241.9331,2523.8545,0.8198,0.0873,0.1585,22392.9920,-6370261.3112,
429.7500,20066.8877,241.6947,2540.3439,0.8191,0.0873,0.1585,22348.7220,-6370275.5886,
430.0000,20014.2008,241.4584,2557.0268,0.8184,0.0873,0.1585,22304.1756,-6370289.6264,
430.2500,19961.4221,241.2122,2591.3644,0.8176,0.0873,0.1585,22259.1852,-6370303.4798,
430.5000,19908.5556,240.9670,2607.5537,0.8168,0.0873,0.1585,22213.8423,-6370317.1235,
430.7500,19855.6032,240.7264,2623.9767,0.8160,0.0873,0.1585,22168.2867,-6370330.5191,
431.0000,19802.5665,240.4900,2640.6278,0.8152,0.0873,0.1585,22122.5156,-6370343.6719,
431.2500,19749.4470,240.2575,2657.5016,0.8144,0.0873,0.1585,22076.5268,-6370356.5872,
431.5000,19696.2466,240.0285,2674.5929,0.8136,0.0873,0.1585,22030.3183,-6370369.2701,
431.7500,19642.9669,239.8027,2691.8972,0.8128,0.0873,0.1585,21983.8886,-6370381.7251,
432.0000,19589.6096,239.5799,2709.4101,0.8121,0.0873,0.1585,21937.2367,-6370393.9569,
432.2500,19536.1767,239.3597,2727.1274,0.8113,0.0873,0.1585,21890.3618,-6370405.9697,
432.5000,19482.6698,239.1420,2745.0454,0.8106,0.0873,0.1585,21843.2636,-6370417.7676,
432.7500,19429.0908,238.9264,2763.1605,0.8099,0.0873,0.1585,21795.9420,-6370429.3547,
433.0000,19375.4415,238.7129,2781.4694,0.8091,0.0873,0.1585,21748.3972,-6370440.7347,
433.2500,19321.7237,238.5011,2799.9692,0.8084,0.0873,0.1585,21700.6298,-6370451.9112,
433.5000,19267.9393,238.2910,2818.6571,0.8077,0.0873,0.1585,21652.6406,-6370462.8878,
433.7500,19214.0901,238.0823,2837.5304,0.8070,0.0873,0.1585,21604.4308,-6370473.6679,
434.0000,19160.1779,237.8749,2856.5869,0.8063,0.0873,0.1585,21556.0015,-6370484.2547,
434.2500,19106.2046,237.6687,2875.8245,0.8056,0.0873,0.1585,21507.3544,-6370494.6515,
434.5000,19052.1720,237.4636,2895.2411,0.8049,0.0873,0.1585,21458.4912,-6370504.8613,
434.7500,18998.0820,237.2594,2914.8351,0.8042,0.0873,0.1585,21409.4139,-6370514.8872,
435.0000,18943.9363,237.0560,2934.6050,0.8035,0.0873,0.1585,21360.1246,-6370524.7321,
435.2500,18889.7367,236.8533,2954.5492,0.8028,0.0873,0.1585,21310.6255,-6370534.3989,
435.5000,18835.4852,236.6513,2974.6666,0.8021,0.0873,0.1585,21260.9192,-6370543.8903,
435.7500,18781.1833,236.4498,2994.9561,0.8015,0.0873,0.1585,21211.0083,-6370553.2090,
436.0000,18726.8330,236.2489,3015.4169,0.8008,0.0873,0.1585,21160.8954,-6370562.3578,
436.2500,18672.4359,236.0484,3036.0481,0.8001,0.0873,0.1585,21110.5834,-6370571.3393,
436.5000,18617.9944,235.8411,3056.7256,0.7994,0.0873,0.1585,21059.9776,-6370580.1729,
436.7500,18563.5128,235.6209,3077.2286,0.7987,0.0873,0.1585,21008.9115,-6370588.8896,
437.0000,18508.9958,235.3879,3097.5463,0.7979,0.0873,0.1585,20957.3892,-6370597.4895,
437.2500,18454.4482,235.1424,3117.6723,0.7971,0.0873,0.1585,20905.4182,-6370605.9725,
437.5000,18399.8745,234.8842,3137.6001,0.7962,0.0873,0.1585,20853.0061,-6370614.3385,
437.7500,18345.2794,234.6135,3157.3237,0.7953,0.0873,0.1585,20800.1608,-6370622.5872,
438.0000,18290.6675,234.3305,3176.8369,0.7943,0.0873,0.1585,20746.8905,-6370630.7187,
438.2500,18236.0432,234.0353,3196.1339,0.7933,0.0873,0.1585,20693.2034,-6370638.7329,
438.5000,18181.4111,233.7279,3215.2089,0.7923,0.0873,0.1585,20639.1079,-6370646.6298,
438.7500,18126.7756,233.4085,3234.0564,0.7912,0.0873,0.1585,20584.6126,-6370654.4095,
439.0000,18072.1410,233.0772,3252.6710,0.7901,0.0873,0.1585,20529.7262,-6370662.0721,
439.2500,18017.5118,232.7341,3271.0474,0.7890,0.0873,0.1585,20474.4577,-6370669.6177,
439.5000,17962.8921,232.3795,3289.1808,0.7878,0.0873,0.1585,20418.8161,-6370677.0466,
439.7500,17908.2862,232.0134,3307.0661,0.7865,0.0873,0.1585,20362.8106,-6370684.3590,
440.0000,17853.6983,231.6360,3324.6988,0.7853,0.0873,0.1585,20306.4505,-6370691.5552,
440.2500,17799.1325,231.2474,3342.0744,0.7840,0.0873,0.1585,20249.7452,-6370698.6354,
440.5000,17744.5929,230.8478,3359.1885,0.7826,0.0873,0.1585,20192.7041,-6370705.6002,
440.7500,17690.0834,230.4373,3376.0373,0.7812,0.0873,0.1585,20135.3370,-6370712.4499,
441.0000,17635.6081,230.0162,3392.6167,0.7798,0.0873,0.1585,20077.6536,-6370719.1849,
441.2500,17581.1708,229.5846,3408.9232,0.7784,0.0873,0.1585,20019.6636,-6370725.8059,
441.5000,17526.7754,229.1427,3424.9533,0.7769,0.0873,0.1585,19961.3768,-6370732.3132,
441.7500,17472.4256,228.6906,3440.7037,0.7753,0.0873,0.1585,19902.8034,-6370738.7075,
442.0000,17418.1252,228.2285,3456.1713,0.7738,0.0873,0.1585,19843.9531,-6370744.9895,
442.2500,17363.8777,227.7566,3471.3535,0.7722,0.0873,0.1585,19784.8362,-6370751.1597,
442.5000,17309.6869,227.2752,3486.2476,0.7706,0.0873,0.1585,19725.4626,-6370757.2189,
442.7500,17255.5563,226.7843,3500.8511,0.7689,0.0873,0.1585,19665.8424,-6370763.1679,
443.0000,17201.4892,226.2842,3515.1619,0.7672,0.0873,0.1585,19605.9858,-6370769.0073,
443.2500,17147.4892,225.7750,3529.1781,0.7655,0.0873,0.1585,19545.9030,-6370774.7380,
443.5000,17093.5595,225.2571,3542.8978,0.7638,0.0873,0.1585,19485.6041,-6370780.3608,
443.7500,17039.7035,224.7305,3556.3196,0.7620,0.0873,0.1585,19425.0991,-6370785.8765,
444.0000,16985.9243,224.1955,3569.4420,0.7602,0.0873,0.1585,19364.3984,-6370791.2862,
444.2500,16932.2251,223.6522,3582.2641,0.7583,0.0873,0.1585,19303.5119,-6370796.5907,
444.5000,16878.6090,223.1010,3594.7848,0.7565,0.0873,0.1585,19242.4498,-6370801.7909,
444.7500,16825.0790,222.5419,3607.0035,0.7546,0.0873,0.1585,19181.2221,-6370806.8879,
445.0000,16771.6381,221.9752,3618.9197,0.7527,0.0873,0.1585,19119.8389,-6370811.8827,
445.2500,16718.2892,221.4011,3630.5330,0.7507,0.0873,0.1585,19058.3101,-6370816.7763,
445.5000,16665.0350,220.8198,3641.8434,0.7488,0.0873,0.1585,18996.6457,-6370821.5697,
445.7500,16611.8783,220.2315,3652.8510,0.7468,0.0873,0.1585,18934.8554,-6370826.2641,
446.0000,16558.8218,219.6364,3663.5561,0.7448,0.0873,0.1585,18872.9491,-6370830.8605,
446.2500,16505.8682,219.0347,3673.9591,0.7427,0.0873,0.1585,18810.9364,-6370835.3601,
446.5000,16453.0200,218.4267,3684.0608,0.7407,0.0873,0.1585,18748.8270,-6370839.7640,
446.7500,16400.2797,217.8125,3693.8621,0.7386,0.0873,0.1585,18686.6304,-6370844.0734,
447.0000,16347.6497,217.1924,3703.3638,0.7365,0.0873,0.1585,18624.3561,-6370848.2895,
447.2500,16295.1323,216.5665,3712.5674,0.7344,0.0873,0.1585,18562.0133,-6370852.4134,
447.5000,16242.7300,215.9351,3721.4741,0.7322,0.0873,0.1585,18499.6114,-6370856.4464,
447.7500,16190.4448,215.2984,3730.0855,0.7301,0.0873,0.1585,18437.1594,-6370860.3896,
448.0000,16138.2790,214.6566,3738.4034,0.7279,0.0873,0.1585,18374.6663,-6370864.2444,
448.2500,16086.2347,214.0098,3746.4296,0.7257,0.0873,0.1585,18312.1410,-6370868.0119,
448.5000,16034.3139,213.3583,3754.1661,0.7235,0.0873,0.1585,18249.5923,-6370871.6935,
448.7500,15982.5185,212.7024,3761.6152,0.7213,0.0873,0.1585,18187.0288,-6370875.2903,
449.0000,15930.8505,212.0421,3768.7792,0.7191,0.0873,0.1585,18124.4589,-6370878.8037,
449.2500,15879.3118,211.3777,3775.6605,0.7168,0.0873,0.1585,18061.8911,-6370882.2349,
449.5000,15827.9041,210.7094,3782.2618,0.7145,0.0873,0.1585,17999.3336,-6370885.5852,
449.7500,15776.6291,210.0374,3788.5857,0.7123,0.0873,0.1585,17936.7944,-6370888.8559,
450.0000,15725.4885,209.3619,3794.6351,0.7100,0.0873,0.1585,17874.2814,-6370892.0483,
450.2500,15674.4839,208.6830,3800.4130,0.7077,0.0873,0.1585,17811.8024,-6370895.1636,
450.5000,15623.6169,208.0010,3805.9224,0.7054,0.0873,0.1585,17749.3651,-6370898.2032,
450.7500,15572.8888,207.3161,3811.1666,0.7031,0.0873,0.1585,17686.9768,-6370901.1684,
451.0000,15522.3012,206.6284,3816.1489,0.7007,0.0873,0.1585,17624.6450,-6370904.0604,
451.2500,15471.8554,205.9382,3820.8725,0.6984,0.0873,0.1585,17562.3767,-6370906.8805,
451.5000,15421.5527,205.2455,3825.3411,0.6960,0.0873,0.1585,17500.1790,-6370909.6301,
451.7500,15371.3943,204.5507,3829.5581,0.6937,0.0873,0.1585,17438.0586,-6370912.3103,
452.0000,15321.3815,203.8538,3833.5272,0.6913,0.0873,0.1585,17376.0222,-6370914.9225,
452.2500,15271.5154,203.1550,3837.2522,0.6890,0.0873,0.1585,17314.0764,-6370917.4680,
452.5000,15221.7970,202.4546,3840.7367,0.6866,0.0873,0.1585,17252.2274,-6370919.9479,
452.7500,15172.2274,201.7526,3843.9847,0.6842,0.0873,0.1585,17190.4815,-6370922.3637,
453.0000,15122.8075,201.0493,3847.0000,0.6818,0.0873,0.1585,17128.8446,-6370924.7164,
453.2500,15073.5384,200.3448,3849.7867,0.6794,0.0873,0.1585,17067.3225,-6370927.0075,
453.5000,15024.4208,199.6392,3852.3487,0.6771,0.0873,0.1585,17005.9211,-6370929.2380,
453.7500,14975.4555,198.9328,3854.6900,0.6747,0.0873,0.1585,16944.6456,-6370931.4093,
454.0000,14926.6434,198.2257,3856.8149,0.6723,0.0873,0.1585,16883.5015,-6370933.5225,
454.2500,14877.9852,197.5180,3858.7273,0.6699,0.0873,0.1585,16822.4940,-6370935.5789,
454.5000,14829.4815,196.8098,3860.4315,0.6675,0.0873,0.1585,16761.6281,-6370937.5796,
454.7500,14781.1330,196.1014,3861.9316,0.6651,0.0873,0.1585,16700.9086,-6370939.5259,
455.0000,14732.9402,195.3929,3863.2319,0.6627,0.0873,0.1585,16640.3402,-6370941.4188,
455.2500,14684.9036,194.6844,3864.3365,0.6603,0.0873,0.1585,16579.9274,-6370943.2597,
455.5000,14637.0239,193.9760,3865.2496,0.6579,0.0873,0.1585,16519.6746,-6370945.0495,
455.7500,14589.3014,193.2679,3865.9756,0.6555,0.0873,0.1585,16459.5860,-6370946.7894,
456.0000,14541.7364,192.5602,3866.5187,0.6531,0.0873,0.1585,16399.6657,-6370948.4807,
456.2500,14494.3295,191.8531,3866.8830,0.6507,0.0873,0.1585,16339.9175,-6370950.1243,
456.5000,14447.0808,191.1466,3867.0729,0.6483,0.0873,0.1585,16280.3452,-6370951.7213,
456.7500,14399.9907,190.4409,3867.0925,0.6459,0.0873,0.1585,16220.9524,-6370953.2729,
457.0000,14353.0594,189.7361,3866.9461,0.6435,0.0873,0.1585,16161.7425,-6370954.7800,
457.2500,14306.2872,189.0323,3866.6378,0.6411,0.0873,0.1585,16102.7188,-6370956.2438,
457.5000,14259.6741,188.3296,3866.1720,0.6387,0.0873,0.1585,16043.8845,-6370957.6653,
457.7500,14213.2204,187.6282,3865.5526,0.6363,0.0873,0.1585,15985.2425,-6370959.0454,
458.0000,14166.9260,186.9281,3864.7839,0.6340,0.0873,0.1585,15926.7958,-6370960.3852,
458.2500,14120.7911,186.2294,3863.8700,0.6316,0.0873,0.1585,15868.5470,-6370961.6857,
458.5000,14074.8157,185.5323,3862.8149,0.6292,0.0873,0.1585,15810.4987,-6370962.9478,
458.7500,14028.9998,184.8368,3861.6227,0.6269,0.0873,0.1585,15752.6534,-6370964.1725,
459.0000,13983.3433,184.1430,3860.2975,0.6245,0.0873,0.1585,15695.0134,-6370965.3607,
459.2500,13937.8462,183.4511,3858.8431,0.6222,0.0873,0.1585,15637.5809,-6370966.5134,
459.5000,13892.5084,182.7611,3857.2636,0.6198,0.0873,0.1585,15580.3580,-6370967.6314,
459.7500,13847.3297,182.0730,3855.5628,0.6175,0.0873,0.1585,15523.3466,-6370968.7157,
460.0000,13802.3099,181.3870,3853.7446,0.6152,0.0873,0.1585,15466.5485,-6370969.7670,
460.2500,13757.4490,180.7032,3851.8128,0.6129,0.0873,0.1585,15409.9655,-6370970.7863,
460.5000,13712.7466,180.0216,3849.7712,0.6106,0.0873,0.1585,15353.5991,-6370971.7744,
460.7500,13668.2026,179.3424,3847.6234,0.6083,0.0873,0.1585,15297.4507,-6370972.7321,
461.0000,13623.8166,178.6654,3845.3732,0.6060,0.0873,0.1585,15241.5218,-6370973.6603,
461.2500,13579.5884,177.9910,3843.0241,0.6037,0.0873,0.1585,15185.8136,-6370974.5596,
461.5000,13535.5177,177.3190,3840.5798,0.6014,0.0873,0.1585,15130.3273,-6370975.4310,
461.7500,13491.6041,176.6496,3838.0437,0.5991,0.0873,0.1585,15075.0639,-6370976.2751,
462.0000,13447.8473,175.9828,3835.4192,0.5969,0.0873,0.1585,15020.0243,-6370977.0927,
462.2500,13404.2468,175.3187,3832.7099,0.5946,0.0873,0.1585,14965.2094,-6370977.8845,
462.5000,13360.8024,174.6574,3829.9189,0.5924,0.0873,0.1585,14910.6199,-6370978.6513,
462.7500,13317.5135,173.9988,3827.0497,0.5901,0.0873,0.1585,14856.2566,-6370979.3936,
463.0000,13274.3797,173.3431,3824.1054,0.5879,0.0873,0.1585,14802.1200,-6370980.1123,
463.2500,13231.4005,172.6903,3821.0891,0.5857,0.0873,0.1585,14748.2105,-6370980.8080,
463.5000,13188.5756,172.0404,3818.0041,0.5835,0.0873,0.1585,14694.5286,-6370981.4813,
463.7500,13145.9043,171.3935,3814.8533,0.5813,0.0873,0.1585,14641.0746,-6370982.1329,
464.0000,13103.3862,170.7496,3811.6397,0.5791,0.0873,0.1585,14587.8488,-6370982.7633,
464.2500,13061.0208,170.1088,3808.3663,0.5769,0.0873,0.1585,14534.8512,-6370983.3733,
464.5000,13018.8075,169.4711,3805.0359,0.5748,0.0873,0.1585,14482.0820,-6370983.9633,
464.7500,12976.7457,168.8365,3801.6513,0.5726,0.0873,0.1585,14429.5413,-6370984.5340,
465.0000,12934.8349,168.2051,3798.2154,0.5705,0.0873,0.1585,14377.2289,-6370985.0860,
465.2500,12893.0745,167.5768,3794.7306,0.5683,0.0873,0.1585,14325.1448,-6370985.6197,
465.5000,12851.4639,166.9518,3791.1998,0.5662,0.0873,0.1585,14273.2887,-6370986.1358,
465.7500,12810.0025,166.3300,3787.6254,0.5641,0.0873,0.1585,14221.6605,-6370986.6347,
466.0000,12768.6897,165.7115,3784.0100,0.5620,0.0873,0.1585,14170.2598,-6370987.1169,
466.2500,12727.5248,165.0964,3780.3560,0.5599,0.0873,0.1585,14119.0862,-6370987.5831,
466.5000,12686.5072,164.4845,3776.6658,0.5579,0.0873,0.1585,14068.1394,-6370988.0335,
466.7500,12645.6363,163.8759,3772.9417,0.5558,0.0873,0.1585,14017.4189,-6370988.4688,
467.0000,12604.9113,163.2708,3769.1860,0.5537,0.0873,0.1585,13966.9241,-6370988.8894,
467.2500,12564.3317,162.6689,3765.4008,0.5517,0.0873,0.1585,13916.6545,-6370989.2957,
467.5000,12523.8967,162.0705,3761.5884,0.5497,0.0873,0.1585,13866.6094,-6370989.6882,
467.7500,12483.6057,161.4755,3757.7509,0.5476,0.0873,0.1585,13816.7883,-6370990.0673,
468.0000,12443.4579,160.8839,3753.8902,0.5456,0.0873,0.1585,13767.1904,-6370990.4334,
468.2500,12403.4527,160.2957,3750.0084,0.5436,0.0873,0.1585,13717.8149,-6370990.7869,
468.5000,12363.5893,159.7109,3746.1074,0.5417,0.0873,0.1585,13668.6611,-6370991.1282,
468.7500,12323.8670,159.1296,3742.1891,0.5397,0.0873,0.1585,13619.7281,-6370991.4578,
469.0000,12284.2852,158.5518,3738.2552,0.5377,0.0873,0.1585,13571.0151,-6370991.7759,
469.2500,12244.8431,157.9773,3734.3075,0.5358,0.0873,0.1585,13522.5211,-6370992.0829,
469.5000,12205.5399,157.4064,3730.3478,0.5338,0.0873,0.1585,13474.2454,-6370992.3792,
469.7500,12166.3750,156.8389,3726.3778,0.5319,0.0873,0.1585,13426.1868,-6370992.6652,
470.0000,12127.3476,156.2748,3722.3989,0.5300,0.0873,0.1585,13378.3444,-6370992.9410,
470.2500,12088.4569,155.7142,3718.4128,0.5281,0.0873,0.1585,13330.7173,-6370993.2072,
470.5000,12049.7023,155.1571,3714.4210,0.5262,0.0873,0.1585,13283.3042,-6370993.4640,
470.7500,12011.0829,154.6034,3710.4249,0.5243,0.0873,0.1585,13236.1043,-6370993.7117,
471.0000,11972.5980,154.0531,3706.4260,0.5225,0.0873,0.1585,13189.1163,-6370993.9506,
471.2500,11934.2469,153.5063,3702.4257,0.5206,0.0873,0.1585,13142.3393,-6370994.1809,
471.5000,11896.0288,152.9630,3698.4251,0.5188,0.0873,0.1585,13095.7720,-6370994.4030,
471.7500,11857.9430,152.4231,3694.4257,0.5169,0.0873,0.1585,13049.4132,-6370994.6172,
472.0000,11819.9886,151.8866,3690.4286,0.5151,0.0873,0.1585,13003.2619,-6370994.8237,
472.2500,11782.1650,151.3535,3686.4350,0.5133,0.0873,0.1585,12957.3169,-6370995.0227,
472.5000,11744.4714,150.8239,3682.4461,0.5115,0.0873,0.1585,12911.5768,-6370995.2145,
472.7500,11706.9070,150.2977,3678.4629,0.5097,0.0873,0.1585,12866.0406,-6370995.3994,
473.0000,11669.4710,149.7748,3674.4866,0.5079,0.0873,0.1585,12820.7070,-6370995.5775,
473.2500,11632.1628,149.2553,3670.5181,0.5062,0.0873,0.1585,12775.5747,-6370995.7492,
473.5000,11594.9814,148.7393,3666.5584,0.5044,0.0873,0.1585,12730.6425,-6370995.9146,
473.7500,11557.9263,148.2265,3662.6085,0.5027,0.0873,0.1585,12685.9091,-6370996.0739,
474.0000,11520.9966,147.7171,3658.6693,0.5010,0.0873,0.1585,12641.3732,-6370996.2274,
474.2500,11484.1915,147.2111,3654.7415,0.4992,0.0873,0.1585,12597.0336,-6370996.3752,
474.5000,11447.5104,146.7084,3650.8261,0.4975,0.0873,0.1585,12552.8889,-6370996.5175,
474.7500,11410.9524,146.2089,3646.9239,0.4958,0.0873,0.1585,12508.9379,-6370996.6546,
475.0000,11374.5168,145.7128,3643.0356,0.4942,0.0873,0.1585,12465.1793,-6370996.7865,
475.2500,11338.2029,145.2199,3639.1619,0.4925,0.0873,0.1585,12421.6117,-6370996.9136,
475.5000,11302.0098,144.7304,3635.3035,0.4908,0.0873,0.1585,12378.2339,-6370997.0359,
475.7500,11265.9369,144.2440,3631.4611,0.4892,0.0873,0.1585,12335.0444,-6370997.1537,
476.0000,11229.9834,143.7609,3627.6354,0.4875,0.0873,0.1585,12292.0421,-6370997.2670,
476.2500,11194.1485,143.2810,3623.8268,0.4859,0.0873,0.1585,12249.2256,-6370997.3760,
476.5000,11158.4316,142.8042,3620.0361,0.4843,0.0873,0.1585,12206.5934,-6370997.4809,
476.7500,11122.8318,142.3307,3616.2637,0.4827,0.0873,0.1585,12164.1445,-6370997.5819,
477.0000,11087.3485,141.8603,3612.5101,0.4811,0.0873,0.1585,12121.8773,-6370997.6790,
477.2500,11051.9809,141.3930,3608.7759,0.4795,0.0873,0.1585,12079.7905,-6370997.7725,
477.5000,11016.7282,140.9289,3605.0615,0.4779,0.0873,0.1585,12037.8830,-6370997.8623,
477.7500,10981.5902,140.4631,3611.3378,0.4763,0.0873,0.1585,11996.1078,-6370997.9489,
478.0000,10946.5673,139.9995,3603.4624,0.4744,0.0873,0.1585,11954.4658,-6370998.0322,
478.2500,10911.6581,139.5423,3595.7852,0.4726,0.0873,0.1585,11913.0480,-6370998.1122,
478.5000,10876.8613,139.0912,3588.3005,0.4709,0.0873,0.1585,11871.8498,-6370998.1890,
478.7500,10842.1753,138.6461,3581.0025,0.4691,0.0873,0.1585,11830.8668,-6370998.2628,
479.0000,10807.5986,138.2070,3573.8858,0.4674,0.0873,0.1585,11790.0946,-6370998.3337,
479.2500,10773.1298,137.7736,3566.9450,0.4657,0.0873,0.1585,11749.5291,-6370998.4018,
479.5000,10738.7677,137.3457,3560.1749,0.4640,0.0873,0.1585,11709.1663,-6370998.4671,
479.7500,10704.5107,136.9234,3553.5706,0.4623,0.0873,0.1585,11669.0021,-6370998.5299,
480.0000,10670.3577,136.5063,3547.1271,0.4607,0.0873,0.1585,11629.0328,-6370998.5902,
480.2500,10636.3073,136.0945,3540.8398,0.4591,0.0873,0.1585,11589.2548,-6370998.6480,
480.5000,10602.3582,135.6877,3534.7041,0.4574,0.0873,0.1585,11549.6644,-6370998.7036,
480.7500,10568.5094,135.2859,3528.7155,0.4559,0.0873,0.1585,11510.2582,-6370998.7569,
481.0000,10534.7595,134.8890,3522.8697,0.4543,0.0873,0.1585,11471.0328,-6370998.8081,
481.2500,10501.1074,134.4967,3517.1626,0.4527,0.0873,0.1585,11431.9849,-6370998.8573,
481.5000,10467.5520,134.1090,3511.5902,0.4512,0.0873,0.1585,11393.1113,-6370998.9045,
481.7500,10434.0922,133.7259,3506.1484,0.4497,0.0873,0.1585,11354.4091,-6370998.9498,
482.0000,10400.7268,133.3471,3500.8336,0.4482,0.0873,0.1585,11315.8751,-6370998.9933,
482.2500,10367.4549,132.9727,3495.6419,0.4467,0.0873,0.1585,11277.5065,-6370999.0350,
482.5000,10334.2754,132.6024,3490.5699,0.4453,0.0873,0.1585,11239.3004,-6370999.0751,
482.7500,10301.1872,132.2362,3485.6141,0.4438,0.0873,0.1585,11201.2542,-6370999.1135,
483.0000,10268.1895,131.8740,3480.7712,0.4424,0.0873,0.1585,11163.3652,-6370999.1504,
483.2500,10235.2812,131.5157,3476.0377,0.4410,0.0873,0.1585,11125.6307,-6370999.1858,
483.5000,10202.4614,131.1613,3471.4107,0.4396,0.0873,0.1585,11088.0483,-6370999.2198,
483.7500,10169.7291,130.8106,3466.8870,0.4382,0.0873,0.1585,11050.6154,-6370999.2524,
484.0000,10137.0835,130.4635,3462.4636,0.4368,0.0873,0.1585,11013.3299,-6370999.2837,
484.2500,10104.5237,130.1200,3458.1378,0.4354,0.0873,0.1585,10976.1892,-6370999.3137,
484.5000,10072.0488,129.7801,3453.9066,0.4341,0.0873,0.1585,10939.1913,-6370999.3425,
484.7500,10039.6580,129.4435,3449.7674,0.4328,0.0873,0.1585,10902.3338,-6370999.3702,
485.0000,10007.3504,129.1103,3445.7175,0.4314,0.0873,0.1585,10865.6148,-6370999.3967,
485.2500,9975.1253,128.7803,3441.7544,0.4301,0.0873,0.1585,10829.0320,-6370999.4221,
485.5000,9942.9817,128.4536,3437.8757,0.4288,0.0873,0.1585,10792.5836,-6370999.4465,
485.7500,9910.9191,128.1300,3434.0788,0.4276,0.0873,0.1585,10756.2675,-6370999.4699,
486.0000,9878.9366,127.8095,3430.3616,0.4263,0.0873,0.1585,10720.0818,-6370999.4923,
486.2500,9847.0334,127.4919,3426.7218,0.4250,0.0873,0.1585,10684.0247,-6370999.5138,
486.5000,9815.2089,127.1774,3423.1570,0.4238,0.0873,0.1585,10648.0945,-6370999.5344,
486.7500,9783.4623,126.8657,3419.6654,0.4226,0.0873,0.1585,10612.2892,-6370999.5542,
487.0000,9751.7929,126.5568,3416.2447,0.4213,0.0873,0.1585,10576.6072,-6370999.5732,
487.2500,9720.2000,126.2507,3412.8930,0.4201,0.0873,0.1585,10541.0469,-6370999.5914,
487.5000,9688.6830,125.9473,3409.6084,0.4189,0.0873,0.1585,10505.6067,-6370999.6088,
487.7500,9657.2412,125.6466,3406.3890,0.4177,0.0873,0.1585,10470.2848,-6370999.6255,
488.0000,9625.8740,125.3484,3403.2330,0.4165,0.0873,0.1585,10435.0798,-6370999.6416,
488.2500,9594.5807,125.0529,3400.1386,0.4154,0.0873,0.1585,10399.9903,-6370999.6569,
488.5000,9563.3607,124.7598,3397.1041,0.4142,0.0873,0.1585,10365.0146,-6370999.6716,
488.7500,9532.2133,124.4692,3394.1278,0.4131,0.0873,0.1585,10330.1515,-6370999.6858,
489.0000,9501.1381,124.1810,3391.2082,0.4119,0.0873,0.1585,10295.3994,-6370999.6993,
489.2500,9470.1344,123.8952,3388.3437,0.4108,0.0873,0.1585,10260.7571,-6370999.7122,
489.5000,9439.2016,123.6117,3385.5328,0.4097,0.0873,0.1585,10226.2232,-6370999.7247,
489.7500,9408.3392,123.3304,3382.7740,0.4086,0.0873,0.1585,10191.7963,-6370999.7366,
490.0000,9377.5466,123.0514,3380.0659,0.4074,0.0873,0.1585,10157.4754,-6370999.7480,
490.2500,9346.8233,122.7746,3377.4071,0.4064,0.0873,0.1585,10123.2590,-6370999.7589,
490.5000,9316.1686,122.5000,3374.7964,0.4053,0.0873,0.1585,10089.1460,-6370999.7694,
490.7500,9285.5822,122.2274,3372.2323,0.4042,0.0873,0.1585,10055.1353,-6370999.7794,
491.0000,9255.0635,121.9570,3369.7136,0.4031,0.0873,0.1585,10021.2256,-6370999.7890,
491.2500,9224.6120,121.6886,3367.2392,0.4021,0.0873,0.1585,9987.4159,-6370999.7982,
491.5000,9194.2271,121.4222,3364.8078,0.4010,0.0873,0.1585,9953.7050,-6370999.8070,
491.7500,9163.9084,121.1578,3362.4184,0.3999,0.0873,0.1585,9920.0919,-6370999.8154,
492.0000,9133.6554,120.8953,3360.0697,0.3989,0.0873,0.1585,9886.5756,-6370999.8235,
492.2500,9103.4677,120.6347,3357.7608,0.3979,0.0873,0.1585,9853.1549,-6370999.8313,
492.5000,9073.3447,120.3760,3355.4905,0.3969,0.0873,0.1585,9819.8290,-6370999.8387,
492.7500,9043.2860,120.1191,3353.2579,0.3958,0.0873,0.1585,9786.5967,-6370999.8458,
493.0000,9013.2912,119.8641,3351.0619,0.3948,0.0873,0.1585,9753.4572,-6370999.8526,
493.2500,8983.3598,119.6108,3348.9018,0.3938,0.0873,0.1585,9720.4096,-6370999.8591,
493.5000,8953.4914,119.3593,3346.7764,0.3928,0.0873,0.1585,9687.4528,-6370999.8653,
493.7500,8923.6855,119.1095,3344.6849,0.3918,0.0873,0.1585,9654.5861,-6370999.8712,
494.0000,8893.9417,118.8614,3342.6265,0.3909,0.0873,0.1585,9621.8084,-6370999.8769,
494.2500,8864.2597,118.6150,3340.6003,0.3899,0.0873,0.1585,9589.1190,-6370999.8824,
494.5000,8834.6389,118.3703,3338.6055,0.3889,0.0873,0.1585,9556.5171,-6370999.8876,
494.7500,8805.0790,118.1271,3336.6413,0.3880,0.0873,0.1585,9524.0017,-6370999.8926,
495.0000,8775.5796,117.8856,3334.7070,0.3870,0.0873,0.1585,9491.5721,-6370999.8974,
495.2500,8746.1403,117.6456,3332.8017,0.3861,0.0873,0.1585,9459.2275,-6370999.9020,
495.5000,8716.7607,117.4072,3330.9249,0.3851,0.0873,0.1585,9426.9671,-6370999.9064,
495.7500,8687.4405,117.1703,3329.0756,0.3842,0.0873,0.1585,9394.7901,-6370999.9106,
496.0000,8658.1792,116.9349,3327.2534,0.3832,0.0873,0.1585,9362.6958,-6370999.9146,
496.2500,8628.9765,116.7010,3325.4576,0.3823,0.0873,0.1585,9330.6835,-6370999.9184,
496.5000,8599.8320,116.4685,3323.6874,0.3814,0.0873,0.1585,9298.7524,-6370999.9221,
496.7500,8570.7453,116.2375,3321.9423,0.3805,0.0873,0.1585,9266.9019,-6370999.9256,
497.0000,8541.7162,116.0080,3320.2217,0.3796,0.0873,0.1585,9235.1312,-6370999.9289,
497.2500,8512.7442,115.7798,3318.5250,0.3787,0.0873,0.1585,9203.4396,-6370999.9321,
497.5000,8483.8290,115.5530,3316.8516,0.3778,0.0873,0.1585,9171.8266,-6370999.9352,
497.7500,8454.9703,115.3275,3315.2010,0.3769,0.0873,0.1585,9140.2914,-6370999.9381,
498.0000,8426.1677,115.1034,3313.5726,0.3760,0.0873,0.1585,9108.8334,-6370999.9409,
498.2500,8397.4210,114.8807,3311.9660,0.3751,0.0873,0.1585,9077.4520,-6370999.9436,
498.5000,8368.7297,114.6592,3310.3806,0.3743,0.0873,0.1585,9046.1465,-6370999.9462,
498.7500,8340.0935,114.4391,3308.8159,0.3734,0.0873,0.1585,9014.9163,-6370999.9486,
499.0000,8311.5122,114.2202,3307.2716,0.3725,0.0873,0.1585,8983.7609,-6370999.9510,
499.2500,8282.9854,114.0026,3305.7470,0.3717,0.0873,0.1585,8952.6796,-6370999.9532,
499.5000,8254.5128,113.7862,3304.2418,0.3708,0.0873,0.1585,8921.6720,-6370999.9553,
499.7500,8226.0941,113.5710,3302.7555,0.3700,0.0873,0.1585,8890.7373,-6370999.9574,
500.0000,8197.7290,113.3571,3301.2878,0.3691,0.0873,0.1585,8859.8750,-6370999.9593,
500.2500,8169.4172,113.1444,3299.8382,0.3683,0.0873,0.1585,8829.0847,-6370999.9612,
500.5000,8141.1584,112.9328,3298.4063,0.3675,0.0873,0.1585,8798.3657,-6370999.9630,
500.7500,8112.9523,112.7224,3296.9917,0.3666,0.0873,0.1585,8767.7175,-6370999.9647,
501.0000,8084.7986,112.5132,3295.5941,0.3658,0.0873,0.1585,8737.1396,-6370999.9663,
501.2500,8056.6971,112.3051,3294.2131,0.3650,0.0873,0.1585,8706.6315,-6370999.9679,
501.5000,8028.6474,112.0981,3292.8483,0.3642,0.0873,0.1585,8676.1927,-6370999.9694,
501.7500,8000.6492,111.8923,3291.4995,0.3634,0.0873,0.1585,8645.8226,-6370999.9708,
502.0000,7974.8646,91.5494,2420.2661,0.3110,0.0873,1.5708,8448.3566,-6370999.9795,
502.2500,7954.1636,75.2815,1606.7770,0.2530,0.0873,1.5708,8268.4396,-6370999.9872,
502.5000,7936.7716,64.5349,1166.4038,0.2153,0.0873,1.5708,8164.9301,-6370999.9913,
502.7500,7921.6326,56.9926,901.8130,0.1891,0.0873,1.5708,8098.0715,-6370999.9938,
503.0000,7908.1086,51.4717,730.8308,0.1701,0.0873,1.5708,8051.1303,-6370999.9954,
503.2500,7895.7851,47.3046,614.2716,0.1558,0.0873,1.5708,8016.0240,-6370999.9965,
503.5000,7884.3781,44.0860,531.5160,0.1448,0.0873,1.5708,7988.4369,-6370999.9973,
503.7500,7873.6853,41.5555,470.8694,0.1362,0.0873,1.5708,7965.8808,-6370999.9979,
504.0000,7863.5579,39.5382,425.2934,0.1293,0.0873,1.5708,7946.8320,-6370999.9983,
504.2500,7853.8839,37.9119,390.3438,0.1238,0.0873,1.5708,7930.3101,-6370999.9986,
504.5000,7844.5769,36.5892,363.0997,0.1193,0.0873,1.5708,7915.6587,-6370999.9989,
504.7500,7835.5695,35.5056,341.5762,0.1156,0.0873,1.5708,7902.4228,-6370999.9991,
505.0000,7826.8084,34.6125,324.3847,0.1126,0.0873,1.5708,7890.2777,-6370999.9992,
505.2500,7818.2506,33.8728,310.5293,0.1101,0.0873,1.5708,7878.9864,-6370999.9994,
505.5000,7809.8617,33.2578,299.2804,0.1080,0.0873,1.5708,7868.3718,-6370999.9995,
505.7500,7801.6134,32.7446,290.0932,0.1063,0.0873,1.5708,7858.2994,-6370999.9996,
506.0000,7793.4825,32.3152,282.5537,0.1049,0.0873,1.5708,7848.6652,-6370999.9996,
506.2500,7785.4501,31.9551,276.3432,0.1036,0.0873,1.5708,7839.3881,-6370999.9997,
506.5000,7777.5002,31.6524,271.2129,0.1026,0.0873,1.5708,7830.4037,-6370999.9997,
506.7500,7769.6199,31.3977,266.9662,0.1018,0.0873,1.5708,7821.6605,-6370999.9998,
507.0000,7761.7981,31.1830,263.4467,0.1010,0.0873,1.5708,7813.1171,-6370999.9998,
507.2500,7754.0256,31.0018,260.5282,0.1004,0.0873,1.5708,7804.7398,-6370999.9998,
507.5000,7746.2948,30.8488,258.1087,0.0999,0.0873,1.5708,7796.5009,-6370999.9999,
507.7500,7738.5993,30.7194,256.1050,0.0994,0.0873,1.5708,7788.3778,-6370999.9999,
508.0000,7730.9335,30.6099,254.4487,0.0991,0.0873,1.5708,7780.3518,-6370999.9999,
508.2500,7723.2929,30.5172,253.0834,0.0987,0.0873,1.5708,7772.4073,-6370999.9999,
508.5000,7715.6737,30.4388,251.9625,0.0985,0.0873,1.5708,7764.5314,-6370999.9999,
508.7500,7708.0726,30.3723,251.0471,0.0982,0.0873,1.5708,7756.7134,-6370999.9999,
509.0000,7700.4868,30.3159,250.3049,0.0980,0.0873,1.5708,7748.9440,-6371000.0000,
509.2500,7692.9139,30.2681,249.7089,0.0979,0.0873,1.5708,7741.2159,-6371000.0000,
509.5000,7685.3521,30.2275,249.2363,0.0977,0.0873,1.5708,7733.5225,-6371000.0000,
509.7500,7677.7997,30.1932,248.8681,0.0976,0.0873,1.5708,7725.8585,-6371000.0000,
510.0000,7670.2551,30.1640,248.5883,0.0975,0.0873,1.5708,7718.2195,-6371000.0000,
510.2500,7662.7173,30.1392,248.3832,0.0974,0.0873,1.5708,7710.6016,-6371000.0000,
510.5000,7655.1852,30.1182,248.2416,0.0973,0.0873,1.5708,7703.0015,-6371000.0000,
510.7500,7647.6579,30.1004,248.1537,0.0973,0.0873,1.5708,7695.4166,-6371000.0000,
511.0000,7640.1348,30.0852,248.1114,0.0972,0.0873,1.5708,7687.8445,-6371000.0000,
511.2500,7632.6151,30.0724,248.1078,0.0971,0.0873,1.5708,7680.2833,-6371000.0000,
511.5000,7625.0984,30.0615,248.1372,0.0971,0.0873,1.5708,7672.7313,-6371000.0000,
511.7500,7617.5843,30.0522,248.1944,0.0970,0.0873,1.5708,7665.1872,-6371000.0000,
512.0000,7610.0722,30.0443,248.2754,0.0970,0.0873,1.5708,7657.6497,-6371000.0000,
512.2500,7602.5620,30.0376,248.3766,0.0970,0.0873,1.5708,7650.1179,-6371000.0000,
512.5000,7595.0533,30.0320,248.4949,0.0970,0.0873,1.5708,7642.5908,-6371000.0000,
512.7500,7587.5460,30.0272,248.6278,0.0969,0.0873,1.5708,7635.0678,-6371000.0000,
513.0000,7580.0397,30.0231,248.7731,0.0969,0.0873,1.5708,7627.5483,-6371000.0000,
513.2500,7572.5344,30.0196,248.9290,0.0969,0.0873,1.5708,7620.0317,-6371000.0000,
513.5000,7565.0299,30.0166,249.0940,0.0969,0.0873,1.5708,7612.5176,-6371000.0000,
513.7500,7557.5260,30.0141,249.2665,0.0968,0.0873,1.5708,7605.0056,-6371000.0000,
514.0000,7550.0228,30.0120,249.4457,0.0968,0.0873,1.5708,7597.4953,-6371000.0000,
514.2500,7542.5200,30.0102,249.6304,0.0968,0.0873,1.5708,7589.9867,-6371000.0000,
514.5000,7535.0176,30.0087,249.8199,0.0968,0.0873,1.5708,7582.4793,-6371000.0000,
514.7500,7527.5157,30.0074,250.0134,0.0968,0.0873,1.5708,7574.9730,-6371000.0000,
515.0000,7520.0140,30.0062,250.2104,0.0968,0.0873,1.5708,7567.4676,-6371000.0000,
515.2500,7512.5125,30.0053,250.4105,0.0968,0.0873,1.5708,7559.9630,-6371000.0000,
515.5000,7505.0113,30.0045,250.6130,0.0967,0.0873,1.5708,7552.4591,-6371000.0000,
515.7500,7497.5103,30.0038,250.8178,0.0967,0.0873,1.5708,7544.9558,-6371000.0000,
516.0000,7490.0094,30.0032,251.0245,0.0967,0.0873,1.5708,7537.4530,-6371000.0000,
516.2500,7482.5086,30.0028,251.2327,0.0967,0.0873,1.5708,7529.9505,-6371000.0000,
516.5000,7475.0080,30.0023,251.4424,0.0967,0.0873,1.5708,7522.4484,-6371000.0000,
516.7500,7467.5074,30.0020,251.6533,0.0967,0.0873,1.5708,7514.9467,-6371000.0000,
517.0000,7460.0070,30.0017,251.8653,0.0967,0.0873,1.5708,7507.4451,-6371000.0000,
517.2500,7452.5066,30.0014,252.0781,0.0967,0.0873,1.5708,7499.9438,-6371000.0000,
517.5000,7445.0063,30.0012,252.2918,0.0967,0.0873,1.5708,7492.4427,-6371000.0000,
517.7500,7437.5060,30.0010,252.5062,0.0966,0.0873,1.5708,7484.9417,-6371000.0000,
518.0000,7430.0057,30.0009,252.7212,0.0966,0.0873,1.5708,7477.4408,-6371000.0000,
518.2500,7422.5055,30.0007,252.9367,0.0966,0.0873,1.5708,7469.9401,-6371000.0000,
518.5000,7415.0054,30.0006,253.1527,0.0966,0.0873,1.5708,7462.4395,-6371000.0000,
518.7500,7407.5052,30.0005,253.3692,0.0966,0.0873,1.5708,7454.9389,-6371000.0000,
519.0000,7400.0051,30.0005,253.5861,0.0966,0.0873,1.5708,7447.4384,-6371000.0000,
519.2500,7392.5050,30.0004,253.8033,0.0966,0.0873,1.5708,7439.9380,-6371000.0000,
519.5000,7385.0049,30.0003,254.0208,0.0966,0.0873,1.5708,7432.4376,-6371000.0000,
519.7500,7377.5048,30.0003,254.2386,0.0966,0.0873,1.5708,7424.9372,-6371000.0000,
520.0000,7370.0048,30.0002,254.4568,0.0966,0.0873,1.5708,7417.4369,-6371000.0000,
520.2500,7362.5047,30.0002,254.6751,0.0965,0.0873,1.5708,7409.9367,-6371000.0000,
520.5000,7355.0047,30.0002,254.8937,0.0965,0.0873,1.5708,7402.4364,-6371000.0000,
520.7500,7347.5046,30.0001,255.1126,0.0965,0.0873,1.5708,7394.9362,-6371000.0000,
521.0000,7340.0046,30.0001,255.3316,0.0965,0.0873,1.5708,7387.4360,-6371000.0000,
521.2500,7332.5046,30.0001,255.5508,0.0965,0.0873,1.5708,7379.9358,-6371000.0000,
521.5000,7325.0045,30.0001,255.7703,0.0965,0.0873,1.5708,7372.4356,-6371000.0000,
521.7500,7317.5045,30.0001,255.9899,0.0965,0.0873,1.5708,7364.9354,-6371000.0000,
522.0000,7310.0045,30.0001,256.2097,0.0965,0.0873,1.5708,7357.4352,-6371000.0000,
522.2500,7302.5045,30.0001,256.4297,0.0965,0.0873,1.5708,7349.9351,-6371000.0000,
522.5000,7295.0045,30.0000,256.6498,0.0965,0.0873,1.5708,7342.4349,-6371000.0000,
522.7500,7287.5045,30.0000,256.8702,0.0964,0.0873,1.5708,7334.9348,-6371000.0000,
523.0000,7280.0044,30.0000,257.0907,0.0964,0.0873,1.5708,7327.4347,-6371000.0000,
523.2500,7272.5044,30.0000,257.3113,0.0964,0.0873,1.5708,7319.9345,-6371000.0000,
523.5000,7265.0044,30.0000,257.5321,0.0964,0.0873,1.5708,7312.4344,-6371000.0000,
523.7500,7257.5044,30.0000,257.7531,0.0964,0.0873,1.5708,7304.9343,-6371000.0000,
524.0000,7250.0044,30.0000,257.9742,0.0964,0.0873,1.5708,7297.4342,-6371000.0000,
524.2500,7242.5044,30.0000,258.1955,0.0964,0.0873,1.5708,7289.9340,-6371000.0000,
524.5000,7235.0044,30.0000,258.4169,0.0964,0.0873,1.5708,7282.4339,-6371000.0000,
524.7500,7227.5044,30.0000,258.6385,0.0964,0.0873,1.5708,7274.9338,-6371000.0000,
525.0000,7220.0044,30.0000,258.8602,0.0964,0.0873,1.5708,7267.4337,-6371000.0000,
525.2500,7212.5044,30.0000,259.0821,0.0963,0.0873,1.5708,7259.9336,-6371000.0000,
525.5000,7205.0044,30.0000,259.3041,0.0963,0.0873,1.5708,7252.4335,-6371000.0000,
525.7500,7197.5044,30.0000,259.5263,0.0963,0.0873,1.5708,7244.9333,-6371000.0000,
526.0000,7190.0044,30.0000,259.7486,0.0963,0.0873,1.5708,7237.4332,-6371000.0000,
526.2500,7182.5044,30.0000,259.9711,0.0963,0.0873,1.5708,7229.9331,-6371000.0000,
526.5000,7175.0044,30.0000,260.1937,0.0963,0.0873,1.5708,7222.4330,-6371000.0000,
526.7500,7167.5044,30.0000,260.4165,0.0963,0.0873,1.5708,7214.9329,-6371000.0000,
527.0000,7160.0044,30.0000,260.6394,0.0963,0.0873,1.5708,7207.4328,-6371000.0000,
527.2500,7152.5044,30.0000,260.8625,0.0963,0.0873,1.5708,7199.9327,-6371000.0000,
527.5000,7145.0044,30.0000,261.0857,0.0963,0.0873,1.5708,7192.4326,-6371000.0000,
527.7500,7137.5044,30.0000,261.3091,0.0962,0.0873,1.5708,7184.9325,-6371000.0000,
528.0000,7130.0044,30.0000,261.5326,0.0962,0.0873,1.5708,7177.4324,-6371000.0000,
528.2500,7122.5044,30.0000,261.7563,0.0962,0.0873,1.5708,7169.9322,-6371000.0000,
528.5000,7115.0044,30.0000,261.9801,0.0962,0.0873,1.5708,7162.4321,-6371000.0000,
528.7500,7107.5044,30.0000,262.2041,0.0962,0.0873,1.5708,7154.9320,-6371000.0000,
529.0000,7100.0044,30.0000,262.4282,0.0962,0.0873,1.5708,7147.4319,-6371000.0000,
529.2500,7092.5044,30.0000,262.6524,0.0962,0.0873,1.5708,7139.9318,-6371000.0000,
529.5000,7085.0044,30.0000,262.8768,0.0962,0.0873,1.5708,7132.4317,-6371000.0000,
529.7500,7077.5044,30.0000,263.1014,0.0962,0.0873,1.5708,7124.9316,-6371000.0000,
530.0000,7070.0044,30.0000,263.3261,0.0962,0.0873,1.5708,7117.4315,-6371000.0000,
530.2500,7062.5044,30.0000,263.5509,0.0962,0.0873,1.5708,7109.9314,-6371000.0000,
530.5000,7055.0044,30.0000,263.7759,0.0961,0.0873,1.5708,7102.4313,-6371000.0000,
530.7500,7047.5044,30.0000,264.0011,0.0961,0.0873,1.5708,7094.9312,-6371000.0000,
531.0000,7040.0044,30.0000,264.2264,0.0961,0.0873,1.5708,7087.4311,-6371000.0000,
531.2500,7032.5044,30.0000,264.4518,0.0961,0.0873,1.5708,7079.9309,-6371000.0000,
531.5000,7025.0044,30.0000,264.6774,0.0961,0.0873,1.5708,7072.4308,-6371000.0000,
531.7500,7017.5044,30.0000,264.9031,0.0961,0.0873,1.5708,7064.9307,-6371000.0000,
532.0000,7010.0044,30.0000,265.1290,0.0961,0.0873,1.5708,7057.4306,-6371000.0000,
532.2500,7002.5044,30.0000,265.3550,0.0961,0.0873,1.5708,7049.9305,-6371000.0000,
532.5000,6995.0044,30.0000,265.5812,0.0961,0.0873,1.5708,7042.4304,-6371000.0000,
532.7500,6987.5044,30.0000,265.8076,0.0961,0.0873,1.5708,7034.9303,-6371000.0000,
533.0000,6980.0044,30.0000,266.0340,0.0960,0.0873,1.5708,7027.4302,-6371000.0000,
533.2500,6972.5044,30.0000,266.2607,0.0960,0.0873,1.5708,7019.9301,-6371000.0000,
533.5000,6965.0044,30.0000,266.4874,0.0960,0.0873,1.5708,7012.4300,-6371000.0000,
533.7500,6957.5044,30.0000,266.7144,0.0960,0.0873,1.5708,7004.9299,-6371000.0000,
534.0000,6950.0044,30.0000,266.9414,0.0960,0.0873,1.5708,6997.4298,-6371000.0000,
534.2500,6942.5044,30.0000,267.1687,0.0960,0.0873,1.5708,6989.9296,-6371000.0000,
534.5000,6935.0044,30.0000,267.3960,0.0960,0.0873,1.5708,6982.4295,-6371000.0000,
534.7500,6927.5044,30.0000,267.6236,0.0960,0.0873,1.5708,6974.9294,-6371000.0000,
535.0000,6920.0044,30.0000,267.8512,0.0960,0.0873,1.5708,6967.4293,-6371000.0000,
535.2500,6912.5044,30.0000,268.0791,0.0960,0.0873,1.5708,6959.9292,-6371000.0000,
535.5000,6905.0044,30.0000,268.3070,0.0959,0.0873,1.5708,6952.4291,-6371000.0000,
535.7500,6897.5044,30.0000,268.5351,0.0959,0.0873,1.5708,6944.9290,-6371000.0000,
536.0000,6890.0044,30.0000,268.7634,0.0959,0.0873,1.5708,6937.4289,-6371000.0000,
536.2500,6882.5044,30.0000,268.9918,0.0959,0.0873,1.5708,6929.9288,-6371000.0000,
536.5000,6875.0044,30.0000,269.2204,0.0959,0.0873,1.5708,6922.4287,-6371000.0000,
536.7500,6867.5044,30.0000,269.4491,0.0959,0.0873,1.5708,6914.9286,-6371000.0000,
537.0000,6860.0044,30.0000,269.6780,0.0959,0.0873,1.5708,6907.4285,-6371000.0000,
537.2500,6852.5044,30.0000,269.9070,0.0959,0.0873,1.5708,6899.9284,-6371000.0000,
537.5000,6845.0044,30.0000,270.1362,0.0959,0.0873,1.5708,6892.4282,-6371000.0000,
537.7500,6837.5044,30.0000,270.3655,0.0959,0.0873,1.5708,6884.9281,-6371000.0000,
538.0000,6830.0044,30.0000,270.5949,0.0959,0.0873,1.5708,6877.4280,-6371000.0000,
538.2500,6822.5044,30.0000,270.8246,0.0958,0.0873,1.5708,6869.9279,-6371000.0000,
538.5000,6815.0044,30.0000,271.0543,0.0958,0.0873,1.5708,6862.4278,-6371000.0000,
538.7500,6807.5044,30.0000,271.2842,0.0958,0.0873,1.5708,6854.9277,-6371000.0000,
539.0000,6800.0044,30.0000,271.5143,0.0958,0.0873,1.5708,6847.4276,-6371000.0000,
539.2500,6792.5044,30.0000,271.7445,0.0958,0.0873,1.5708,6839.9275,-6371000.0000,
539.5000,6785.0044,30.0000,271.9749,0.0958,0.0873,1.5708,6832.4274,-6371000.0000,
539.7500,6777.5044,30.0000,272.2054,0.0958,0.0873,1.5708,6824.9273,-6371000.0000,
540.0000,6770.0044,30.0000,272.4361,0.0958,0.0873,1.5708,6817.4272,-6371000.0000,
540.2500,6762.5044,30.0000,272.6669,0.0958,0.0873,1.5708,6809.9271,-6371000.0000,
540.5000,6755.0044,30.0000,272.8979,0.0958,0.0873,1.5708,6802.4269,-6371000.0000,
540.7500,6747.5044,30.0000,273.1290,0.0957,0.0873,1.5708,6794.9268,-6371000.0000,
541.0000,6740.0044,30.0000,273.3602,0.0957,0.0873,1.5708,6787.4267,-6371000.0000,
541.2500,6732.5044,30.0000,273.5917,0.0957,0.0873,1.5708,6779.9266,-6371000.0000,
541.5000,6725.0044,30.0000,273.8232,0.0957,0.0873,1.5708,6772.4265,-6371000.0000,
541.7500,6717.5044,30.0000,274.0550,0.0957,0.0873,1.5708,6764.9264,-6371000.0000,
542.0000,6710.0044,30.0000,274.2868,0.0957,0.0873,1.5708,6757.4263,-6371000.0000,
542.2500,6702.5044,30.0000,274.5189,0.0957,0.0873,1.5708,6749.9262,-6371000.0000,
542.5000,6695.0044,30.0000,274.7510,0.0957,0.0873,1.5708,6742.4261,-6371000.0000,
542.7500,6687.5044,30.0000,274.9834,0.0957,0.0873,1.5708,6734.9260,-6371000.0000,
543.0000,6680.0044,30.0000,275.2158,0.0957,0.0873,1.5708,6727.4259,-6371000.0000,
543.2500,6672.5044,30.0000,275.4485,0.0957,0.0873,1.5708,6719.9258,-6371000.0000,
543.5000,6665.0044,30.0000,275.6813,0.0956,0.0873,1.5708,6712.4257,-6371000.0000,
543.7500,6657.5044,30.0000,275.9142,0.0956,0.0873,1.5708,6704.9255,-6371000.0000,
544.0000,6650.0044,30.0000,276.1473,0.0956,0.0873,1.5708,6697.4254,-6371000.0000,
544.2500,6642.5044,30.0000,276.3805,0.0956,0.0873,1.5708,6689.9253,-6371000.0000,
544.5000,6635.0044,30.0000,276.6139,0.0956,0.0873,1.5708,6682.4252,-6371000.0000,
544.7500,6627.5044,30.0000,276.8474,0.0956,0.0873,1.5708,6674.9251,-6371000.0000,
545.0000,6620.0044,30.0000,277.0811,0.0956,0.0873,1.5708,6667.4250,-6371000.0000,
545.2500,6612.5044,30.0000,277.3150,0.0956,0.0873,1.5708,6659.9249,-6371000.0000,
545.5000,6605.0044,30.0000,277.5490,0.0956,0.0873,1.5708,6652.4248,-6371000.0000,
545.7500,6597.5044,30.0000,277.7831,0.0956,0.0873,1.5708,6644.9247,-6371000.0000,
546.0000,6590.0044,30.0000,278.0174,0.0955,0.0873,1.5708,6637.4246,-6371000.0000,
546.2500,6582.5044,30.0000,278.2519,0.0955,0.0873,1.5708,6629.9245,-6371000.0000,
546.5000,6575.0044,30.0000,278.4865,0.0955,0.0873,1.5708,6622.4244,-6371000.0000,
546.7500,6567.5044,30.0000,278.7212,0.0955,0.0873,1.5708,6614.9242,-6371000.0000,
547.0000,6560.0044,30.0000,278.9562,0.0955,0.0873,1.5708,6607.4241,-6371000.0000,
547.2500,6552.5044,30.0000,279.1912,0.0955,0.0873,1.5708,6599.9240,-6371000.0000,
547.5000,6545.0044,30.0000,279.4264,0.0955,0.0873,1.5708,6592.4239,-6371000.0000,
547.7500,6537.5044,30.0000,279.6618,0.0955,0.0873,1.5708,6584.9238,-6371000.0000,
548.0000,6530.0044,30.0000,279.8973,0.0955,0.0873,1.5708,6577.4237,-6371000.0000,
548.2500,6522.5044,30.0000,280.1330,0.0955,0.0873,1.5708,6569.9236,-6371000.0000,
548.5000,6515.0044,30.0000,280.3688,0.0955,0.0873,1.5708,6562.4235,-6371000.0000,
548.7500,6507.5044,30.0000,280.6048,0.0954,0.0873,1.5708,6554.9234,-6371000.0000,
549.0000,6500.0044,30.0000,280.8409,0.0954,0.0873,1.5708,6547.4233,-6371000.0000,
549.2500,6492.5044,30.0000,281.0772,0.0954,0.0873,1.5708,6539.9232,-6371000.0000,
549.5000,6485.0044,30.0000,281.3137,0.0954,0.0873,1.5708,6532.4231,-6371000.0000,
549.7500,6477.5044,30.0000,281.5503,0.0954,0.0873,1.5708,6524.9230,-6371000.0000,
550.0000,6470.0044,30.0000,281.7870,0.0954,0.0873,1.5708,6517.4228,-6371000.0000,
550.2500,6462.5044,30.0000,282.0239,0.0954,0.0873,1.5708,6509.9227,-6371000.0000,
550.5000,6455.0044,30.0000,282.2610,0.0954,0.0873,1.5708,6502.4226,-6371000.0000,
550.7500,6447.5044,30.0000,282.4982,0.0954,0.0873,1.5708,6494.9225,-6371000.0000,
551.0000,6440.0044,30.0000,282.7355,0.0954,0.0873,1.5708,6487.4224,-6371000.0000,
551.2500,6432.5044,30.0000,282.9730,0.0953,0.0873,1.5708,6479.9223,-6371000.0000,
551.5000,6425.0044,30.0000,283.2107,0.0953,0.0873,1.5708,6472.4222,-6371000.0000,
551.7500,6417.5044,30.0000,283.4485,0.0953,0.0873,1.5708,6464.9221,-6371000.0000,
552.0000,6410.0044,30.0000,283.6865,0.0953,0.0873,1.5708,6457.4220,-6371000.0000,
552.2500,6402.5044,30.0000,283.9246,0.0953,0.0873,1.5708,6449.9219,-6371000.0000,
552.5000,6395.0044,30.0000,284.1629,0.0953,0.0873,1.5708,6442.4218,-6371000.0000,
552.7500,6387.5044,30.0000,284.4013,0.0953,0.0873,1.5708,6434.9217,-6371000.0000,
553.0000,6380.0044,30.0000,284.6399,0.0953,0.0873,1.5708,6427.4215,-6371000.0000,
553.2500,6372.5044,30.0000,284.8787,0.0953,0.0873,1.5708,6419.9214,-6371000.0000,
553.5000,6365.0044,30.0000,285.1176,0.0953,0.0873,1.5708,6412.4213,-6371000.0000,
553.7500,6357.5044,30.0000,285.3566,0.0953,0.0873,1.5708,6404.9212,-6371000.0000,
554.0000,6350.0044,30.0000,285.5958,0.0952,0.0873,1.5708,6397.4211,-6371000.0000,
554.2500,6342.5044,30.0000,285.8352,0.0952,0.0873,1.5708,6389.9210,-6371000.0000,
554.5000,6335.0044,30.0000,286.0747,0.0952,0.0873,1.5708,6382.4209,-6371000.0000,
554.7500,6327.5044,30.0000,286.3144,0.0952,0.0873,1.5708,6374.9208,-6371000.0000,
555.0000,6320.0044,30.0000,286.5542,0.0952,0.0873,1.5708,6367.4207,-6371000.0000,
555.2500,6312.5044,30.0000,286.7942,0.0952,0.0873,1.5708,6359.9206,-6371000.0000,
555.5000,6305.0044,30.0000,287.0343,0.0952,0.0873,1.5708,6352.4205,-6371000.0000,
555.7500,6297.5044,30.0000,287.2746,0.0952,0.0873,1.5708,6344.9204,-6371000.0000,
556.0000,6290.0044,30.0000,287.5151,0.0952,0.0873,1.5708,6337.4203,-6371000.0000,
556.2500,6282.5044,30.0000,287.7557,0.0952,0.0873,1.5708,6329.9201,-6371000.0000,
556.5000,6275.0044,30.0000,287.9964,0.0952,0.0873,1.5708,6322.4200,-6371000.0000,
556.7500,6267.5044,30.0000,288.2373,0.0951,0.0873,1.5708,6314.9199,-6371000.0000,
557.0000,6260.0044,30.0000,288.4784,0.0951,0.0873,1.5708,6307.4198,-6371000.0000,
557.2500,6252.5044,30.0000,288.7196,0.0951,0.0873,1.5708,6299.9197,-6371000.0000,
557.5000,6245.0044,30.0000,288.9610,0.0951,0.0873,1.5708,6292.4196,-6371000.0000,
557.7500,6237.5044,30.0000,289.2025,0.0951,0.0873,1.5708,6284.9195,-6371000.0000,
558.0000,6230.0044,30.0000,289.4442,0.0951,0.0873,1.5708,6277.4194,-6371000.0000,
558.2500,6222.5044,30.0000,289.6861,0.0951,0.0873,1.5708,6269.9193,-6371000.0000,
558.5000,6215.0044,30.0000,289.9281,0.0951,0.0873,1.5708,6262.4192,-6371000.0000,
558.7500,6207.5044,30.0000,290.1702,0.0951,0.0873,1.5708,6254.9191,-6371000.0000,
559.0000,6200.0044,30.0000,290.4126,0.0951,0.0873,1.5708,6247.4190,-6371000.0000,
559.2500,6192.5044,30.0000,290.6550,0.0950,0.0873,1.5708,6239.9188,-6371000.0000,
559.5000,6185.0044,30.0000,290.8976,0.0950,0.0873,1.5708,6232.4187,-6371000.0000,
559.7500,6177.5044,30.0000,291.1404,0.0950,0.0873,1.5708,6224.9186,-6371000.0000,
560.0000,6170.0044,30.0000,291.3834,0.0950,0.0873,1.5708,6217.4185,-6371000.0000,
560.2500,6162.5044,30.0000,291.6265,0.0950,0.0873,1.5708,6209.9184,-6371000.0000,
560.5000,6155.0044,30.0000,291.8697,0.0950,0.0873,1.5708,6202.4183,-6371000.0000,
560.7500,6147.5044,30.0000,292.1131,0.0950,0.0873,1.5708,6194.9182,-6371000.0000,
561.0000,6140.0044,30.0000,292.3567,0.0950,0.0873,1.5708,6187.4181,-6371000.0000,
561.2500,6132.5044,30.0000,292.6004,0.0950,0.0873,1.5708,6179.9180,-6371000.0000,
561.5000,6125.0044,30.0000,292.8443,0.0950,0.0873,1.5708,6172.4179,-6371000.0000,
561.7500,6117.5044,30.0000,293.0883,0.0950,0.0873,1.5708,6164.9178,-6371000.0000,
562.0000,6110.0044,30.0000,293.3325,0.0949,0.0873,1.5708,6157.4177,-6371000.0000,
562.2500,6102.5044,30.0000,293.5768,0.0949,0.0873,1.5708,6149.9176,-6371000.0000,
562.5000,6095.0044,30.0000,293.8213,0.0949,0.0873,1.5708,6142.4174,-6371000.0000,
562.7500,6087.5044,30.0000,294.0660,0.0949,0.0873,1.5708,6134.9173,-6371000.0000,
563.0000,6080.0044,30.0000,294.3108,0.0949,0.0873,1.5708,6127.4172,-6371000.0000,
563.2500,6072.5044,30.0000,294.5558,0.0949,0.0873,1.5708,6119.9171,-6371000.0000,
563.5000,6065.0044,30.0000,294.8009,0.0949,0.0873,1.5708,6112.4170,-6371000.0000,
563.7500,6057.5044,30.0000,295.0462,0.0949,0.0873,1.5708,6104.9169,-6371000.0000,
564.0000,6050.0044,30.0000,295.2916,0.0949,0.0873,1.5708,6097.4168,-6371000.0000,
564.2500,6042.5044,30.0000,295.5372,0.0949,0.0873,1.5708,6089.9167,-6371000.0000,
564.5000,6035.0044,30.0000,295.7830,0.0949,0.0873,1.5708,6082.4166,-6371000.0000,
564.7500,6027.5044,30.0000,296.0289,0.0948,0.0873,1.5708,6074.9165,-6371000.0000,
565.0000,6020.0044,30.0000,296.2750,0.0948,0.0873,1.5708,6067.4164,-6371000.0000,
565.2500,6012.5044,30.0000,296.5212,0.0948,0.0873,1.5708,6059.9163,-6371000.0000,
565.5000,6005.0044,30.0000,296.7676,0.0948,0.0873,1.5708,6052.4161,-6371000.0000,
565.7500,5997.5044,30.0000,297.0142,0.0948,0.0873,1.5708,6044.9160,-6371000.0000,
566.0000,5990.0044,30.0000,297.2609,0.0948,0.0873,1.5708,6037.4159,-6371000.0000,
566.2500,5982.5044,30.0000,297.5077,0.0948,0.0873,1.5708,6029.9158,-6371000.0000,
566.5000,5975.0044,30.0000,297.7547,0.0948,0.0873,1.5708,6022.4157,-6371000.0000,
566.7500,5967.5044,30.0000,298.0019,0.0948,0.0873,1.5708,6014.9156,-6371000.0000,
567.0000,5960.0044,30.0000,298.2493,0.0948,0.0873,1.5708,6007.4155,-6371000.0000,
567.2500,5952.5044,30.0000,298.4968,0.0948,0.0873,1.5708,5999.9154,-6371000.0000,
567.5000,5945.0044,30.0000,298.7444,0.0947,0.0873,1.5708,5992.4153,-6371000.0000,
567.7500,5937.5044,30.0000,298.9922,0.0947,0.0873,1.5708,5984.9152,-6371000.0000,
568.0000,5930.0044,30.0000,299.2402,0.0947,0.0873,1.5708,5977.4151,-6371000.0000,
568.2500,5922.5044,30.0000,299.4883,0.0947,0.0873,1.5708,5969.9150,-6371000.0000,
568.5000,5915.0044,30.0000,299.7366,0.0947,0.0873,1.5708,5962.4149,-6371000.0000,
568.7500,5907.5044,30.0000,299.9851,0.0947,0.0873,1.5708,5954.9147,-6371000.0000,
569.0000,5900.0044,30.0000,300.2337,0.0947,0.0873,1.5708,5947.4146,-6371000.0000,
569.2500,5892.5044,30.0000,300.4824,0.0947,0.0873,1.5708,5939.9145,-6371000.0000,
569.5000,5885.0044,30.0000,300.7313,0.0947,0.0873,1.5708,5932.4144,-6371000.0000,
569.7500,5877.5044,30.0000,300.9804,0.0947,0.0873,1.5708,5924.9143,-6371000.0000,
570.0000,5870.0044,30.0000,301.2297,0.0946,0.0873,1.5708,5917.4142,-6371000.0000,
570.2500,5862.5044,30.0000,301.4791,0.0946,0.0873,1.5708,5909.9141,-6371000.0000,
570.5000,5855.0044,30.0000,301.7286,0.0946,0.0873,1.5708,5902.4140,-6371000.0000,
570.7500,5847.5044,30.0000,301.9783,0.0946,0.0873,1.5708,5894.9139,-6371000.0000,
571.0000,5840.0044,30.0000,302.2282,0.0946,0.0873,1.5708,5887.4138,-6371000.0000,
571.2500,5832.5044,30.0000,302.4783,0.0946,0.0873,1.5708,5879.9137,-6371000.0000,
571.5000,5825.0044,30.0000,302.7285,0.0946,0.0873,1.5708,5872.4136,-6371000.0000,
571.7500,5817.5044,30.0000,302.9788,0.0946,0.0873,1.5708,5864.9134,-6371000.0000,
572.0000,5810.0044,30.0000,303.2293,0.0946,0.0873,1.5708,5857.4133,-6371000.0000,
572.2500,5802.5044,30.0000,303.4800,0.0946,0.0873,1.5708,5849.9132,-6371000.0000,
572.5000,5795.0044,30.0000,303.7308,0.0946,0.0873,1.5708,5842.4131,-6371000.0000,
572.7500,5787.5044,30.0000,303.9818,0.0945,0.0873,1.5708,5834.9130,-6371000.0000,
573.0000,5780.0044,30.0000,304.2330,0.0945,0.0873,1.5708,5827.4129,-6371000.0000,
573.2500,5772.5044,30.0000,304.4843,0.0945,0.0873,1.5708,5819.9128,-6371000.0000,
573.5000,5765.0044,30.0000,304.7358,0.0945,0.0873,1.5708,5812.4127,-6371000.0000,
573.7500,5757.5044,30.0000,304.9874,0.0945,0.0873,1.5708,5804.9126,-6371000.0000,
574.0000,5750.0044,30.0000,305.2392,0.0945,0.0873,1.5708,5797.4125,-6371000.0000,
574.2500,5742.5044,30.0000,305.4912,0.0945,0.0873,1.5708,5789.9124,-6371000.0000,
574.5000,5735.0044,30.0000,305.7433,0.0945,0.0873,1.5708,5782.4123,-6371000.0000,
574.7500,5727.5044,30.0000,305.9956,0.0945,0.0873,1.5708,5774.9122,-6371000.0000,
575.0000,5720.0044,30.0000,306.2480,0.0945,0.0873,1.5708,5767.4120,-6371000.0000,
575.2500,5712.5044,30.0000,306.5006,0.0945,0.0873,1.5708,5759.9119,-6371000.0000,
575.5000,5705.0044,30.0000,306.7533,0.0944,0.0873,1.5708,5752.4118,-6371000.0000,
575.7500,5697.5044,30.0000,307.0063,0.0944,0.0873,1.5708,5744.9117,-6371000.0000,
576.0000,5690.0044,30.0000,307.2593,0.0944,0.0873,1.5708,5737.4116,-6371000.0000,
576.2500,5682.5044,30.0000,307.5126,0.0944,0.0873,1.5708,5729.9115,-6371000.0000,
576.5000,5675.0044,30.0000,307.7660,0.0944,0.0873,1.5708,5722.4114,-6371000.0000,
576.7500,5667.5044,30.0000,308.0195,0.0944,0.0873,1.5708,5714.9113,-6371000.0000,
577.0000,5660.0044,30.0000,308.2733,0.0944,0.0873,1.5708,5707.4112,-6371000.0000,
577.2500,5652.5044,30.0000,308.5271,0.0944,0.0873,1.5708,5699.9111,-6371000.0000,
577.5000,5645.0044,30.0000,308.7812,0.0944,0.0873,1.5708,5692.4110,-6371000.0000,
577.7500,5637.5044,30.0000,309.0354,0.0944,0.0873,1.5708,5684.9109,-6371000.0000,
578.0000,5630.0044,30.0000,309.2898,0.0944,0.0873,1.5708,5677.4107,-6371000.0000,
578.2500,5622.5044,30.0000,309.5443,0.0943,0.0873,1.5708,5669.9106,-6371000.0000,
578.5000,5615.0044,30.0000,309.7990,0.0943,0.0873,1.5708,5662.4105,-6371000.0000,
578.7500,5607.5044,30.0000,310.0538,0.0943,0.0873,1.5708,5654.9104,-6371000.0000,
579.0000,5600.0044,30.0000,310.3088,0.0943,0.0873,1.5708,5647.4103,-6371000.0000,
579.2500,5592.5044,30.0000,310.5640,0.0943,0.0873,1.5708,5639.9102,-6371000.0000,
579.5000,5585.0044,30.0000,310.8194,0.0943,0.0873,1.5708,5632.4101,-6371000.0000,
579.7500,5577.5044,30.0000,311.0749,0.0943,0.0873,1.5708,5624.9100,-6371000.0000,
580.0000,5570.0044,30.0000,311.3305,0.0943,0.0873,1.5708,5617.4099,-6371000.0000,
580.2500,5562.5044,30.0000,311.5863,0.0943,0.0873,1.5708,5609.9098,-6371000.0000,
580.5000,5555.0044,30.0000,311.8423,0.0943,0.0873,1.5708,5602.4097,-6371000.0000,
580.7500,5547.5044,30.0000,312.0985,0.0943,0.0873,1.5708,5594.9096,-6371000.0000,
581.0000,5540.0044,30.0000,312.3548,0.0942,0.0873,1.5708,5587.4095,-6371000.0000,
581.2500,5532.5044,30.0000,312.6113,0.0942,0.0873,1.5708,5579.9093,-6371000.0000,
581.5000,5525.0044,30.0000,312.8679,0.0942,0.0873,1.5708,5572.4092,-6371000.0000,
581.7500,5517.5044,30.0000,313.1247,0.0942,0.0873,1.5708,5564.9091,-6371000.0000,
582.0000,5510.0044,30.0000,313.3816,0.0942,0.0873,1.5708,5557.4090,-6371000.0000,
582.2500,5502.5044,30.0000,313.6388,0.0942,0.0873,1.5708,5549.9089,-6371000.0000,
582.5000,5495.0044,30.0000,313.8960,0.0942,0.0873,1.5708,5542.4088,-6371000.0000,
582.7500,5487.5044,30.0000,314.1535,0.0942,0.0873,1.5708,5534.9087,-6371000.0000,
583.0000,5480.0044,30.0000,314.4111,0.0942,0.0873,1.5708,5527.4086,-6371000.0000,
583.2500,5472.5044,30.0000,314.6689,0.0942,0.0873,1.5708,5519.9085,-6371000.0000,
583.5000,5465.0044,30.0000,314.9268,0.0942,0.0873,1.5708,5512.4084,-6371000.0000,
583.7500,5457.5044,30.0000,315.1849,0.0941,0.0873,1.5708,5504.9083,-6371000.0000,
584.0000,5450.0044,30.0000,315.4432,0.0941,0.0873,1.5708,5497.4082,-6371000.0000,
584.2500,5442.5044,30.0000,315.7016,0.0941,0.0873,1.5708,5489.9080,-6371000.0000,
584.5000,5435.0044,30.0000,315.9602,0.0941,0.0873,1.5708,5482.4079,-6371000.0000,
584.7500,5427.5044,30.0000,316.2189,0.0941,0.0873,1.5708,5474.9078,-6371000.0000,
585.0000,5420.0044,30.0000,316.4778,0.0941,0.0873,1.5708,5467.4077,-6371000.0000,
585.2500,5412.5044,30.0000,316.7369,0.0941,0.0873,1.5708,5459.9076,-6371000.0000,
585.5000,5405.0044,30.0000,316.9962,0.0941,0.0873,1.5708,5452.4075,-6371000.0000,
585.7500,5397.5044,30.0000,317.2556,0.0941,0.0873,1.5708,5444.9074,-6371000.0000,
586.0000,5390.0044,30.0000,317.5151,0.0941,0.0873,1.5708,5437.4073,-6371000.0000,
586.2500,5382.5044,30.0000,317.7749,0.0941,0.0873,1.5708,5429.9072,-6371000.0000,
586.5000,5375.0044,30.0000,318.0348,0.0940,0.0873,1.5708,5422.4071,-6371000.0000,
586.7500,5367.5044,30.0000,318.2948,0.0940,0.0873,1.5708,5414.9070,-6371000.0000,
587.0000,5360.0044,30.0000,318.5550,0.0940,0.0873,1.5708,5407.4069,-6371000.0000,
587.2500,5352.5044,30.0000,318.8154,0.0940,0.0873,1.5708,5399.9068,-6371000.0000,
587.5000,5345.0044,30.0000,319.0760,0.0940,0.0873,1.5708,5392.4066,-6371000.0000,
587.7500,5337.5044,30.0000,319.3367,0.0940,0.0873,1.5708,5384.9065,-6371000.0000,
588.0000,5330.0044,30.0000,319.5976,0.0940,0.0873,1.5708,5377.4064,-6371000.0000,
588.2500,5322.5044,30.0000,319.8586,0.0940,0.0873,1.5708,5369.9063,-6371000.0000,
588.5000,5315.0044,30.0000,320.1198,0.0940,0.0873,1.5708,5362.4062,-6371000.0000,
588.7500,5307.5044,30.0000,320.3812,0.0940,0.0873,1.5708,5354.9061,-6371000.0000,
589.0000,5300.0044,30.0000,320.6427,0.0940,0.0873,1.5708,5347.4060,-6371000.0000,
589.2500,5292.5044,30.0000,320.9044,0.0939,0.0873,1.5708,5339.9059,-6371000.0000,
589.5000,5285.0044,30.0000,321.1663,0.0939,0.0873,1.5708,5332.4058,-6371000.0000,
589.7500,5277.5044,30.0000,321.4283,0.0939,0.0873,1.5708,5324.9057,-6371000.0000,
590.0000,5270.0044,30.0000,321.6905,0.0939,0.0873,1.5708,5317.4056,-6371000.0000,
590.2500,5262.5044,30.0000,321.9529,0.0939,0.0873,1.5708,5309.9055,-6371000.0000,
590.5000,5255.0044,30.0000,322.2154,0.0939,0.0873,1.5708,5302.4053,-6371000.0000,
590.7500,5247.5044,30.0000,322.4781,0.0939,0.0873,1.5708,5294.9052,-6371000.0000,
591.0000,5240.0044,30.0000,322.7410,0.0939,0.0873,1.5708,5287.4051,-6371000.0000,
591.2500,5232.5044,30.0000,323.0040,0.0939,0.0873,1.5708,5279.9050,-6371000.0000,
591.5000,5225.0044,30.0000,323.2672,0.0939,0.0873,1.5708,5272.4049,-6371000.0000,
591.7500,5217.5044,30.0000,323.5305,0.0939,0.0873,1.5708,5264.9048,-6371000.0000,
592.0000,5210.0044,30.0000,323.7940,0.0938,0.0873,1.5708,5257.4047,-6371000.0000,
592.2500,5202.5044,30.0000,324.0577,0.0938,0.0873,1.5708,5249.9046,-6371000.0000,
592.5000,5195.0044,30.0000,324.3216,0.0938,0.0873,1.5708,5242.4045,-6371000.0000,
592.7500,5187.5044,30.0000,324.5856,0.0938,0.0873,1.5708,5234.9044,-6371000.0000,
593.0000,5180.0044,30.0000,324.8498,0.0938,0.0873,1.5708,5227.4043,-6371000.0000,
593.2500,5172.5044,30.0000,325.1141,0.0938,0.0873,1.5708,5219.9042,-6371000.0000,
593.5000,5165.0044,30.0000,325.3786,0.0938,0.0873,1.5708,5212.4041,-6371000.0000,
593.7500,5157.5044,30.0000,325.6433,0.0938,0.0873,1.5708,5204.9039,-6371000.0000,
594.0000,5150.0044,30.0000,325.9082,0.0938,0.0873,1.5708,5197.4038,-6371000.0000,
594.2500,5142.5044,30.0000,326.1732,0.0938,0.0873,1.5708,5189.9037,-6371000.0000,
594.5000,5135.0044,30.0000,326.4383,0.0938,0.0873,1.5708,5182.4036,-6371000.0000,
594.7500,5127.5044,30.0000,326.7037,0.0937,0.0873,1.5708,5174.9035,-6371000.0000,
595.0000,5120.0044,30.0000,326.9692,0.0937,0.0873,1.5708,5167.4034,-6371000.0000,
595.2500,5112.5044,30.0000,327.2349,0.0937,0.0873,1.5708,5159.9033,-6371000.0000,
595.5000,5105.0044,30.0000,327.5007,0.0937,0.0873,1.5708,5152.4032,-6371000.0000,
595.7500,5097.5044,30.0000,327.7667,0.0937,0.0873,1.5708,5144.9031,-6371000.0000,
596.0000,5090.0044,30.0000,328.0329,0.0937,0.0873,1.5708,5137.4030,-6371000.0000,
596.2500,5082.5044,30.0000,328.2992,0.0937,0.0873,1.5708,5129.9029,-6371000.0000,
596.5000,5075.0044,30.0000,328.5657,0.0937,0.0873,1.5708,5122.4028,-6371000.0000,
596.7500,5067.5044,30.0000,328.8324,0.0937,0.0873,1.5708,5114.9026,-6371000.0000,
597.0000,5060.0044,30.0000,329.0993,0.0937,0.0873,1.5708,5107.4025,-6371000.0000,
597.2500,5052.5044,30.0000,329.3663,0.0937,0.0873,1.5708,5099.9024,-6371000.0000,
597.5000,5045.0044,30.0000,329.6334,0.0936,0.0873,1.5708,5092.4023,-6371000.0000,
597.7500,5037.5044,30.0000,329.9008,0.0936,0.0873,1.5708,5084.9022,-6371000.0000,
598.0000,5030.0044,30.0000,330.1683,0.0936,0.0873,1.5708,5077.4021,-6371000.0000,
598.2500,5022.5044,30.0000,330.4360,0.0936,0.0873,1.5708,5069.9020,-6371000.0000,
598.5000,5015.0044,30.0000,330.7038,0.0936,0.0873,1.5708,5062.4019,-6371000.0000,
598.7500,5007.5044,30.0000,330.9718,0.0936,0.0873,1.5708,5054.9018,-6371000.0000,
599.0000,5000.0044,30.0000,331.2400,0.0936,0.0873,1.5708,5047.4017,-6371000.0000,
599.2500,4992.5044,30.0000,331.5084,0.0936,0.0873,1.5708,5039.9016,-6371000.0000,
599.5000,4985.0044,30.0000,331.7769,0.0936,0.0873,1.5708,5032.4015,-6371000.0000,
599.7500,4977.5044,30.0000,332.0456,0.0936,0.0873,1.5708,5024.9014,-6371000.0000,
600.0000,4970.0044,30.0000,332.3144,0.0936,0.0873,1.5708,5017.4012,-6371000.0000,
