time,altitude,velocity,q,mach,gimbal,theta,apoapsis,periapsis,theta_error
0.2500,1.4345,11.4861,51.6549,0.0270,0.0000,1.5708,5.2122,-6371000.0000,0.0000
0.5500,6.9577,25.3500,324.7709,0.0677,0.0000,1.5708,32.7617,-6371000.0000,0.0000
0.7500,12.9560,34.6391,638.8426,0.0950,0.0000,1.5708,64.4479,-6371000.0000,0.0000
1.0000,23.0723,46.2998,1181.4375,0.1292,0.0000,1.5708,119.2284,-6371000.0000,0.0000
1.2500,36.1102,58.0122,1891.8408,0.1636,0.0000,1.5708,191.0480,-6371000.0000,0.0000
1.5000,52.0824,69.7732,2770.8182,0.1982,0.0000,1.5708,280.0854,-6371000.0000,0.0000
1.7500,71.0006,81.5793,3818.6502,0.2330,0.0000,1.5708,386.5033,-6371000.0000,0.0000
2.0000,92.8756,93.4271,5035.1244,0.2678,0.0000,1.5708,510.4478,-6371000.0000,0.0000
2.2500,117.7173,105.3131,6419.5307,0.3029,0.0000,1.5708,652.0482,-6371000.0000,0.0000
2.5500,151.4564,119.6219,8300.7484,0.3451,0.0000,1.5708,845.4313,-6371000.0000,0.0000
2.8000,182.8560,131.5798,10049.6395,0.3804,0.0000,1.5708,1026.2456,-6371000.0000,0.0000
3.0500,217.2486,143.5648,11960.8332,0.4158,0.0000,1.5708,1225.0141,-6371000.0000,0.0000
3.3000,254.6404,155.5733,14031.5344,0.4514,0.0000,1.5708,1441.7942,-6371000.0000,0.0000
3.5500,295.0369,167.6020,16258.4687,0.4870,0.0000,1.5708,1676.6261,-6371000.0000,0.0000
3.8000,338.4428,179.6475,18637.8942,0.5228,0.0000,1.5708,1929.5333,-6371000.0000,0.0000
4.0500,384.8618,191.7063,21165.6166,0.5586,0.0000,1.5708,2200.5235,-6371000.0000,0.0000
4.3000,434.2968,203.7753,23837.0066,0.5946,0.0000,1.5708,2489.5883,-6371000.0000,0.0000
4.5500,486.7500,215.8512,26647.0193,0.6306,0.0000,1.5708,2796.7048,-6371000.0000,0.0000
4.8000,542.2227,227.9309,29590.2166,0.6667,0.0000,1.5708,3121.8354,-6371000.0000,0.0000
5.0500,600.7155,240.0115,32660.7908,0.7029,0.0000,1.5708,3464.9295,-6371000.0000,0.0000
5.3000,662.2283,252.0899,35852.5904,0.7391,0.0000,1.5708,3825.9238,-6371000.0000,0.0000
5.5500,726.7601,264.1636,39159.1477,0.7754,0.0000,1.5708,4204.7435,-6371000.0000,0.0000
5.8000,794.3073,276.1805,42567.9068,0.8118,0.0000,1.5708,4600.7823,-6371000.0000,0.0000
6.0500,864.8197,287.8505,45984.3383,0.8473,0.0000,1.5708,5005.9731,-6371000.0000,0.0000
6.3000,938.1966,299.0889,49351.5928,0.8816,0.0000,1.5708,5415.3719,-6371000.0000,0.0000
6.5500,1014.3248,309.8552,52637.2704,0.9147,0.0000,1.5708,5826.0989,-6371000.0000,0.0000
6.8000,1093.0821,320.1168,55811.3394,0.9464,-0.0013,1.5705,6235.3729,-6371000.0000,-0.0003
7.0500,1174.3390,329.8488,58847.0633,0.9765,-0.0007,1.5696,6640.5987,-6370999.9999,-0.0013
7.3000,1257.9610,339.0350,61721.6965,1.0052,-0.0004,1.5684,7039.4380,-6370999.9997,-0.0018
7.5500,1343.8104,347.6674,64416.9616,1.0323,-0.0003,1.5670,7429.8660,-6370999.9991,-0.0021
7.8000,1431.7512,355.8097,66928.0730,1.0579,-0.0003,1.5656,7811.0508,-6370999.9979,-0.0023
8.0500,1521.7079,363.8341,69379.5610,1.0830,-0.0002,1.5641,8194.6637,-6370999.9955,-0.0024
8.3000,1613.6636,371.8032,71812.6275,1.1080,-0.0002,1.5625,8584.7922,-6370999.9912,-0.0025
8.5500,1707.6051,379.7219,74225.6620,1.1330,-0.0002,1.5609,8981.4756,-6370999.9841,-0.0026
8.8000,1803.5205,387.5951,76617.2278,1.1579,-0.0002,1.5593,9384.7710,-6370999.9731,-0.0026
9.0500,1901.3989,395.4278,78986.0488,1.1828,-0.0002,1.5576,9794.7538,-6370999.9567,-0.0027
9.3000,2001.2308,403.2249,81330.9958,1.2076,-0.0002,1.5559,10211.5164,-6370999.9334,-0.0027
9.5000,2082.4972,409.4401,83189.0918,1.2275,-0.0002,1.5545,10549.8809,-6370999.9085,-0.0028
9.7500,2185.8252,417.1853,85488.6424,1.2524,-0.0002,1.5527,10979.1341,-6370999.8678,-0.0029
10.0000,2291.0863,424.9086,87761.8351,1.2772,-0.0002,1.5509,11415.5149,-6370999.8140,-0.0029
10.2500,2398.2757,432.6147,90007.9886,1.3021,-0.0002,1.5491,11859.1779,-6370999.7446,-0.0030
10.5000,2507.3896,440.3086,92226.5120,1.3271,-0.0002,1.5472,12310.2935,-6370999.6564,-0.0030
10.7500,2618.4253,447.9951,94416.8946,1.3522,-0.0002,1.5453,12769.0474,-6370999.5461,-0.0031
11.0000,2731.3816,455.6788,96578.6957,1.3773,-0.0002,1.5434,13235.6401,-6370999.4098,-0.0031
11.2500,2846.2582,463.3648,98711.5350,1.4025,-0.0002,1.5414,13710.2873,-6370999.2434,-0.0032
11.5000,2963.0561,471.0575,100815.0836,1.4279,-0.0002,1.5394,14193.2193,-6370999.0422,-0.0032
11.7500,3081.7774,478.7619,102889.0554,1.4534,-0.0002,1.5373,14684.6811,-6370998.8012,-0.0033
12.0000,3202.4255,486.4825,104933.1989,1.4790,-0.0002,1.5353,15184.9324,-6370998.5149,-0.0033
12.2500,3325.0047,494.2241,106947.2893,1.5049,-0.0002,1.5332,15694.2472,-6370998.1772,-0.0034
12.5000,3449.5208,501.9913,108931.1213,1.5309,-0.0003,1.5310,16212.9143,-6370997.7815,-0.0035
12.7500,3575.9803,509.7886,110884.5017,1.5571,-0.0003,1.5288,16741.2369,-6370997.3207,-0.0035
13.0000,3704.3911,517.6208,112807.2434,1.5836,-0.0003,1.5266,17279.5330,-6370996.7869,-0.0036
13.2500,3834.7623,525.4924,114699.1586,1.6103,-0.0003,1.5244,17828.1352,-6370996.1718,-0.0036
13.5000,3967.1039,533.4080,116560.0529,1.6373,-0.0003,1.5221,18387.3913,-6370995.4662,-0.0037
13.7500,4101.4271,541.3721,118389.7198,1.6645,-0.0003,1.5198,18957.6639,-6370994.6602,-0.0037
14.0000,4237.7443,549.3892,120187.9355,1.6921,-0.0003,1.5174,19539.3310,-6370993.7432,-0.0038
14.2500,4376.0688,557.4639,121954.4536,1.7199,-0.0003,1.5150,20132.7862,-6370992.7035,-0.0038
14.5000,4516.4151,565.6006,123689.0002,1.7481,-0.0003,1.5126,20738.4388,-6370991.5289,-0.0039
14.7500,4658.7988,573.8039,125391.2700,1.7767,-0.0003,1.5101,21356.7142,-6370990.2059,-0.0040
15.0000,4803.2366,582.0782,127060.9213,1.8056,-0.0003,1.5077,21988.0545,-6370988.7200,-0.0040
15.2500,4949.7463,590.4281,128697.5725,1.8349,-0.0003,1.5051,22632.9182,-6370987.0558,-0.0041
15.5000,5098.3467,598.8580,130300.7982,1.8647,-0.0003,1.5026,23291.7814,-6370985.1965,-0.0041
15.7500,5249.0577,607.3724,131870.1256,1.8948,-0.0003,1.5000,23965.1375,-6370983.1241,-0.0042
16.0000,5401.9003,615.9758,133405.0312,1.9254,-0.0003,1.4973,24653.4984,-6370980.8194,-0.0043
16.2500,5556.8966,624.6726,134904.9377,1.9565,-0.0003,1.4946,25357.3943,-6370978.2616,-0.0043
16.5000,5714.0696,633.4674,136369.2112,1.9881,-0.0003,1.4919,26077.3746,-6370975.4284,-0.0044
16.7500,5873.4437,642.3646,137797.1583,2.0202,-0.0003,1.4892,26814.0085,-6370972.2958,-0.0044
17.0000,6035.0440,651.3688,139188.0242,2.0528,-0.0003,1.4864,27567.8857,-6370968.8382,-0.0045
17.2500,6198.8970,660.4845,140540.9898,2.0860,-0.0003,1.4835,28339.6164,-6370965.0280,-0.0046
17.5000,6365.0300,669.7162,141855.1701,2.1198,-0.0003,1.4807,29129.8328,-6370960.8355,-0.0046
17.7500,6533.4716,679.0685,143129.6126,2.1542,-0.0003,1.4778,29939.1896,-6370956.2292,-0.0047
18.0000,6704.2513,688.5459,144363.2953,2.1892,-0.0003,1.4748,30768.3642,-6370951.1749,-0.0048
18.2500,6877.3997,698.1532,145555.1260,2.2248,-0.0003,1.4718,31618.0585,-6370945.6361,-0.0048
18.5000,7052.9487,707.8949,146703.9408,2.2611,-0.0003,1.4688,32488.9988,-6370939.5738,-0.0049
18.7500,7230.9310,717.7756,147808.5038,2.2982,-0.0003,1.4657,33381.9374,-6370932.9459,-0.0050
19.0000,7411.3805,727.8002,148867.5062,2.3359,-0.0003,1.4626,34297.6532,-6370925.7077,-0.0050
19.2500,7594.3323,737.9733,149879.5667,2.3745,-0.0003,1.4594,35236.9531,-6370917.8108,-0.0051
19.5000,7779.8224,748.2998,150843.2310,2.4137,-0.0003,1.4562,36200.6726,-6370909.2037,-0.0052
19.7500,7967.8881,758.7844,151756.9729,2.4539,-0.0003,1.4530,37189.6773,-6370899.8311,-0.0052
20.0000,8158.5678,769.4321,152619.1947,2.4948,-0.0003,1.4497,38204.8643,-6370889.6339,-0.0053
20.2500,8351.9008,780.2478,153428.2285,2.5366,-0.0003,1.4463,39247.1629,-6370878.5484,-0.0054
20.5000,8547.9277,791.2365,154182.3377,2.5793,-0.0004,1.4429,40317.5367,-6370866.5069,-0.0055
20.7500,8746.6904,802.4034,154879.7190,2.6230,-0.0004,1.4395,41416.9849,-6370853.4364,-0.0055
21.0000,8948.2318,813.7534,155518.5046,2.6676,-0.0004,1.4360,42546.5433,-6370839.2591,-0.0056
21.2500,9152.5958,825.2920,156096.7649,2.7132,-0.0004,1.4325,43707.2871,-6370823.8914,-0.0057
21.5000,9359.8279,837.0244,156612.5117,2.7599,-0.0004,1.4289,44900.3318,-6370807.2440,-0.0058
21.7500,9569.9743,848.9559,157063.7017,2.8076,-0.0004,1.4253,46126.8355,-6370789.2210,-0.0058
22.0000,9783.0830,861.0922,157448.2408,2.8565,-0.0004,1.4216,47388.0009,-6370769.7199,-0.0059
22.2500,9999.2027,873.4388,157763.9881,2.9065,-0.0004,1.4178,48685.0778,-6370748.6309,-0.0060
22.5000,10218.3836,886.0015,158008.7612,2.9577,-0.0004,1.4140,50019.3648,-6370725.8363,-0.0061
22.7500,10440.6773,898.7861,158180.3417,3.0101,-0.0004,1.4102,51392.2127,-6370701.2101,-0.0062
23.0000,10666.1365,911.7986,158276.4809,3.0638,-0.0004,1.4063,52805.0265,-6370674.6174,-0.0063
23.2500,10894.8153,925.0451,158294.9063,3.1189,-0.0004,1.4024,54259.2687,-6370645.9136,-0.0064
23.5000,11126.7710,938.5624,157357.7052,3.1715,-0.0004,1.3984,55758.1364,-6370614.9291,-0.0064
23.7500,11362.0757,952.3966,156151.2370,3.2182,-0.0004,1.3943,57308.5550,-6370581.4480,-0.0065
24.0000,11600.8028,966.5425,154906.5373,3.2659,-0.0004,1.3902,58911.2558,-6370545.2939,-0.0066
24.2500,11843.0264,981.0045,153621.9022,3.3147,-0.0004,1.3860,60568.0199,-6370506.2682,-0.0067
24.5000,12088.8212,995.7874,152295.7759,3.3646,-0.0004,1.3817,62280.6987,-6370464.1577,-0.0068
24.7500,12338.2631,1010.8961,150926.7525,3.4156,-0.0004,1.3774,64051.2166,-6370418.7341,-0.0069
25.0000,12591.4288,1026.3357,149513.5773,3.4677,-0.0004,1.3731,65881.5741,-6370369.7530,-0.0070
25.2500,12848.3962,1042.1117,148055.1488,3.5209,-0.0004,1.3686,67773.8499,-6370316.9520,-0.0071
25.5000,13109.2441,1058.2294,146550.5207,3.5753,-0.0005,1.3641,69730.2049,-6370260.0504,-0.0072
25.7500,13374.0525,1074.6946,144998.9031,3.6309,-0.0005,1.3596,71752.8849,-6370198.7470,-0.0073
26.0000,13642.9025,1091.5131,143399.6648,3.6876,-0.0005,1.3549,73844.2237,-6370132.7193,-0.0075
26.2500,13915.8764,1108.6911,141752.3341,3.7456,-0.0005,1.3502,76006.6471,-6370061.6215,-0.0076
26.5000,14193.0575,1126.2348,140056.6011,3.8048,-0.0005,1.3454,78242.6762,-6369985.0831,-0.0077
26.7500,14474.5305,1144.1507,138312.3180,3.8653,-0.0005,1.3406,80554.9310,-6369902.7071,-0.0078
27.0000,14760.3814,1162.4455,136519.5005,3.9270,-0.0005,1.3356,82946.1344,-6369814.0682,-0.0079
27.2500,15050.6973,1181.1261,134678.3286,3.9901,-0.0005,1.3306,85419.1164,-6369718.7102,-0.0080
27.5000,15345.5668,1200.1997,132789.1465,4.0544,-0.0005,1.3255,87976.8177,-6369616.1445,-0.0082
27.7500,15645.0797,1219.6734,130852.4633,4.1202,-0.0005,1.3204,90622.2944,-6369505.8475,-0.0083
28.0000,15949.3272,1239.5549,128868.9519,4.1873,-0.0005,1.3151,93358.7221,-6369387.2579,-0.0084
28.2500,16258.4020,1259.8520,126839.4491,4.2558,-0.0005,1.3098,96189.4008,-6369259.7741,-0.0086
28.5000,16572.3982,1280.5724,124764.9541,4.3257,-0.0005,1.3044,99117.7590,-6369122.7515,-0.0087
28.7500,16889.3353,1281.9857,120196.7796,4.3525,-0.0025,1.2990,100431.7474,-6369046.6423,-0.0088
29.0000,17205.8073,1277.2742,113519.7358,4.3362,-0.0016,1.2937,100100.1104,-6369037.8484,-0.0095
29.2500,17521.6079,1279.6509,107304.9038,4.3215,-0.0026,1.2883,99831.1154,-6369027.2992,-0.8087
29.5000,17836.8462,1275.8296,102571.1771,4.3308,-0.0018,1.2827,100470.9922,-6368976.1986,
29.7500,18151.4643,1272.4161,97101.8134,4.3189,-0.0018,1.2771,100310.4570,-6368961.2811,
30.0000,18465.5584,1269.3860,91987.6159,4.3084,-0.0018,1.2716,100200.7623,-6368944.6017,
30.2500,18778.8995,1266.7322,87205.4807,4.2992,-0.0027,1.2661,100140.1171,-6368925.9776,
30.5000,19091.8955,1264.4168,82721.4295,4.2911,-0.0014,1.2605,100123.6436,-6368905.5456,
30.7500,19404.3072,1262.4369,78517.6847,4.2842,-0.0026,1.2551,100150.5106,-6368883.3996,
31.0000,19716.2125,1260.7708,74571.4844,4.2783,-0.0024,1.2496,100217.3856,-6368859.2503,
31.2500,20027.3642,1259.4158,70867.7473,4.2736,-0.0032,1.2442,100323.2483,-6368833.0701,
31.5000,20337.8386,1258.3923,66830.8832,4.2672,-0.0028,1.2387,100469.8442,-6368804.6395,
31.7500,20647.7083,1257.6484,63494.6306,4.2614,-0.0025,1.2332,100652.1679,-6368774.1923,
32.0000,20956.8759,1250.4130,59711.8850,4.2337,-0.0025,1.2278,100024.1718,-6368791.4636,
32.2500,21265.7269,1250.1693,56795.1387,4.2298,-0.0035,1.2223,100269.8673,-6368758.2515,
32.5000,21573.8341,1250.1674,54052.8033,4.2266,-0.0034,1.2169,100544.6049,-6368722.7081,
32.7500,21881.0902,1243.6242,50914.3336,4.2014,-0.0034,1.2116,100010.1540,-6368737.9458,
33.0000,22188.1934,1244.0481,48505.0547,4.1998,-0.0039,1.2061,100337.3309,-6368699.5619,
33.2500,22494.3858,1244.6828,46235.9597,4.1988,-0.0036,1.2008,100689.0198,-6368658.7322,
33.5000,22800.1964,1238.7176,43610.9251,4.1757,-0.0036,1.1954,100231.4744,-6368672.2782,
33.7500,23105.3483,1239.7159,41609.0162,4.1760,-0.0042,1.1900,100626.6965,-6368628.5335,
34.0000,23409.8817,1234.0964,39281.5030,4.1541,-0.0042,1.1847,100215.3184,-6368640.9782,
34.2500,23713.8373,1235.4232,37511.6161,4.1556,-0.0054,1.1794,100648.7586,-6368594.0605,
34.5000,24017.2508,1230.1114,35441.8337,4.1348,-0.0054,1.1742,100278.0908,-6368605.5243,
34.7500,24319.8380,1231.7352,33874.1569,4.1374,-0.0057,1.1690,100745.0262,-6368555.2297,
35.0000,24622.2717,1226.6979,32028.5442,4.1175,-0.0057,1.1635,100410.3697,-6368565.8177,
35.2500,24923.4649,1221.8013,30297.7163,4.0982,-0.0057,1.1585,100094.8913,-6368575.8403,
35.5000,25224.5659,1223.8034,28989.4632,4.1021,-0.0064,1.1531,100604.1143,-6368521.6961,
35.7500,25524.9638,1219.1377,27440.3433,4.0836,-0.0064,1.1477,100318.5016,-6368530.9850,
36.0000,25824.2099,1214.5909,25984.9804,4.0656,-0.0064,1.1429,100048.8985,-6368539.7895,
36.2500,26123.7591,1216.9145,24888.2239,4.0705,-0.0066,1.1372,100592.4890,-6368481.6441,
36.5000,26422.3647,1212.5629,23581.3473,4.0532,-0.0066,1.1319,100347.8118,-6368489.8302,
36.7500,26719.8935,1208.3122,22351.6498,4.0363,-0.0066,1.1270,100116.5799,-6368497.5987,
37.0000,27017.1579,1210.9155,21430.9055,4.0422,-0.0090,1.1219,100687.8040,-6368435.0645,
37.2500,27314.1771,1206.8304,20323.2821,4.0258,-0.0090,1.1165,100477.4674,-6368442.3104,
37.5000,27610.1830,1202.8313,19279.6385,4.0098,-0.0090,1.1116,100278.4839,-6368449.1938,
37.8000,27964.0812,1198.1390,18105.8327,3.9910,-0.0090,1.1062,100053.7243,-6368457.0045,
38.0500,28259.0226,1201.0494,17380.9496,3.9980,-0.0129,1.1008,100653.6295,-6368389.2586,
38.3000,28553.4780,1197.2791,16501.8548,3.9828,-0.0129,1.0953,100483.7249,-6368395.3223,
38.5500,28846.9951,1193.5774,15672.0760,3.9678,-0.0129,1.0903,100322.7736,-6368401.0906,
38.8000,29139.5903,1189.9407,14888.5012,3.9532,-0.0129,1.0857,100170.2501,-6368406.5799,
39.0500,29431.2791,1186.3653,14148.2427,3.9387,-0.0129,1.0815,100025.6640,-6368411.8054,
39.3000,29723.4659,1189.5517,13599.1907,3.9467,-0.0125,1.0753,100647.8006,-6368337.9970,
39.5500,30014.9263,1186.0778,12927.4147,3.9326,-0.0125,1.0693,100515.5332,-6368342.9112,
39.8000,30305.5191,1182.6569,12292.1700,3.9187,-0.0125,1.0639,100390.0578,-6368347.5926,
40.0500,30595.2569,1179.2861,11691.2443,3.9050,-0.0125,1.0588,100270.9895,-6368352.0538,
40.3000,30884.1515,1175.9628,11122.5764,3.8915,-0.0125,1.0542,100157.9676,-6368356.3064,
40.5500,31172.2145,1172.6845,10584.2448,3.8782,-0.0125,1.0500,100050.6542,-6368360.3614,
40.8000,31460.2164,1176.1117,10188.8392,3.8871,-0.0213,1.0448,100686.9365,-6368279.6333,
41.0500,31748.1659,1172.9080,9698.3549,3.8740,-0.0213,1.0389,100588.4597,-6368283.4649,
41.3000,32035.3120,1169.7454,9233.6795,3.8611,-0.0213,1.0334,100494.9009,-6368287.1207,
41.5500,32321.6661,1166.6305,8635.7413,3.8444,-0.0213,1.0283,100407.4227,-6368290.5535,
41.8000,32607.2381,1163.5516,8207.3632,3.8276,-0.0213,1.0237,100324.4799,-6368293.8222,
42.0500,32892.0365,1160.5066,7802.8392,3.8109,-0.0213,1.0195,100245.7659,-6368296.9376,
42.3000,33176.0695,1157.4938,7420.6813,3.7945,-0.0213,1.0156,100171.0383,-6368299.9079,
42.5500,33459.3448,1154.5114,7059.5059,3.7782,-0.0213,1.0120,100100.0705,-6368302.7409,
42.8000,33741.8694,1151.5579,6718.0250,3.7622,-0.0213,1.0088,100032.6503,-6368305.4439,
43.0500,34024.3890,1155.2031,6467.9476,3.7677,-0.0300,1.0034,100672.6872,-6368215.1576,
43.3000,34306.9090,1152.2979,6157.5628,3.7518,-0.0300,0.9958,100610.7533,-6368217.7209,
43.5500,34588.6966,1149.4175,5863.8361,3.7362,-0.0300,0.9883,100551.8704,-6368220.1686,
43.8000,34869.7576,1146.5609,5585.7717,3.7207,-0.0300,0.9809,100495.8702,-6368222.5065,
44.0500,35150.0976,1143.7267,5322.4397,3.7053,-0.0300,0.9735,100442.5951,-6368224.7403,
44.3000,35429.7220,1140.9138,5072.9721,3.6901,-0.0300,0.9662,100391.8968,-6368226.8753,
44.5500,35708.6358,1138.1211,4836.5575,3.6751,-0.0300,0.9590,100343.6363,-6368228.9165,
44.8000,35986.8437,1135.3477,4612.4373,3.6601,-0.0300,0.9518,100297.6826,-6368230.8687,
45.0500,36264.3504,1132.5925,4399.9018,3.6453,-0.0300,0.9447,100253.9129,-6368232.7363,
45.3000,36541.1601,1129.8547,4198.2866,3.6307,-0.0300,0.9376,100212.2113,-6368234.5234,
45.5500,36817.2769,1127.1334,4006.9698,3.6161,-0.0300,0.9307,100172.4690,-6368236.2341,
45.8000,37092.7048,1124.4278,3825.3683,3.6017,-0.0300,0.9237,100134.5834,-6368237.8720,
46.0500,37367.4474,1121.7371,3652.9360,3.5874,-0.0300,0.9168,100098.4581,-6368239.4408,
46.3000,37641.5083,1119.0607,3489.1602,3.5732,-0.0300,0.9100,100064.0018,-6368240.9437,
46.5500,37914.8908,1116.3978,3333.5603,3.5591,-0.0300,0.9033,100031.1289,-6368242.3839,
46.8000,38187.7336,1120.0086,3185.6848,3.5451,-0.0300,0.8959,99999.7584,-6368243.7645,
47.0500,38461.1235,1117.3695,3078.9438,3.5511,-0.0387,0.8829,100594.2502,-6368134.5110,
47.3000,38733.8435,1114.7423,2943.2702,3.5373,-0.0387,0.8701,100565.2058,-6368135.8388,
47.5500,39005.8964,1112.1265,2814.2470,3.5236,-0.0387,0.8573,100537.4728,-6368137.1122,
47.8000,39277.2848,1109.5215,2691.5144,3.5099,-0.0387,0.8446,100510.9856,-6368138.3340,
48.0500,39548.0113,1106.9269,2574.7339,3.4964,-0.0387,0.8321,100485.6820,-6368139.5064,
48.3000,39818.0784,1104.3422,2463.5870,3.4830,-0.0387,0.8196,100461.5033,-6368140.6316,
48.5500,40087.4882,1101.7669,2357.7741,3.4696,-0.0387,0.8073,100438.3939,-6368141.7120,
48.8000,40356.2431,1099.2006,2257.0128,3.4564,-0.0387,0.7951,100416.3014,-6368142.7495,
49.0500,40624.3451,1096.6429,2161.0374,3.4432,-0.0387,0.7829,100395.1761,-6368143.7461,
49.3000,40891.7962,1094.0935,2069.5974,3.4301,-0.0387,0.7709,100374.9711,-6368144.7035,
49.5500,41158.5984,1091.5520,1982.4567,3.4171,-0.0387,0.7590,100355.6419,-6368145.6237,
49.8000,41424.7535,1089.0180,1899.3926,3.4042,-0.0387,0.7472,100337.1463,-6368146.5081,
50.0500,41690.2632,1086.4912,1820.1952,3.3913,-0.0387,0.7355,100319.4446,-6368147.3585,
50.3000,41955.1292,1083.9714,1744.6663,3.3786,-0.0387,0.7239,100302.4990,-6368148.1763,
50.5500,42219.3531,1081.4582,1672.6189,3.3659,-0.0387,0.7124,100286.2736,-6368148.9629,
50.8000,42482.9364,1078.9513,1603.8764,3.3533,-0.0387,0.7010,100270.7345,-6368149.7197,
51.0500,42745.8806,1076.4505,1538.2720,3.3407,-0.0387,0.6897,100255.8496,-6368150.4480,
51.3000,43008.1870,1073.9555,1475.6481,3.3282,-0.0387,0.6785,100241.5883,-6368151.1490,
51.5500,43269.8571,1071.4661,1415.8558,3.3159,-0.0387,0.6673,100227.9217,-6368151.8239,
51.8000,43530.8921,1068.9821,1358.7544,3.3035,-0.0387,0.6563,100214.8223,-6368152.4738,
52.0500,43791.2932,1066.5033,1304.2105,3.2913,-0.0387,0.6454,100202.2641,-6368153.0997,
52.3000,44051.0616,1064.0294,1252.0984,3.2791,-0.0387,0.6346,100190.2222,-6368153.7027,
52.5500,44310.1984,1061.5602,1202.2988,3.2669,-0.0387,0.6238,100178.6732,-6368154.2837,
52.8000,44568.7047,1059.0956,1154.6989,3.2549,-0.0387,0.6132,100167.5947,-6368154.8436,
53.0500,44826.5816,1056.6355,1109.1920,3.2429,-0.0387,0.6026,100156.9654,-6368155.3834,
53.3000,45083.8299,1054.1795,1065.6769,3.2309,-0.0387,0.5922,100146.7653,-6368155.9038,
53.5500,45340.4508,1051.7277,1024.0579,3.2191,-0.0387,0.5818,100136.9750,-6368156.4057,
53.8000,45596.4450,1049.2797,984.2440,3.2073,-0.0387,0.5715,100127.5765,-6368156.8897,
54.0500,45851.8135,1046.8355,946.1495,3.1955,-0.0387,0.5614,100118.5522,-6368157.3567,
54.3000,46106.5571,1044.3950,909.6926,3.1838,-0.0387,0.5513,100109.8858,-6368157.8073,
54.5500,46360.6766,1041.9580,874.7960,3.1722,-0.0387,0.5412,100101.5615,-6368158.2422,
54.8000,46614.1728,1039.5243,841.3864,3.1606,-0.0387,0.5313,100093.5643,-6368158.6620,
55.0500,46867.0464,1037.0939,809.3942,3.1491,-0.0387,0.5215,100085.8800,-6368159.0673,
55.3000,47119.2982,1034.6675,758.3066,3.1387,-0.0387,0.5117,100078.5403,-6368159.4562,
55.5500,47370.9292,1032.2450,731.4641,3.1314,-0.0387,0.5020,100071.6228,-6368159.8246,
55.8000,47621.9401,1029.8252,705.6257,3.1240,-0.0387,0.4925,100064.9607,-6368160.1810,
56.0500,47872.3314,1027.4082,680.7520,3.1167,-0.0387,0.4830,100058.5439,-6368160.5260,
56.3000,48122.1039,1024.9937,656.8050,3.1094,-0.0387,0.4735,100052.3630,-6368160.8600,
56.5500,48371.2579,1022.5818,633.7483,3.1021,-0.0387,0.4642,100046.4088,-6368161.1832,
56.8000,48619.7942,1020.1723,611.5471,3.0948,-0.0387,0.4549,100040.6726,-6368161.4961,
57.0500,48867.7130,1017.7652,590.1681,3.0875,-0.0387,0.4458,100035.1459,-6368161.7991,
57.3000,49115.0151,1015.3604,569.5790,3.0802,-0.0387,0.4367,100029.8208,-6368162.0924,
57.5500,49361.7008,1012.9579,549.7494,3.0729,-0.0387,0.4276,100024.6894,-6368162.3765,
57.8000,49607.7707,1010.5575,530.6495,3.0656,-0.0387,0.4187,100019.7444,-6368162.6516,
58.0500,49853.2252,1008.1593,512.2513,3.0583,-0.0387,0.4098,100014.9787,-6368162.9180,
58.3000,50098.0646,1005.7632,494.5275,3.0511,-0.0387,0.4010,100010.3853,-6368163.1760,
58.5500,50342.2896,1003.3690,477.4521,3.0438,-0.0387,0.3923,100005.9578,-6368163.4260,
58.8000,50585.9004,1000.9768,461.0003,3.0365,-0.0387,0.3837,100001.6898,-6368163.6681,
59.0500,50829.1957,1002.4969,448.6288,3.0411,-0.0474,0.3710,100244.2998,-6367998.9013,
59.3000,51072.1760,1000.1117,430.1486,3.0343,-0.0474,0.3543,100240.2969,-6367999.1428,
59.5500,51314.5432,997.7284,416.4081,3.0309,-0.0474,0.3378,100236.4607,-6367999.3754,
59.8000,51556.2979,995.3469,403.1053,3.0274,-0.0474,0.3214,100232.7550,-6367999.6012,
60.0500,51797.4402,992.9670,390.2264,3.0240,-0.0474,0.3051,100229.1756,-6367999.8204,
60.3000,52037.9707,990.5889,377.7579,3.0205,-0.0474,0.2890,100225.7180,-6368000.0332,
60.5500,52277.8895,988.2123,365.6867,3.0171,-0.0474,0.2730,100222.3782,-6368000.2398,
60.8000,52517.1970,985.8373,354.0002,3.0136,-0.0474,0.2572,100219.1522,-6368000.4403,
61.0500,52755.8935,983.4639,342.6863,3.0101,-0.0474,0.2415,100216.0361,-6368000.6350,
61.3000,52993.9793,981.0920,331.7331,3.0067,-0.0474,0.2259,100213.0262,-6368000.8241,
61.5500,53231.4546,978.7215,321.1291,3.0032,-0.0474,0.2105,100210.1189,-6368001.0076,
61.8000,53468.3198,976.3526,310.8632,2.9997,-0.0474,0.1952,100207.3107,-6368001.1857,
62.0500,53704.5751,973.9851,300.9248,2.9962,-0.0474,0.1800,100204.5983,-6368001.3587,
62.3000,53940.2208,971.6189,291.3033,2.9926,-0.0474,0.1650,100201.9783,-6368001.5266,
62.5500,54175.2570,969.2542,281.9888,2.9891,-0.0474,0.1501,100199.4478,-6368001.6896,
62.8000,54409.6842,966.8909,272.9714,2.9856,-0.0474,0.1353,100197.0035,-6368001.8479,
63.0500,54643.5025,964.5288,264.2417,2.9820,-0.0474,0.1207,100194.6427,-6368002.0015,
63.3000,54876.7121,962.1681,255.7906,2.9785,-0.0474,0.1062,100192.3624,-6368002.1507,
63.5500,55109.3133,959.8087,247.6093,2.9749,-0.0474,0.0918,100190.1600,-6368002.2956,
63.8000,55341.3063,957.4505,239.6891,2.9713,-0.0474,0.0775,100188.0327,-6368002.4362,
64.0500,55572.6913,955.0936,232.0217,2.9677,-0.0474,0.0634,100185.9781,-6368002.5727,
64.3000,55803.4685,952.7380,224.5992,2.9641,-0.0474,0.0494,100183.9936,-6368002.7053,
64.5500,56033.6382,950.3835,217.4137,2.9605,-0.0474,0.0355,100182.0770,-6368002.8340,
64.8000,56263.2005,948.0302,210.4576,2.9569,-0.0474,0.0217,100180.2258,-6368002.9589,
65.0500,56492.1557,945.6781,203.7237,2.9532,-0.0474,0.0080,100178.4378,-6368003.0802,
65.3000,56720.5039,943.3272,197.2050,2.9496,-0.0474,-0.0055,100176.7110,-6368003.1980,
65.5500,56948.2453,940.9774,190.8945,2.9460,-0.0474,-0.0189,100175.0432,-6368003.3124,
65.8000,57175.3800,938.6287,184.7857,2.9423,-0.0474,-0.0322,100173.4324,-6368003.4234,
66.0500,57401.9084,936.2811,178.8721,2.9386,-0.0474,-0.0454,100171.8766,-6368003.5313,
66.3000,57627.8305,933.9347,173.1475,2.9349,-0.0474,-0.0585,100170.3741,-6368003.6359,
66.5500,57853.1464,931.5893,167.6059,2.9312,-0.0474,-0.0715,100168.9229,-6368003.7376,
66.8000,58077.8565,929.2449,162.2414,2.9275,-0.0474,-0.0843,100167.5214,-6368003.8363,
67.0500,58301.9608,926.9017,157.0485,2.9238,-0.0474,-0.0971,100166.1678,-6368003.9321,
67.3000,58525.4595,924.5594,152.0216,2.9201,-0.0474,-0.1097,100164.8606,-6368004.0252,
67.5500,58748.3527,922.2182,147.1555,2.9163,-0.0474,-0.1222,100163.5981,-6368004.1155,
67.8000,58970.6406,919.8780,142.4451,2.9126,-0.0474,-0.1346,100162.3788,-6368004.2033,
68.0500,59192.3234,917.5389,137.8853,2.9088,-0.0474,-0.1469,100161.2012,-6368004.2885,
68.3000,59413.4011,915.2007,133.4715,2.9050,-0.0474,-0.1591,100160.0639,-6368004.3712,
68.5500,59633.8740,912.8635,129.1988,2.9012,-0.0474,-0.1712,100158.9656,-6368004.4515,
68.8000,59853.7421,910.5273,125.0629,2.8974,-0.0474,-0.1832,100157.9049,-6368004.5295,
69.0500,60073.0055,908.1920,121.0594,2.8936,-0.0474,-0.1951,100156.8806,-6368004.6053,
69.3000,60291.6645,905.8577,117.1840,2.8898,-0.0474,-0.2068,100155.8913,-6368004.6788,
69.5500,60509.7192,903.5244,113.4326,2.8860,-0.0474,-0.2185,100154.9359,-6368004.7503,
69.8000,60727.1696,901.1920,109.8014,2.8821,-0.0474,-0.2301,100154.0132,-6368004.8196,
70.0500,60944.0159,898.8605,106.2865,2.8783,-0.0474,-0.2416,100153.1222,-6368004.8870,
70.3000,61160.2581,896.5299,102.8841,2.8744,-0.0474,-0.2529,100152.2617,-6368004.9524,
70.5500,61375.8965,894.2003,99.5906,2.8705,-0.0474,-0.2642,100151.4307,-6368005.0159,
70.8000,61590.9312,891.8716,96.4027,2.8666,-0.0474,-0.2754,100150.6281,-6368005.0776,
71.0500,61805.3622,889.5438,93.3169,2.8627,-0.0474,-0.2865,100149.8531,-6368005.1375,
71.3000,62019.1896,887.2169,90.3299,2.8588,-0.0474,-0.2975,100149.1047,-6368005.1957,
71.5500,62232.4136,884.8909,87.4386,2.8548,-0.0474,-0.3084,100148.3819,-6368005.2522,
71.8000,62445.0343,882.5658,84.6400,2.8509,-0.0474,-0.3192,100147.6839,-6368005.3071,
72.0500,62657.0517,880.2415,81.9311,2.8469,-0.0474,-0.3299,100147.0099,-6368005.3604,
72.3000,62868.4660,877.9182,79.3089,2.8430,-0.0474,-0.3405,100146.3589,-6368005.4121,
72.5500,63079.2772,875.5957,76.7708,2.8390,-0.0474,-0.3510,100145.7303,-6368005.4624,
72.8000,63289.4855,873.2741,74.3141,2.8350,-0.0474,-0.3614,100145.1233,-6368005.5112,
73.0500,63499.0909,870.9534,71.9361,2.8310,-0.0474,-0.3717,100144.5371,-6368005.5586,
73.3000,63708.0936,868.6335,69.6344,2.8269,-0.0474,-0.3820,100143.9710,-6368005.6047,
73.5500,63916.4937,866.3145,67.4065,2.8229,-0.0474,-0.3921,100143.4244,-6368005.6494,
73.8000,64124.2911,863.9963,65.2500,2.8188,-0.0474,-0.4022,100142.8964,-6368005.6929,
74.0500,64331.4860,861.6791,63.1626,2.8148,-0.0474,-0.4122,100142.3867,-6368005.7351,
74.3000,64538.0786,859.3626,61.1422,2.8107,-0.0474,-0.4221,100141.8944,-6368005.7760,
74.5500,64744.0688,857.0470,59.1866,2.8066,-0.0474,-0.4319,100141.4190,-6368005.8158,
74.8000,64949.4568,854.7323,57.2936,2.8025,-0.0474,-0.4416,100140.9599,-6368005.8545,
75.0500,65154.2426,852.4184,55.4615,2.7984,-0.0474,-0.4513,100140.5166,-6368005.8921,
75.3000,65358.4263,850.1053,53.6880,2.7943,-0.0474,-0.4608,100140.0885,-6368005.9286,
75.5500,65562.0081,847.7931,51.9715,2.7901,-0.0474,-0.4703,100139.6751,-6368005.9640,
75.8000,65764.9879,845.4817,50.3100,2.7860,-0.0474,-0.4797,100139.2759,-6368005.9984,
76.0500,65967.3658,843.1712,48.7018,2.7818,-0.0474,-0.4890,100138.8905,-6368006.0319,
76.3000,66169.1420,840.8615,47.1453,2.7776,-0.0474,-0.4982,100138.5182,-6368006.0644,
76.5500,66370.3165,838.5527,45.6386,2.7734,-0.0474,-0.5074,100138.1587,-6368006.0959,
76.8000,66570.8893,836.2447,44.1803,2.7692,-0.0474,-0.5164,100137.8116,-6368006.1266,
77.0500,66770.8605,833.9375,42.7688,2.7650,-0.0474,-0.5254,100137.4764,-6368006.1563,
77.3000,66970.2303,831.6312,41.4026,2.7607,-0.0474,-0.5343,100137.1527,-6368006.1853,
77.5500,67168.9986,829.3257,40.0802,2.7565,-0.0474,-0.5432,100136.8401,-6368006.2134,
77.8000,67367.1656,827.0210,38.8002,2.7522,-0.0474,-0.5519,100136.5383,-6368006.2407,
78.0500,67564.7313,824.7172,37.5613,2.7479,-0.0474,-0.5606,100136.2468,-6368006.2672,
78.3000,67761.6957,822.4142,36.3622,2.7436,-0.0474,-0.5692,100135.9654,-6368006.2930,
78.5500,67958.0590,820.1121,35.2016,2.7393,-0.0474,-0.5778,100135.6936,-6368006.3180,
78.8000,68153.8212,817.8108,34.0781,2.7350,-0.0474,-0.5862,100135.4311,-6368006.3424,
79.0500,68348.9823,815.5104,32.9908,2.7307,-0.0474,-0.5946,100135.1777,-6368006.3660,
79.3000,68543.5424,813.2108,31.9383,2.7263,-0.0474,-0.6029,100134.9330,-6368006.3890,
79.5500,68737.5017,810.9120,30.9196,2.7220,-0.0474,-0.6112,100134.6966,-6368006.4113,
79.8000,68930.8600,808.6141,29.9336,2.7176,-0.0474,-0.6193,100134.4684,-6368006.4330,
80.0500,69123.6175,806.3171,28.9792,2.7132,-0.0474,-0.6274,100134.2480,-6368006.4540,
80.3000,69315.7743,804.0209,28.0554,2.7088,-0.0474,-0.6355,100134.0352,-6368006.4745,
80.5500,69507.3304,801.7255,27.1613,2.7044,-0.0474,-0.6434,100133.8297,-6368006.4944,
80.8000,69698.2859,799.4310,26.2959,2.6999,-0.0474,-0.6513,100133.6313,-6368006.5137,
81.0500,69888.6408,797.1374,25.4582,2.6955,-0.0474,-0.6591,100133.4397,-6368006.5325,
81.3000,70078.3951,794.8446,24.6474,2.6910,-0.0474,-0.6669,100133.2546,-6368006.5508,
81.5500,70267.5490,792.5527,23.8627,2.6865,-0.0474,-0.6746,100133.0759,-6368006.5685,
81.8000,70456.1025,790.2616,23.1030,2.6821,-0.0474,-0.6822,100132.9034,-6368006.5858,
82.0500,70644.0556,787.9715,22.3678,2.6775,-0.0474,-0.6897,100132.7368,-6368006.6025,
82.3000,70831.4083,785.6822,21.6561,2.6730,-0.0474,-0.6972,100132.5758,-6368006.6188,
82.5500,71018.1608,783.3937,20.9673,2.6685,-0.0474,-0.7047,100132.4205,-6368006.6346,
82.8000,71204.3132,781.1063,19.1535,2.6631,-0.0474,-0.7120,100132.2774,-6368006.6493,
83.0500,71389.8653,778.8197,18.5293,2.6576,-0.0474,-0.7193,100132.1407,-6368006.6634,
83.3000,71574.8174,776.5340,17.9259,2.6521,-0.0474,-0.7265,100132.0088,-6368006.6771,
83.5500,71759.1694,774.2492,17.3427,2.6466,-0.0474,-0.7337,100131.8815,-6368006.6904,
83.8000,71942.9215,771.9653,16.7790,2.6411,-0.0474,-0.7408,100131.7586,-6368006.7033,
84.0500,72126.0735,769.6823,16.2341,2.6355,-0.0474,-0.7479,100131.6400,-6368006.7159,
84.3000,72308.6257,767.4002,15.7073,2.6300,-0.0474,-0.7549,100131.5256,-6368006.7281,
84.5500,72490.5780,765.1190,15.1981,2.6244,-0.0474,-0.7618,100131.4151,-6368006.7399,
84.8000,72671.9306,762.8387,14.7059,2.6189,-0.0474,-0.7686,100131.3085,-6368006.7514,
85.0500,72852.6833,760.5594,14.2300,2.6133,-0.0474,-0.7754,100131.2056,-6368006.7626,
85.3000,73032.8363,758.2809,13.7700,2.6077,-0.0474,-0.7822,100131.1062,-6368006.7735,
85.5500,73212.3897,756.0033,13.3252,2.6021,-0.0474,-0.7889,100131.0103,-6368006.7841,
85.8000,73391.3434,753.7267,12.8953,2.5965,-0.0474,-0.7955,100130.9178,-6368006.7943,
86.0500,73569.6975,751.4510,12.4796,2.5908,-0.0474,-0.8021,100130.8284,-6368006.8043,
86.3000,73747.4521,749.1763,12.0776,2.5852,-0.0474,-0.8086,100130.7422,-6368006.8140,
86.5500,73924.6071,746.9025,11.6890,2.5795,-0.0474,-0.8150,100130.6589,-6368006.8234,
86.8000,74101.1627,744.6296,11.3133,2.5739,-0.0474,-0.8214,100130.5785,-6368006.8326,
87.0500,74277.1189,742.3577,10.9500,2.5682,-0.0474,-0.8278,100130.5009,-6368006.8415,
87.3000,74452.4757,740.0867,10.5987,2.5625,-0.0474,-0.8341,100130.4260,-6368006.8501,
87.5500,74627.2332,737.8167,10.2590,2.5568,-0.0474,-0.8403,100130.3536,-6368006.8585,
87.8000,74801.3913,735.5477,9.9305,2.5511,-0.0474,-0.8465,100130.2838,-6368006.8667,
88.0500,74974.9502,733.2797,9.6129,2.5453,-0.0474,-0.8526,100130.2164,-6368006.8747,
88.3000,75147.9098,731.0126,9.3057,2.5396,-0.0474,-0.8587,100130.1512,-6368006.8824,
88.5500,75320.2703,728.7465,9.0087,2.5339,-0.0474,-0.8647,100130.0884,-6368006.8899,
88.8000,75492.0317,726.4815,8.7214,2.5281,-0.0474,-0.8707,100130.0277,-6368006.8972,
89.0500,75663.1939,724.2174,8.4435,2.5223,-0.0474,-0.8766,100129.9690,-6368006.9043,
89.3000,75833.7570,721.9543,8.1748,2.5165,-0.0474,-0.8825,100129.9124,-6368006.9112,
89.5500,76003.7212,719.6922,7.9150,2.5107,-0.0474,-0.8883,100129.8578,-6368006.9180,
89.8000,76173.0863,717.4312,7.6636,2.5049,-0.0474,-0.8941,100129.8050,-6368006.9245,
90.0500,76341.8525,715.1712,7.4205,2.4991,-0.0474,-0.8998,100129.7540,-6368006.9309,
90.3000,76510.0197,712.9122,7.1854,2.4933,-0.0474,-0.9055,100129.7048,-6368006.9370,
90.5500,76677.5881,710.6543,6.9579,2.4874,-0.0474,-0.9111,100129.6572,-6368006.9430,
90.8000,76844.5576,708.3974,6.7379,2.4816,-0.0474,-0.9166,100129.6113,-6368006.9489,
91.0500,77010.9283,706.1416,6.5251,2.4757,-0.0474,-0.9222,100129.5669,-6368006.9546,
91.3000,77176.7003,703.8868,6.3192,2.4698,-0.0474,-0.9276,100129.5241,-6368006.9601,
91.5500,77341.8735,701.6331,6.1200,2.4639,-0.0474,-0.9331,100129.4827,-6368006.9655,
91.8000,77506.4480,699.3805,5.9274,2.4580,-0.0474,-0.9384,100129.4427,-6368006.9707,
92.0500,77670.4238,697.1290,5.7410,2.4521,-0.0474,-0.9438,100129.4041,-6368006.9758,
92.3000,77833.8010,694.8786,5.5607,2.4462,-0.0474,-0.9491,100129.3668,-6368006.9808,
92.5500,77996.5796,692.6292,5.3862,2.4403,-0.0474,-0.9543,100129.3308,-6368006.9856,
92.8000,78158.7597,690.3810,5.2174,2.4343,-0.0474,-0.9595,100129.2960,-6368006.9903,
93.0500,78320.3412,688.1339,5.0541,2.4284,-0.0474,-0.9646,100129.2624,-6368006.9949,
93.3000,78481.3242,685.8880,4.8961,2.4224,-0.0474,-0.9697,100129.2299,-6368006.9994,
93.5500,78641.7087,683.6432,4.7432,2.4164,-0.0474,-0.9748,100129.1985,-6368007.0037,
93.8000,78801.4948,681.3995,4.5952,2.4104,-0.0474,-0.9798,100129.1682,-6368007.0079,
94.0500,78960.6826,679.1570,4.4520,2.4044,-0.0474,-0.9848,100129.1389,-6368007.0120,
94.3000,79119.2719,676.9156,4.3135,2.3984,-0.0474,-0.9897,100129.1106,-6368007.0160,
94.5500,79277.2629,674.6755,4.1794,2.3924,-0.0474,-0.9946,100129.0833,-6368007.0199,
94.8000,79434.6556,672.4365,4.0497,2.3863,-0.0474,-0.9995,100129.0568,-6368007.0237,
95.0500,79591.4501,670.1987,3.9241,2.3803,-0.0474,-1.0043,100129.0313,-6368007.0274,
95.3000,79747.6463,667.9621,3.8026,2.3742,-0.0474,-1.0090,100129.0066,-6368007.0310,
95.5500,79903.2443,665.7267,3.6850,2.3682,-0.0474,-1.0137,100128.9828,-6368007.0345,
95.8000,80058.2442,663.4926,3.5711,2.3621,-0.0474,-1.0184,100128.9598,-6368007.0379,
96.0500,80212.6459,661.2597,3.4610,2.3560,-0.0474,-1.0231,100128.9375,-6368007.0412,
96.3000,80366.4494,659.0280,3.3543,2.3499,-0.0474,-1.0277,100128.9160,-6368007.0444,
96.5500,80519.6550,656.7976,3.2511,2.3438,-0.0474,-1.0322,100128.8952,-6368007.0476,
96.8000,80672.2624,654.5685,3.1512,2.3376,-0.0474,-1.0367,100128.8751,-6368007.0506,
97.0500,80824.2719,652.3406,3.0544,2.3315,-0.0474,-1.0412,100128.8557,-6368007.0536,
97.3000,80975.6833,650.1140,2.9608,2.3254,-0.0474,-1.0456,100128.8369,-6368007.0565,
97.5500,81126.4968,647.8887,2.8701,2.3192,-0.0474,-1.0501,100128.8188,-6368007.0593,
97.8000,81276.7124,645.6648,2.7824,2.3130,-0.0474,-1.0544,100128.8012,-6368007.0621,
98.0500,81426.3301,643.4421,2.6974,2.3069,-0.0474,-1.0587,100128.7843,-6368007.0648,
98.3000,81575.3499,641.2208,2.6151,2.3007,-0.0474,-1.0630,100128.7679,-6368007.0674,
98.5500,81723.7719,639.0009,2.5355,2.2945,-0.0474,-1.0673,100128.7520,-6368007.0700,
98.8000,81871.5961,636.7822,2.4584,2.2883,-0.0474,-1.0715,100128.7367,-6368007.0724,
99.0500,82018.8224,634.5650,2.3837,2.2820,-0.0474,-1.0757,100128.7219,-6368007.0749,
99.3000,82165.4511,632.3492,2.3114,2.2758,-0.0474,-1.0798,100128.7076,-6368007.0772,
99.5500,82311.4820,630.1347,2.2414,2.2696,-0.0474,-1.0839,100128.6938,-6368007.0795,
99.8000,82456.9152,627.9217,2.1736,2.2633,-0.0474,-1.0880,100128.6804,-6368007.0818,
100.0500,82601.7508,625.7100,2.1079,2.2571,-0.0474,-1.0920,100128.6674,-6368007.0840,
100.3000,82745.9887,623.4999,2.0444,2.2508,-0.0474,-1.0960,100128.6549,-6368007.0861,
100.5500,82889.6291,621.2911,1.9828,2.2445,-0.0474,-1.1000,100128.6428,-6368007.0882,
100.8000,83032.6718,619.0838,1.9231,2.2382,-0.0474,-1.1039,100128.6311,-6368007.0902,
101.0500,83175.1170,616.8780,1.8654,2.2319,-0.0474,-1.1078,100128.6198,-6368007.0922,
101.3000,83316.9647,614.6737,1.8094,2.2256,-0.0474,-1.1117,100128.6089,-6368007.0941,
101.5500,83458.2148,612.4709,1.7552,2.2193,-0.0474,-1.1155,100128.5983,-6368007.0960,
101.8000,83598.8675,610.2696,1.7027,2.2130,-0.0474,-1.1193,100128.5881,-6368007.0978,
102.0500,83738.9228,608.0699,1.6519,2.2066,-0.0474,-1.1231,100128.5782,-6368007.0996,
102.3000,83878.3807,605.8717,1.6026,2.2003,-0.0474,-1.1268,100128.5687,-6368007.1014,
102.5500,84017.2411,603.6750,1.5549,2.1939,-0.0474,-1.1305,100128.5594,-6368007.1031,
102.8000,84155.5042,601.4800,1.5087,2.1875,-0.0474,-1.1342,100128.5505,-6368007.1047,
103.0500,84293.1700,599.2865,1.4639,2.1812,-0.0474,-1.1378,100128.5418,-6368007.1064,
103.3000,84430.2385,597.0946,1.4205,2.1748,-0.0474,-1.1414,100128.5334,-6368007.1079,
103.5500,84566.7096,594.9044,1.3785,2.1684,-0.0474,-1.1450,100128.5253,-6368007.1095,
103.8000,84702.5836,592.7158,1.3378,2.1620,-0.0474,-1.1485,100128.5175,-6368007.1110,
104.0500,84837.8603,590.5289,1.2983,2.1556,-0.0474,-1.1520,100128.5099,-6368007.1125,
104.3000,84972.5398,588.3436,1.1861,2.1480,-0.0474,-1.1555,100128.5029,-6368007.1138,
104.5500,85106.6221,586.1600,1.1495,2.1401,-0.0474,-1.1590,100128.4962,-6368007.1152,
104.8000,85240.1073,583.9782,1.1141,2.1321,-0.0474,-1.1624,100128.4898,-6368007.1164,
105.0500,85372.9953,581.7980,1.0799,2.1242,-0.0474,-1.1658,100128.4835,-6368007.1177,
105.3000,85505.2863,579.6197,1.0468,2.1162,-0.0474,-1.1691,100128.4775,-6368007.1189,
105.5500,85636.9802,577.4430,1.0149,2.1083,-0.0474,-1.1725,100128.4717,-6368007.1201,
105.8000,85768.0770,575.2682,0.9840,2.1003,-0.0474,-1.1758,100128.4660,-6368007.1213,
106.0500,85898.5768,573.0952,0.9541,2.0924,-0.0474,-1.1790,100128.4606,-6368007.1224,
106.3000,86028.4796,570.9239,0.9252,2.0845,-0.0474,-1.1823,100128.4553,-6368007.1235,
106.5500,86157.7855,568.7545,0.8973,2.0766,-0.0474,-1.1855,100128.4503,-6368007.1246,
106.8000,86286.4944,566.5870,0.8703,2.0687,-0.0474,-1.1887,100128.4453,-6368007.1256,
107.0500,86414.6063,564.4213,0.8442,2.0607,-0.0474,-1.1918,100128.4406,-6368007.1267,
107.3000,86542.1214,562.2576,0.8189,2.0529,-0.0474,-1.1950,100128.4360,-6368007.1277,
107.5500,86669.0396,560.0957,0.7944,2.0450,-0.0474,-1.1981,100128.4315,-6368007.1287,
107.8000,86795.3609,557.9358,0.7708,2.0371,-0.0474,-1.2012,100128.4272,-6368007.1296,
108.0500,86921.0855,555.7779,0.7479,2.0292,-0.0474,-1.2042,100128.4231,-6368007.1306,
108.3000,87046.2132,553.6219,0.7257,2.0213,-0.0474,-1.2072,100128.4190,-6368007.1315,
108.5500,87170.7441,551.4679,0.7043,2.0135,-0.0474,-1.2102,100128.4152,-6368007.1324,
108.8000,87294.6783,549.3160,0.6836,2.0056,-0.0474,-1.2132,100128.4114,-6368007.1332,
109.0500,87418.0157,547.1660,0.6635,1.9978,-0.0474,-1.2162,100128.4077,-6368007.1341,
109.3000,87540.7565,545.0182,0.6441,1.9899,-0.0474,-1.2191,100128.4042,-6368007.1349,
109.5500,87662.9005,542.8724,0.6253,1.9821,-0.0474,-1.2220,100128.4008,-6368007.1357,
109.8000,87784.4479,540.7288,0.6070,1.9743,-0.0474,-1.2249,100128.3975,-6368007.1365,
110.0500,87905.3986,538.5873,0.5894,1.9665,-0.0474,-1.2277,100128.3943,-6368007.1373,
110.3000,88025.7527,536.4479,0.5724,1.9587,-0.0474,-1.2305,100128.3912,-6368007.1380,
110.5500,88145.5103,534.3108,0.5558,1.9509,-0.0474,-1.2333,100128.3882,-6368007.1388,
110.8000,88264.6712,532.1758,0.5398,1.9431,-0.0474,-1.2361,100128.3853,-6368007.1395,
111.0500,88383.2356,530.0431,0.5243,1.9353,-0.0474,-1.2389,100128.3825,-6368007.1402,
111.3000,88501.2035,527.9126,0.5093,1.9275,-0.0474,-1.2416,100128.3798,-6368007.1409,
111.5500,88618.5749,525.7845,0.4948,1.9198,-0.0474,-1.2443,100128.3772,-6368007.1416,
111.8000,88735.3498,523.6586,0.4807,1.9120,-0.0474,-1.2470,100128.3746,-6368007.1423,
112.0500,88851.5282,521.5351,0.4670,1.9043,-0.0474,-1.2496,100128.3722,-6368007.1429,
112.3000,88967.1102,519.4139,0.4538,1.8965,-0.0474,-1.2523,100128.3698,-6368007.1435,
112.5500,89082.0957,517.2951,0.4410,1.8888,-0.0474,-1.2549,100128.3675,-6368007.1442,
112.8000,89196.4849,515.1788,0.4286,1.8811,-0.0474,-1.2575,100128.3652,-6368007.1448,
113.0500,89310.2777,513.0649,0.4166,1.8733,-0.0474,-1.2600,100128.3631,-6368007.1454,
113.3000,89423.4741,510.9534,0.4049,1.8656,-0.0474,-1.2626,100128.3610,-6368007.1459,
113.5500,89536.0742,508.8445,0.3936,1.8579,-0.0474,-1.2651,100128.3589,-6368007.1465,
113.8000,89648.0780,506.7381,0.3827,1.8503,-0.0474,-1.2676,100128.3570,-6368007.1471,
114.0500,89759.4855,504.6343,0.3721,1.8426,-0.0474,-1.2701,100128.3551,-6368007.1476,
114.3000,89870.2968,502.5331,0.3618,1.8349,-0.0474,-1.2725,100128.3532,-6368007.1481,
114.5500,89980.5117,500.4345,0.3518,1.8273,-0.0474,-1.2749,100128.3514,-6368007.1487,
114.8000,90090.1305,498.3385,0.3421,1.8196,-0.0474,-1.2774,100128.3497,-6368007.1492,
115.0500,90199.1530,496.2453,0.3327,1.8120,-0.0474,-1.2798,100128.3480,-6368007.1497,
115.3000,90307.5794,494.1548,0.3236,1.8043,-0.0474,-1.2821,100128.3464,-6368007.1502,
115.5500,90415.4096,492.0670,0.3148,1.7967,-0.0474,-1.2845,100128.3448,-6368007.1506,
115.8000,90522.6436,489.9820,0.3063,1.7891,-0.0474,-1.2868,100128.3433,-6368007.1511,
116.0500,90629.2815,487.8999,0.2980,1.7815,-0.0474,-1.2891,100128.3418,-6368007.1516,
116.3000,90735.3233,485.8206,0.2899,1.7739,-0.0474,-1.2914,100128.3404,-6368007.1520,
116.5500,90840.7690,483.7442,0.2821,1.7663,-0.0474,-1.2937,100128.3390,-6368007.1525,
116.8000,90945.6187,481.6707,0.2745,1.7588,-0.0474,-1.2959,100128.3376,-6368007.1529,
117.0500,91049.8723,479.6003,0.2672,1.7512,-0.0474,-1.2982,100128.3363,-6368007.1533,
117.3000,91153.5298,477.5328,0.2600,1.7437,-0.0474,-1.3004,100128.3351,-6368007.1537,
117.5500,91256.5914,475.4683,0.2531,1.7361,-0.0474,-1.3026,100128.3339,-6368007.1542,
117.8000,91359.0570,473.4069,0.2464,1.7286,-0.0474,-1.3047,100128.3327,-6368007.1546,
118.0500,91460.9265,471.3487,0.2399,1.7211,-0.0474,-1.3069,100128.3315,-6368007.1550,
118.3000,91562.2002,469.2936,0.2336,1.7136,-0.0474,-1.3090,100128.3304,-6368007.1553,
118.5500,91662.8779,467.2417,0.2274,1.7061,-0.0474,-1.3112,100128.3293,-6368007.1557,
118.8000,91762.9597,465.1931,0.2215,1.6986,-0.0474,-1.3133,100128.3283,-6368007.1561,
119.0500,91862.4456,463.1477,0.2157,1.6912,-0.0474,-1.3153,100128.3273,-6368007.1565,
119.3000,91961.3356,461.1056,0.2101,1.6837,-0.0474,-1.3174,100128.3263,-6368007.1568,
119.5500,92059.6297,459.0669,0.2046,1.6763,-0.0474,-1.3194,100128.3253,-6368007.1572,
119.8000,92157.3280,457.0317,0.1993,1.6689,-0.0474,-1.3215,100128.3244,-6368007.1575,
120.0500,92254.4305,454.9999,0.1942,1.6614,-0.0474,-1.3235,100128.3235,-6368007.1578,
120.3000,92350.9372,452.9715,0.1892,1.6540,-0.0474,-1.3255,100128.3226,-6368007.1582,
120.5500,92446.8481,450.9468,0.1843,1.6467,-0.0474,-1.3274,100128.3218,-6368007.1585,
120.8000,92542.1632,448.9256,0.1796,1.6393,-0.0474,-1.3294,100128.3210,-6368007.1588,
121.0500,92636.8826,446.9080,0.1750,1.6319,-0.0474,-1.3313,100128.3202,-6368007.1591,
121.3000,92731.0062,444.8941,0.1706,1.6246,-0.0474,-1.3333,100128.3194,-6368007.1594,
121.5500,92824.5341,442.8840,0.1662,1.6172,-0.0474,-1.3352,100128.3187,-6368007.1597,
121.8000,92917.4664,440.8777,0.1620,1.6099,-0.0474,-1.3371,100128.3179,-6368007.1600,
122.0500,93009.8029,438.8752,0.1580,1.6026,-0.0474,-1.3389,100128.3172,-6368007.1603,
122.3000,93101.5438,436.8765,0.1540,1.5953,-0.0474,-1.3408,100128.3166,-6368007.1606,
122.5500,93192.6890,434.8818,0.1502,1.5880,-0.0474,-1.3426,100128.3159,-6368007.1609,
122.8000,93283.2386,432.8911,0.1464,1.5808,-0.0474,-1.3445,100128.3153,-6368007.1612,
123.0500,93373.1925,430.9045,0.1428,1.5735,-0.0474,-1.3463,100128.3146,-6368007.1614,
123.3000,93462.5509,428.9219,0.1392,1.5663,-0.0474,-1.3481,100128.3140,-6368007.1617,
123.5500,93551.3137,426.9435,0.1358,1.5591,-0.0474,-1.3499,100128.3134,-6368007.1620,
123.8000,93639.4809,424.9693,0.1325,1.5518,-0.0474,-1.3516,100128.3129,-6368007.1622,
124.0500,93727.0526,422.9994,0.1292,1.5447,-0.0474,-1.3534,100128.3123,-6368007.1625,
124.3000,93814.0288,421.0338,0.1260,1.5375,-0.0474,-1.3551,100128.3118,-6368007.1627,
124.5500,93900.4094,419.0726,0.1230,1.5303,-0.0474,-1.3568,100128.3113,-6368007.1630,
124.8000,93986.1945,417.1159,0.1200,1.5232,-0.0474,-1.3585,100128.3108,-6368007.1632,
125.0500,94071.3842,415.1636,0.1171,1.5161,-0.0474,-1.3602,100128.3103,-6368007.1635,
125.3000,94155.9783,413.2159,0.1143,1.5089,-0.0474,-1.3619,100128.3098,-6368007.1637,
125.5500,94239.9771,411.2729,0.1115,1.5019,-0.0474,-1.3636,100128.3094,-6368007.1639,
125.8000,94323.3803,409.3345,0.1088,1.4948,-0.0474,-1.3652,100128.3089,-6368007.1641,
126.0500,94406.1882,407.4009,0.1063,1.4877,-0.0474,-1.3668,100128.3085,-6368007.1644,
126.3000,94488.4006,405.4722,0.1037,1.4807,-0.0474,-1.3684,100128.3081,-6368007.1646,
126.5500,94570.0177,403.5483,0.1013,1.4737,-0.0474,-1.3700,100128.3077,-6368007.1648,
126.8000,94651.0394,401.6295,0.0989,1.4667,-0.0474,-1.3716,100128.3073,-6368007.1650,
127.0500,94731.4657,399.7156,0.0965,1.4597,-0.0474,-1.3732,100128.3069,-6368007.1652,
127.3000,94811.2967,397.8069,0.0943,1.4527,-0.0474,-1.3748,100128.3065,-6368007.1654,
127.5500,94890.5323,395.9033,0.0921,1.4458,-0.0474,-1.3763,100128.3062,-6368007.1656,
127.8000,94969.1727,394.0050,0.0899,1.4388,-0.0474,-1.3779,100128.3058,-6368007.1658,
128.0500,95047.2177,392.1120,0.0878,1.4319,-0.0474,-1.3794,100128.3055,-6368007.1660,
128.3000,95124.6674,390.2245,0.0858,1.4250,-0.0474,-1.3809,100128.3052,-6368007.1662,
128.5500,95201.5219,388.3424,0.0838,1.4182,-0.0474,-1.3824,100128.3049,-6368007.1664,
128.8000,95277.7811,386.4659,0.0819,1.4113,-0.0474,-1.3839,100128.3046,-6368007.1666,
129.0500,95353.4450,384.5950,0.0800,1.4045,-0.0474,-1.3853,100128.3043,-6368007.1668,
129.3000,95428.5137,382.7299,0.0782,1.3977,-0.0474,-1.3868,100128.3040,-6368007.1670,
129.5500,95502.9873,380.8705,0.0765,1.3909,-0.0474,-1.3882,100128.3037,-6368007.1671,
129.8000,95576.8656,379.0171,0.0747,1.3841,-0.0474,-1.3897,100128.3034,-6368007.1673,
130.0500,95650.1487,377.1696,0.0730,1.3774,-0.0474,-1.3911,100128.3032,-6368007.1675,
130.3000,95722.8366,375.3282,0.0714,1.3706,-0.0474,-1.3925,100128.3029,-6368007.1676,
130.5500,95794.9294,373.4929,0.0698,1.3639,-0.0474,-1.3939,100128.3027,-6368007.1678,
130.8000,95866.4270,371.6639,0.0683,1.3573,-0.0474,-1.3953,100128.3024,-6368007.1680,
131.0500,95937.3294,369.8412,0.0667,1.3506,-0.0474,-1.3966,100128.3022,-6368007.1681,
131.3000,96007.6368,368.0249,0.0653,1.3440,-0.0474,-1.3980,100128.3020,-6368007.1683,
131.5500,96077.3490,366.2152,0.0638,1.3374,-0.0474,-1.3993,100128.3018,-6368007.1685,
131.8000,96146.4662,364.4120,0.0624,1.3308,-0.0474,-1.4007,100128.3015,-6368007.1686,
132.0500,96214.9883,362.6156,0.0611,1.3242,-0.0474,-1.4020,100128.3013,-6368007.1688,
132.3000,96282.9152,360.8260,0.0598,1.3177,-0.0474,-1.4033,100128.3011,-6368007.1689,
132.5500,96350.2472,359.0433,0.0585,1.3112,-0.0474,-1.4046,100128.3009,-6368007.1691,
132.8000,96416.9840,357.2677,0.0572,1.3047,-0.0474,-1.4059,100128.3008,-6368007.1692,
133.0500,96483.1259,355.4991,0.0560,1.2982,-0.0474,-1.4072,100128.3006,-6368007.1694,
133.3000,96548.6727,353.7378,0.0548,1.2918,-0.0474,-1.4084,100128.3004,-6368007.1695,
133.5500,96613.6245,351.9837,0.0536,1.2854,-0.0474,-1.4097,100128.3002,-6368007.1697,
133.8000,96677.9813,350.2372,0.0525,1.2790,-0.0474,-1.4109,100128.3001,-6368007.1698,
134.0500,96741.7431,348.4982,0.0514,1.2727,-0.0474,-1.4122,100128.2999,-6368007.1699,
134.3000,96804.9100,346.7668,0.0503,1.2664,-0.0474,-1.4134,100128.2998,-6368007.1701,
134.5500,96867.4819,345.0432,0.0493,1.2601,-0.0474,-1.4146,100128.2996,-6368007.1702,
134.8000,96929.4588,343.3275,0.0482,1.2538,-0.0474,-1.4158,100128.2995,-6368007.1703,
135.0500,96990.8408,341.6198,0.0472,1.2476,-0.0474,-1.4170,100128.2993,-6368007.1705,
135.3000,97051.6278,339.9203,0.0463,1.2414,-0.0474,-1.4182,100128.2992,-6368007.1706,
135.5500,97111.8200,338.2290,0.0453,1.2352,-0.0474,-1.4194,100128.2991,-6368007.1707,
135.8000,97171.4172,336.5461,0.0444,1.2290,-0.0474,-1.4205,100128.2989,-6368007.1709,
136.0500,97230.4195,334.8716,0.0435,1.2229,-0.0474,-1.4217,100128.2988,-6368007.1710,
136.3000,97288.8270,333.2058,0.0426,1.2168,-0.0474,-1.4228,100128.2987,-6368007.1711,
136.5500,97346.6395,331.5488,0.0418,1.2108,-0.0474,-1.4239,100128.2986,-6368007.1712,
136.8000,97403.8572,329.9006,0.0410,1.2048,-0.0474,-1.4251,100128.2985,-6368007.1714,
137.0500,97460.4801,328.2615,0.0401,1.1988,-0.0474,-1.4262,100128.2984,-6368007.1715,
137.3000,97516.5081,326.6315,0.0394,1.1928,-0.0474,-1.4273,100128.2982,-6368007.1716,
137.5500,97571.9413,325.0108,0.0386,1.1869,-0.0474,-1.4284,100128.2981,-6368007.1717,
137.8000,97626.7796,323.3995,0.0378,1.1810,-0.0474,-1.4295,100128.2980,-6368007.1718,
138.0500,97681.0232,321.7978,0.0371,1.1752,-0.0474,-1.4305,100128.2980,-6368007.1719,
138.3000,97734.6719,320.2058,0.0364,1.1694,-0.0474,-1.4316,100128.2979,-6368007.1720,
138.5500,97787.7259,318.6236,0.0357,1.1636,-0.0474,-1.4326,100128.2978,-6368007.1722,
138.8000,97840.1850,317.0515,0.0350,1.1578,-0.0474,-1.4337,100128.2977,-6368007.1723,
139.0500,97892.0494,315.4895,0.0343,1.1521,-0.0474,-1.4347,100128.2976,-6368007.1724,
139.3000,97943.3190,313.9378,0.0337,1.1465,-0.0474,-1.4358,100128.2975,-6368007.1725,
139.5500,97993.9939,312.3965,0.0331,1.1408,-0.0474,-1.4368,100128.2974,-6368007.1726,
139.8000,98044.0740,310.8659,0.0325,1.1352,-0.0474,-1.4378,100128.2974,-6368007.1727,
140.0500,98093.5594,309.3460,0.0319,1.1297,-0.0474,-1.4388,100128.2973,-6368007.1728,
140.3000,98142.4501,307.8370,0.0313,1.1242,-0.0474,-1.4398,100128.2972,-6368007.1729,
140.5500,98190.7460,306.3391,0.0307,1.1187,-0.0474,-1.4408,100128.2972,-6368007.1730,
140.8000,98238.4473,304.8525,0.0302,1.1133,-0.0474,-1.4417,100128.2971,-6368007.1731,
141.0500,98285.5538,303.3773,0.0296,1.1079,-0.0474,-1.4427,100128.2970,-6368007.1732,
141.3000,98332.0657,301.9136,0.0291,1.1025,-0.0474,-1.4437,100128.2970,-6368007.1733,
141.5500,98377.9828,300.4617,0.0286,1.0972,-0.0474,-1.4446,100128.2969,-6368007.1734,
141.8000,98423.3053,299.0217,0.0281,1.0920,-0.0474,-1.4456,100128.2969,-6368007.1735,
142.0500,98468.0331,297.5937,0.0276,1.0867,-0.0474,-1.4465,100128.2968,-6368007.1736,
142.3000,98512.1663,296.1781,0.0271,1.0816,-0.0474,-1.4474,100128.2968,-6368007.1737,
142.5500,98555.7048,294.7748,0.0267,1.0764,-0.0474,-1.4483,100128.2967,-6368007.1738,
142.8000,98598.6487,293.3842,0.0262,1.0714,-0.0474,-1.4493,100128.2967,-6368007.1739,
143.0500,98640.9979,292.0064,0.0258,1.0663,-0.0474,-1.4502,100128.2966,-6368007.1740,
143.3000,98682.7525,290.6415,0.0253,1.0613,-0.0474,-1.4510,100128.2966,-6368007.1741,
143.5500,98723.9125,289.2898,0.0249,1.0564,-0.0474,-1.4519,100128.2965,-6368007.1742,
143.8000,98764.4779,287.9514,0.0245,1.0515,-0.0474,-1.4528,100128.2965,-6368007.1742,
144.0500,98804.4487,286.6265,0.0241,1.0467,-0.0474,-1.4537,100128.2964,-6368007.1743,
144.3000,98843.8249,285.3154,0.0237,1.0419,-0.0474,-1.4545,100128.2964,-6368007.1744,
144.5500,98882.6065,284.0181,0.0234,1.0371,-0.0474,-1.4554,100128.2964,-6368007.1745,
144.8000,98920.7935,282.7349,0.0230,1.0324,-0.0474,-1.4563,100128.2963,-6368007.1746,
145.0500,98958.3860,281.4661,0.0226,1.0278,-0.0474,-1.4571,100128.2963,-6368007.1747,
145.3000,98995.3838,280.2116,0.0223,1.0232,-0.0474,-1.4579,100128.2963,-6368007.1747,
145.5500,99031.7871,278.9719,0.0219,1.0187,-0.0474,-1.4588,100128.2962,-6368007.1748,
145.8000,99067.5959,277.7470,0.0216,1.0142,-0.0474,-1.4596,100128.2962,-6368007.1749,
146.0500,99102.8101,276.5372,0.0213,1.0098,-0.0474,-1.4604,100128.2962,-6368007.1750,
146.3000,99137.4298,275.3426,0.0210,1.0054,-0.0474,-1.4612,100128.2962,-6368007.1750,
146.5500,99171.4549,274.1635,0.0207,1.0011,-0.0474,-1.4620,100128.2961,-6368007.1751,
146.8000,99204.8855,273.0001,0.0204,0.9968,-0.0474,-1.4628,100128.2961,-6368007.1752,
147.0500,99237.7216,271.8524,0.0201,0.9926,-0.0474,-1.4636,100128.2961,-6368007.1752,
147.3000,99269.9632,270.7209,0.0198,0.9885,-0.0474,-1.4643,100128.2961,-6368007.1753,
147.5500,99301.6102,269.6056,0.0195,0.9844,-0.0474,-1.4651,100128.2961,-6368007.1754,
147.8000,99332.6628,268.5068,0.0193,0.9804,-0.0474,-1.4659,100128.2960,-6368007.1754,
148.0500,99363.1209,267.4246,0.0190,0.9764,-0.0474,-1.4666,100128.2960,-6368007.1755,
148.3000,99392.9844,266.3593,0.0188,0.9725,-0.0474,-1.4674,100128.2960,-6368007.1756,
148.5500,99422.2535,265.3111,0.0185,0.9687,-0.0474,-1.4681,100128.2960,-6368007.1756,
148.8000,99450.9281,264.2801,0.0183,0.9649,-0.0474,-1.4689,100128.2960,-6368007.1757,
149.0500,99479.0082,263.2666,0.0180,0.9612,-0.0474,-1.4696,100128.2960,-6368007.1757,
149.3000,99506.4939,262.2708,0.0178,0.9576,-0.0474,-1.4703,100128.2960,-6368007.1758,
149.5500,99533.3850,261.2928,0.0176,0.9540,-0.0474,-1.4710,100128.2960,-6368007.1758,
149.8000,99559.6818,260.3329,0.0174,0.9505,-0.0474,-1.4718,100128.2959,-6368007.1759,
150.0500,99585.3840,259.3913,0.0172,0.9470,-0.0474,-1.4725,100128.2959,-6368007.1759,
150.3000,99610.4918,258.4682,0.0170,0.9436,-0.0474,-1.4732,100128.2959,-6368007.1760,
150.5500,99635.0052,257.5637,0.0168,0.9403,-0.0474,-1.4739,100128.2959,-6368007.1760,
150.7500,99654.1879,256.8538,0.0167,0.9377,-0.0474,-1.4744,100128.2959,-6368007.1761,
151.0000,99677.6312,255.9834,0.0165,0.9345,-0.0474,-1.4751,100128.2959,-6368007.1761,
151.2500,99700.4802,255.1322,0.0163,0.9314,-0.0474,-1.4758,100128.2959,-6368007.1762,
151.5000,99722.7347,254.3005,0.0161,0.9284,-0.0474,-1.4764,100128.2959,-6368007.1762,
151.7500,99744.3948,253.4884,0.0160,0.9254,-0.0474,-1.4771,100128.2959,-6368007.1763,
152.0000,99765.4604,252.6960,0.0158,0.9225,-0.0474,-1.4778,100128.2959,-6368007.1763,
152.2500,99785.9316,251.9237,0.0156,0.9196,-0.0474,-1.4784,100128.2959,-6368007.1763,
152.5000,99805.8085,251.1715,0.0155,0.9169,-0.0474,-1.4791,100128.2959,-6368007.1764,
152.7500,99825.0909,250.4396,0.0154,0.9142,-0.0474,-1.4797,100128.2959,-6368007.1764,
153.0000,99843.7789,249.7283,0.0152,0.9116,-0.0474,-1.4804,100128.2959,-6368007.1765,
153.2500,99861.8725,249.0376,0.0151,0.9091,-0.0474,-1.4810,100128.2959,-6368007.1765,
153.5000,99879.3717,248.3678,0.0150,0.9066,-0.0474,-1.4816,100128.2958,-6368007.1765,
153.7500,99896.2765,247.7190,0.0148,0.9042,-0.0474,-1.4822,100128.2958,-6368007.1766,
154.0000,99912.5869,247.0915,0.0147,0.9019,-0.0474,-1.4829,100128.2958,-6368007.1766,
154.2500,99928.3029,246.4853,0.0146,0.8997,-0.0474,-1.4835,100128.2958,-6368007.1767,
154.5000,99943.4245,245.9006,0.0145,0.8975,-0.0474,-1.4841,100128.2958,-6368007.1767,
154.7500,99957.9517,245.3376,0.0144,0.8955,-0.0474,-1.4847,100128.2958,-6368007.1767,
155.0000,99971.8846,244.7964,0.0143,0.8935,-0.0474,-1.4853,100128.2958,-6368007.1768,
155.2500,99985.2230,244.2772,0.0142,0.8916,-0.0474,-1.4859,100128.2958,-6368007.1768,
155.5000,99997.9671,243.7801,0.0141,0.8897,-0.0474,-1.4864,100128.2958,-6368007.1768,
155.7500,100010.1168,243.3052,0.0140,0.8880,-0.0474,-1.4870,100128.2958,-6368007.1769,
156.0000,100021.6722,242.8527,0.0139,0.8863,-0.0474,-1.4876,100128.2958,-6368007.1769,
156.2500,100032.6332,242.4227,0.0139,0.8847,-0.0474,-1.4882,100128.2958,-6368007.1769,
156.5000,100042.9998,242.0154,0.0138,0.8832,-0.0474,-1.4887,100128.2958,-6368007.1770,
156.7500,100052.7720,241.6307,0.0137,0.8818,-0.0474,-1.4893,100128.2958,-6368007.1770,
157.0000,100061.9499,241.2689,0.0137,0.8805,-0.0474,-1.4898,100128.2958,-6368007.1770,
157.2500,100070.5334,240.9300,0.0136,0.8792,-0.0474,-1.4904,100128.2958,-6368007.1771,
157.5000,100078.5225,240.6142,0.0135,0.8781,-0.0474,-1.4909,100128.2958,-6368007.1771,
157.7500,100085.9173,240.3214,0.0135,0.8770,-0.0474,-1.4915,100128.2958,-6368007.1771,
158.0000,100092.7177,240.0519,0.0134,0.8760,-0.0474,-1.4920,100128.2958,-6368007.1772,
158.2500,100098.9238,239.8057,0.0134,0.8751,-0.0474,-1.4925,100128.2958,-6368007.1772,
158.5000,100104.5355,239.5829,0.0134,0.8742,-0.0474,-1.4931,100128.2958,-6368007.1772,
158.7500,100109.5528,239.3835,0.0133,0.8735,-0.0474,-1.4936,100128.2958,-6368007.1773,
159.0000,100113.9758,239.2075,0.0133,0.8728,-0.0474,-1.4941,100128.2958,-6368007.1773,
159.2500,100117.8044,239.0551,0.0133,0.8722,-0.0474,-1.4946,100128.2958,-6368007.1773,
159.5000,100121.0387,238.9263,0.0132,0.8718,-0.0474,-1.4951,100128.2958,-6368007.1774,
159.7500,100123.6786,238.8211,0.0132,0.8714,-0.0474,-1.4956,100128.2958,-6368007.1774,
160.0000,100125.7242,238.7396,0.0132,0.8710,-0.0474,-1.4961,100128.2958,-6368007.1774,
160.2500,100127.1754,238.6817,0.0132,0.8708,-0.0474,-1.4966,100128.2958,-6368007.1774,
160.5000,100128.0323,238.6475,0.0132,0.8707,-0.0474,-1.4971,100128.2958,-6368007.1775,
160.7500,100128.2948,238.6371,0.0132,0.8706,-0.0474,-1.4976,100128.2958,-6368007.1775,
161.0000,100127.9630,238.6503,0.0132,0.8706,-0.0474,-1.4981,100128.2958,-6368007.1775,
161.2500,100127.0368,238.6872,0.0132,0.8708,-0.0474,-1.4986,100128.2958,-6368007.1776,
161.5000,100125.5162,238.7479,0.0132,0.8710,-0.0474,-1.4990,100128.2958,-6368007.1776,
161.7500,100123.4014,238.8322,0.0132,0.8713,-0.0474,-1.4995,100128.2958,-6368007.1776,
162.0000,100120.6921,238.9401,0.0132,0.8716,-0.0474,-1.5000,100128.2958,-6368007.1777,
162.2500,100117.3885,239.0717,0.0133,0.8721,-0.0474,-1.5004,100128.2958,-6368007.1777,
162.5000,100113.4906,239.2268,0.0133,0.8726,-0.0474,-1.5009,100128.2958,-6368007.1777,
162.7500,100108.9982,239.4055,0.0133,0.8733,-0.0474,-1.5014,100128.2958,-6368007.1778,
163.0000,100103.9116,239.6076,0.0133,0.8740,0.0873,-1.5018,100128.2958,-6368007.1778,
163.2500,100098.2306,239.8332,0.0134,0.8748,0.0873,-1.5023,100128.2958,-6368007.1778,
163.5000,100091.9552,240.0821,0.0134,0.8757,0.0873,-1.5027,100128.2958,-6368007.1778,
163.7500,100085.0855,240.3544,0.0135,0.8767,0.0873,-1.5031,100128.2958,-6368007.1779,
164.0000,100077.6214,240.6498,0.0135,0.8777,0.0873,-1.5036,100128.2958,-6368007.1779,
164.2500,100069.5629,240.9683,0.0136,0.8789,0.0873,-1.5040,100128.2958,-6368007.1779,
164.5000,100060.9101,241.3099,0.0136,0.8801,0.0873,-1.5044,100128.2958,-6368007.1780,
164.7500,100051.6629,241.6743,0.0137,0.8814,0.0873,-1.5049,100128.2958,-6368007.1780,
165.0000,100041.8213,242.0617,0.0138,0.8828,0.0873,-1.5053,100128.2958,-6368007.1780,
165.2500,100031.3854,242.4717,0.0138,0.8843,0.0873,-1.5057,100128.2958,-6368007.1781,
165.5000,100020.3551,242.9043,0.0139,0.8859,0.0873,-1.5061,100128.2958,-6368007.1781,
165.7500,100008.7305,243.3594,0.0140,0.8875,0.0873,-1.5065,100128.2958,-6368007.1781,
166.0000,99996.5114,243.8369,0.0141,0.8892,0.0873,-1.5069,100128.2958,-6368007.1782,
166.2500,99983.6980,244.3366,0.0142,0.8910,0.0873,-1.5073,100128.2958,-6368007.1782,
166.5000,99970.2902,244.8584,0.0143,0.8929,0.0873,-1.5077,100128.2958,-6368007.1782,
166.7500,99956.2881,245.4021,0.0144,0.8949,0.0873,-1.5081,100128.2958,-6368007.1783,
167.0000,99941.6915,245.9676,0.0145,0.8969,0.0873,-1.5085,100128.2958,-6368007.1783,
167.2500,99926.5006,246.5548,0.0146,0.8991,0.0873,-1.5089,100128.2958,-6368007.1784,
167.5000,99910.7152,247.1635,0.0147,0.9013,0.0873,-1.5093,100128.2958,-6368007.1784,
167.7500,99894.3355,247.7935,0.0148,0.9036,0.0873,-1.5097,100128.2958,-6368007.1784,
168.0000,99877.3614,248.4448,0.0149,0.9059,0.0873,-1.5100,100128.2958,-6368007.1785,
168.2500,99859.7929,249.1170,0.0150,0.9084,0.0873,-1.5104,100128.2958,-6368007.1785,
168.5000,99841.6300,249.8101,0.0152,0.9109,0.0873,-1.5108,100128.2958,-6368007.1785,
168.7500,99822.8727,250.5238,0.0153,0.9135,0.0873,-1.5112,100128.2958,-6368007.1786,
169.0000,99803.5209,251.2581,0.0155,0.9161,0.0873,-1.5115,100128.2958,-6368007.1786,
169.2500,99783.5748,252.0126,0.0156,0.9189,0.0873,-1.5119,100128.2958,-6368007.1787,
169.5000,99763.0342,252.7873,0.0158,0.9217,0.0873,-1.5122,100128.2958,-6368007.1787,
169.7500,99741.8993,253.5820,0.0159,0.9246,0.0873,-1.5126,100128.2958,-6368007.1788,
170.0000,99720.1699,254.3964,0.0161,0.9275,0.0873,-1.5129,100128.2958,-6368007.1788,
170.2500,99697.8460,255.2304,0.0162,0.9305,0.0873,-1.5133,100128.2957,-6368007.1788,
170.5000,99674.9278,256.0838,0.0164,0.9336,0.0873,-1.5136,100128.2957,-6368007.1789,
170.7500,99651.4151,256.9564,0.0166,0.9368,0.0873,-1.5140,100128.2957,-6368007.1789,
171.0000,99627.3080,257.8480,0.0168,0.9400,0.0873,-1.5143,100128.2957,-6368007.1790,
171.2500,99602.6064,258.7584,0.0170,0.9434,0.0873,-1.5147,100128.2957,-6368007.1790,
171.5000,99577.3104,259.6874,0.0172,0.9467,0.0873,-1.5150,100128.2957,-6368007.1791,
171.7500,99551.4199,260.6348,0.0174,0.9502,0.0873,-1.5153,100128.2957,-6368007.1791,
172.0000,99524.9349,261.6004,0.0176,0.9537,0.0873,-1.5157,100128.2957,-6368007.1792,
172.2500,99497.8556,262.5840,0.0178,0.9573,0.0873,-1.5160,100128.2957,-6368007.1792,
172.5000,99470.1817,263.5855,0.0180,0.9609,0.0873,-1.5163,100128.2957,-6368007.1793,
172.7500,99441.9134,264.6045,0.0183,0.9646,0.0873,-1.5166,100128.2957,-6368007.1794,
173.0000,99413.0505,265.6410,0.0185,0.9684,0.0873,-1.5169,100128.2956,-6368007.1794,
173.2500,99383.5932,266.6946,0.0187,0.9722,0.0873,-1.5173,100128.2956,-6368007.1795,
173.5000,99353.5415,267.7653,0.0190,0.9761,0.0873,-1.5176,100128.2956,-6368007.1795,
173.7500,99322.8952,268.8527,0.0192,0.9801,0.0873,-1.5179,100128.2956,-6368007.1796,
174.0000,99291.6544,269.9568,0.0195,0.9841,0.0873,-1.5182,100128.2956,-6368007.1797,
174.2500,99259.8191,271.0773,0.0198,0.9881,0.0873,-1.5185,100128.2956,-6368007.1797,
174.5000,99227.3893,272.2139,0.0201,0.9923,0.0873,-1.5188,100128.2955,-6368007.1798,
174.7500,99194.3650,273.3665,0.0204,0.9965,0.0873,-1.5191,100128.2955,-6368007.1798,
175.0000,99160.7462,274.5350,0.0206,1.0007,0.0873,-1.5194,100128.2955,-6368007.1799,
175.2500,99126.5328,275.7190,0.0210,1.0050,0.0873,-1.5197,100128.2955,-6368007.1800,
175.5000,99091.7249,276.9184,0.0213,1.0094,0.0873,-1.5200,100128.2955,-6368007.1801,
175.7500,99056.3224,278.1330,0.0216,1.0138,0.0873,-1.5203,100128.2954,-6368007.1801,
176.0000,99020.3255,279.3626,0.0219,1.0183,0.0873,-1.5206,100128.2954,-6368007.1802,
176.2500,98983.7339,280.6070,0.0223,1.0228,0.0873,-1.5208,100128.2954,-6368007.1803,
176.5000,98946.5478,281.8660,0.0226,1.0274,0.0873,-1.5211,100128.2953,-6368007.1804,
176.7500,98908.7671,283.1394,0.0230,1.0320,0.0873,-1.5214,100128.2953,-6368007.1804,
177.0000,98870.3919,284.4271,0.0233,1.0367,0.0873,-1.5217,100128.2953,-6368007.1805,
177.2500,98831.4220,285.7288,0.0237,1.0415,0.0873,-1.5219,100128.2952,-6368007.1806,
177.5000,98791.8576,287.0443,0.0241,1.0463,0.0873,-1.5222,100128.2952,-6368007.1807,
177.7500,98751.6986,288.3734,0.0245,1.0511,0.0873,-1.5225,100128.2952,-6368007.1808,
178.0000,98710.9450,289.7160,0.0249,1.0560,0.0873,-1.5228,100128.2951,-6368007.1809,
178.2500,98669.5967,291.0719,0.0253,1.0609,0.0873,-1.5230,100128.2951,-6368007.1810,
178.5000,98627.6539,292.4409,0.0257,1.0659,0.0873,-1.5233,100128.2950,-6368007.1811,
178.7500,98585.1164,293.8228,0.0262,1.0709,0.0873,-1.5235,100128.2950,-6368007.1811,
179.0000,98541.9842,295.2175,0.0266,1.0760,0.0873,-1.5238,100128.2949,-6368007.1812,
179.2500,98498.2575,296.6246,0.0271,1.0811,0.0873,-1.5241,100128.2949,-6368007.1813,
179.5000,98453.9361,298.0442,0.0276,1.0863,0.0873,-1.5243,100128.2948,-6368007.1814,
179.7500,98409.0200,299.4760,0.0280,1.0915,0.0873,-1.5246,100128.2948,-6368007.1815,
180.0000,98363.5093,300.9198,0.0285,1.0968,0.0873,-1.5248,100128.2947,-6368007.1816,
180.2500,98317.4038,302.3754,0.0291,1.1021,0.0873,-1.5251,100128.2947,-6368007.1817,
180.5000,98270.7037,303.8427,0.0296,1.1074,0.0873,-1.5253,100128.2946,-6368007.1818,
180.7500,98223.4089,305.3216,0.0301,1.1128,0.0873,-1.5255,100128.2945,-6368007.1819,
181.0000,98175.5195,306.8118,0.0307,1.1182,0.0873,-1.5258,100128.2945,-6368007.1820,
181.2500,98127.0352,308.3132,0.0312,1.1237,0.0873,-1.5260,100128.2944,-6368007.1821,
181.5000,98077.9563,309.8256,0.0318,1.1292,0.0873,-1.5263,100128.2943,-6368007.1822,
181.7500,98028.2827,311.3489,0.0324,1.1348,0.0873,-1.5265,100128.2943,-6368007.1823,
182.0000,97978.0143,312.8829,0.0330,1.1404,0.0873,-1.5267,100128.2942,-6368007.1824,
182.2500,97927.1512,314.4275,0.0337,1.1460,0.0873,-1.5270,100128.2941,-6368007.1825,
182.5000,97875.6933,315.9825,0.0343,1.1517,0.0873,-1.5272,100128.2940,-6368007.1826,
182.7500,97823.6406,317.5477,0.0350,1.1574,0.0873,-1.5274,100128.2940,-6368007.1828,
183.0000,97770.9932,319.1230,0.0356,1.1631,0.0873,-1.5276,100128.2939,-6368007.1829,
183.2500,97717.7510,320.7083,0.0363,1.1689,0.0873,-1.5279,100128.2938,-6368007.1830,
183.5000,97663.9140,322.3034,0.0370,1.1747,0.0873,-1.5281,100128.2937,-6368007.1831,
183.7500,97609.4821,323.9081,0.0378,1.1805,0.0873,-1.5283,100128.2936,-6368007.1832,
184.0000,97554.4555,325.5224,0.0385,1.1864,0.0873,-1.5285,100128.2935,-6368007.1833,
184.2500,97498.8341,327.1460,0.0393,1.1923,0.0873,-1.5287,100128.2934,-6368007.1834,
184.5000,97442.6178,328.7789,0.0401,1.1983,0.0873,-1.5289,100128.2933,-6368007.1835,
184.7500,97385.8067,330.4209,0.0409,1.2043,0.0873,-1.5291,100128.2932,-6368007.1837,
185.0000,97328.4007,332.0719,0.0417,1.2103,0.0873,-1.5294,100128.2931,-6368007.1838,
185.2500,97270.3998,333.7317,0.0426,1.2163,0.0873,-1.5296,100128.2930,-6368007.1839,
185.5000,97211.8041,335.4003,0.0434,1.2224,0.0873,-1.5298,100128.2928,-6368007.1840,
185.7500,97152.6135,337.0774,0.0443,1.2285,0.0873,-1.5300,100128.2927,-6368007.1842,
186.0000,97092.8280,338.7630,0.0453,1.2347,0.0873,-1.5302,100128.2926,-6368007.1843,
186.2500,97032.4476,340.4569,0.0462,1.2408,0.0873,-1.5304,100128.2925,-6368007.1844,
186.5000,96971.4722,342.1590,0.0472,1.2470,0.0873,-1.5306,100128.2923,-6368007.1845,
186.7500,96909.9020,343.8692,0.0482,1.2533,0.0873,-1.5308,100128.2922,-6368007.1847,
187.0000,96847.7368,345.5874,0.0492,1.2595,0.0873,-1.5310,100128.2920,-6368007.1848,
187.2500,96784.9766,347.3135,0.0502,1.2658,0.0873,-1.5312,100128.2919,-6368007.1849,
187.5000,96721.6215,349.0472,0.0513,1.2722,0.0873,-1.5314,100128.2917,-6368007.1851,
187.7500,96657.6714,350.7886,0.0524,1.2785,0.0873,-1.5315,100128.2916,-6368007.1852,
188.0000,96593.1263,352.5376,0.0535,1.2849,0.0873,-1.5317,100128.2914,-6368007.1854,
188.2500,96527.9862,354.2939,0.0547,1.2913,0.0873,-1.5319,100128.2913,-6368007.1855,
188.5000,96462.2511,356.0575,0.0559,1.2977,0.0873,-1.5321,100128.2911,-6368007.1856,
188.7500,96395.9210,357.8283,0.0571,1.3042,0.0873,-1.5323,100128.2909,-6368007.1858,
189.0000,96328.9958,359.6062,0.0584,1.3106,0.0873,-1.5325,100128.2907,-6368007.1859,
189.2500,96261.4756,361.3911,0.0596,1.3172,0.0873,-1.5326,100128.2905,-6368007.1861,
189.5000,96193.3603,363.1829,0.0610,1.3237,0.0873,-1.5328,100128.2903,-6368007.1862,
189.7500,96124.6499,364.9814,0.0623,1.3302,0.0873,-1.5330,100128.2901,-6368007.1864,
190.0000,96055.3445,366.7866,0.0637,1.3368,0.0873,-1.5332,100128.2899,-6368007.1866,
190.2500,95985.4440,368.5984,0.0652,1.3434,0.0873,-1.5334,100128.2897,-6368007.1867,
190.5000,95914.9483,370.4167,0.0666,1.3501,0.0873,-1.5335,100128.2895,-6368007.1869,
190.7500,95843.8576,372.2414,0.0681,1.3567,0.0873,-1.5337,100128.2892,-6368007.1870,
191.0000,95772.1717,374.0724,0.0697,1.3634,0.0873,-1.5339,100128.2890,-6368007.1872,
191.2500,95699.8906,375.9096,0.0713,1.3701,0.0873,-1.5340,100128.2888,-6368007.1874,
191.5000,95627.0144,377.7529,0.0729,1.3768,0.0873,-1.5342,100128.2885,-6368007.1875,
191.7500,95553.5430,379.6022,0.0746,1.3835,0.0873,-1.5344,100128.2882,-6368007.1877,
192.0000,95479.4764,381.4576,0.0763,1.3903,0.0873,-1.5345,100128.2880,-6368007.1879,
192.2500,95404.8146,383.3187,0.0781,1.3971,0.0873,-1.5347,100128.2877,-6368007.1881,
192.5000,95329.5576,385.1857,0.0799,1.4039,0.0873,-1.5349,100128.2874,-6368007.1882,
192.7500,95253.7053,387.0583,0.0818,1.4107,0.0873,-1.5350,100128.2871,-6368007.1884,
193.0000,95177.2578,388.9366,0.0837,1.4176,0.0873,-1.5352,100128.2868,-6368007.1886,
193.2500,95100.2151,390.8204,0.0857,1.4244,0.0873,-1.5353,100128.2865,-6368007.1888,
193.5000,95022.5771,392.7096,0.0877,1.4313,0.0873,-1.5355,100128.2862,-6368007.1890,
193.7500,94944.3438,394.6043,0.0898,1.4382,0.0873,-1.5356,100128.2858,-6368007.1892,
194.0000,94865.5151,396.5042,0.0919,1.4452,0.0873,-1.5358,100128.2855,-6368007.1894,
194.2500,94786.0912,398.4094,0.0941,1.4521,0.0873,-1.5359,100128.2851,-6368007.1896,
194.5000,94706.0719,400.3198,0.0964,1.4591,0.0873,-1.5361,100128.2848,-6368007.1898,
194.7500,94625.4573,402.2352,0.0987,1.4661,0.0873,-1.5362,100128.2844,-6368007.1900,
195.0000,94544.2474,404.1556,0.1011,1.4731,0.0873,-1.5364,100128.2840,-6368007.1902,
195.2500,94462.4420,406.0810,0.1035,1.4801,0.0873,-1.5365,100128.2836,-6368007.1904,
195.5000,94380.0413,408.0113,0.1060,1.4871,0.0873,-1.5367,100128.2832,-6368007.1906,
195.7500,94297.0451,409.9463,0.1086,1.4942,0.0873,-1.5368,100128.2827,-6368007.1909,
196.0000,94213.4536,411.8861,0.1113,1.5013,0.0873,-1.5370,100128.2823,-6368007.1911,
196.2500,94129.2666,413.8306,0.1140,1.5084,0.0873,-1.5371,100128.2818,-6368007.1913,
196.5000,94044.4841,415.7797,0.1169,1.5155,0.0873,-1.5373,100128.2814,-6368007.1916,
196.7500,93959.1062,417.7334,0.1197,1.5226,0.0873,-1.5374,100128.2809,-6368007.1918,
197.0000,93873.1328,419.6915,0.1227,1.5297,0.0873,-1.5375,100128.2804,-6368007.1920,
197.2500,93786.5639,421.6541,0.1258,1.5369,0.0873,-1.5377,100128.2799,-6368007.1923,
197.5000,93699.3995,423.6210,0.1289,1.5441,0.0873,-1.5378,100128.2793,-6368007.1925,
197.7500,93611.6395,425.5923,0.1322,1.5512,0.0873,-1.5379,100128.2788,-6368007.1928,
198.0000,93523.2840,427.5678,0.1355,1.5584,0.0873,-1.5381,100128.2782,-6368007.1930,
198.2500,93434.3330,429.5475,0.1389,1.5657,0.0873,-1.5382,100128.2777,-6368007.1933,
198.5000,93344.7864,431.5313,0.1425,1.5729,0.0873,-1.5383,100128.2771,-6368007.1936,
198.7500,93254.6441,433.5192,0.1461,1.5801,0.0873,-1.5385,100128.2764,-6368007.1938,
199.0000,93163.9063,435.5111,0.1498,1.5874,0.0873,-1.5386,100128.2758,-6368007.1941,
199.2500,93072.5728,437.5070,0.1537,1.5947,0.0873,-1.5387,100128.2751,-6368007.1944,
199.5000,92980.6437,439.5068,0.1576,1.6020,0.0873,-1.5388,100128.2745,-6368007.1947,
199.7500,92888.1189,441.5105,0.1617,1.6093,0.0873,-1.5390,100128.2738,-6368007.1950,
200.0000,92794.9985,443.5180,0.1659,1.6166,0.0873,-1.5391,100128.2730,-6368007.1953,
200.2500,92701.2823,445.5293,0.1702,1.6239,0.0873,-1.5392,100128.2723,-6368007.1956,
200.5000,92606.9704,447.5443,0.1746,1.6313,0.0873,-1.5393,100128.2715,-6368007.1959,
200.7500,92512.0628,449.5630,0.1792,1.6387,0.0873,-1.5395,100128.2707,-6368007.1962,
201.0000,92416.5595,451.5853,0.1839,1.6460,0.0873,-1.5396,100128.2699,-6368007.1965,
201.2500,92320.4604,453.6111,0.1887,1.6534,0.0873,-1.5397,100128.2691,-6368007.1968,
201.5000,92223.7655,455.6405,0.1937,1.6608,0.0873,-1.5398,100128.2682,-6368007.1972,
201.7500,92126.4748,457.6734,0.1989,1.6682,0.0873,-1.5399,100128.2673,-6368007.1975,
202.0000,92028.5883,459.7097,0.2041,1.6757,0.0873,-1.5400,100128.2664,-6368007.1978,
202.2500,91930.1059,461.7494,0.2096,1.6831,0.0873,-1.5402,100128.2655,-6368007.1982,
202.5000,91831.0277,463.7924,0.2152,1.6906,0.0873,-1.5403,100128.2645,-6368007.1985,
202.7500,91731.3536,465.8388,0.2210,1.6980,0.0873,-1.5404,100128.2635,-6368007.1989,
203.0000,91631.0837,467.8884,0.2269,1.7055,0.0873,-1.5405,100128.2624,-6368007.1993,
203.2500,91530.2178,469.9413,0.2330,1.7130,0.0873,-1.5406,100128.2613,-6368007.1997,
203.5000,91428.7560,471.9973,0.2394,1.7205,0.0873,-1.5407,100128.2602,-6368007.2000,
203.7500,91326.6982,474.0565,0.2459,1.7280,0.0873,-1.5408,100128.2591,-6368007.2004,
204.0000,91224.0445,476.1188,0.2526,1.7355,0.0873,-1.5409,100128.2579,-6368007.2008,
204.2500,91120.7948,478.1841,0.2595,1.7430,0.0873,-1.5410,100128.2567,-6368007.2012,
204.5000,91016.9491,480.2525,0.2666,1.7506,0.0873,-1.5411,100128.2554,-6368007.2017,
204.7500,90912.5074,482.3239,0.2739,1.7581,0.0873,-1.5413,100128.2541,-6368007.2021,
205.0000,90807.4696,484.3982,0.2815,1.7657,0.0873,-1.5414,100128.2528,-6368007.2025,
205.2500,90701.8358,486.4754,0.2892,1.7733,0.0873,-1.5415,100128.2514,-6368007.2030,
205.5000,90595.6059,488.5556,0.2973,1.7809,0.0873,-1.5416,100128.2500,-6368007.2034,
205.7500,90488.7799,490.6385,0.3056,1.7885,0.0873,-1.5417,100128.2485,-6368007.2039,
206.0000,90381.3578,492.7243,0.3141,1.7961,0.0873,-1.5418,100128.2470,-6368007.2043,
206.2500,90273.3395,494.8129,0.3229,1.8037,0.0873,-1.5419,100128.2454,-6368007.2048,
206.5000,90164.7251,496.9042,0.3320,1.8113,0.0873,-1.5420,100128.2438,-6368007.2053,
206.7500,90055.5145,498.9982,0.3413,1.8190,0.0873,-1.5421,100128.2421,-6368007.2058,
207.0000,89945.7078,501.0949,0.3510,1.8266,0.0873,-1.5422,100128.2404,-6368007.2063,
207.2500,89835.3048,503.1943,0.3609,1.8343,0.0873,-1.5423,100128.2386,-6368007.2068,
207.5000,89724.3055,505.2962,0.3712,1.8419,0.0873,-1.5424,100128.2367,-6368007.2074,
207.7500,89612.7100,507.4008,0.3818,1.8496,0.0873,-1.5424,100128.2348,-6368007.2079,
208.0000,89500.5183,509.5079,0.3927,1.8573,0.0873,-1.5425,100128.2329,-6368007.2085,
208.2500,89387.7302,511.6175,0.4040,1.8650,0.0873,-1.5426,100128.2308,-6368007.2090,
208.5000,89274.3458,513.7296,0.4156,1.8727,0.0873,-1.5427,100128.2288,-6368007.2096,
208.7500,89160.3651,515.8442,0.4276,1.8804,0.0873,-1.5428,100128.2266,-6368007.2102,
209.0000,89045.7880,517.9612,0.4400,1.8881,0.0873,-1.5429,100128.2244,-6368007.2108,
209.2500,88930.6145,520.0806,0.4527,1.8959,0.0873,-1.5430,100128.2221,-6368007.2114,
209.5000,88814.8447,522.2024,0.4659,1.9036,0.0873,-1.5431,100128.2197,-6368007.2121,
209.7500,88698.4784,524.3266,0.4795,1.9113,0.0873,-1.5432,100128.2172,-6368007.2127,
210.0000,88581.5156,526.4531,0.4936,1.9191,0.0873,-1.5433,100128.2147,-6368007.2134,
210.2500,88463.9564,528.5819,0.5081,1.9269,0.0873,-1.5433,100128.2121,-6368007.2141,
210.5000,88345.8007,530.7129,0.5230,1.9346,0.0873,-1.5434,100128.2094,-6368007.2148,
210.7500,88227.0486,532.8462,0.5385,1.9424,0.0873,-1.5435,100128.2066,-6368007.2155,
211.0000,88107.6998,534.9818,0.5545,1.9502,0.0873,-1.5436,100128.2037,-6368007.2162,
211.2500,87987.7546,537.1195,0.5709,1.9580,0.0873,-1.5437,100128.2007,-6368007.2169,
211.5000,87867.2127,539.2594,0.5880,1.9658,0.0873,-1.5438,100128.1976,-6368007.2177,
211.7500,87746.0743,541.4014,0.6055,1.9736,0.0873,-1.5439,100128.1944,-6368007.2184,
212.0000,87624.3392,543.5456,0.6237,1.9814,0.0873,-1.5439,100128.1911,-6368007.2192,
212.2500,87502.0075,545.6919,0.6425,1.9893,0.0873,-1.5440,100128.1877,-6368007.2201,
212.5000,87379.0792,547.8402,0.6618,1.9971,0.0873,-1.5441,100128.1842,-6368007.2209,
212.7500,87255.5541,549.9906,0.6818,2.0050,0.0873,-1.5442,100128.1806,-6368007.2217,
213.0000,87131.4324,552.1431,0.7025,2.0128,0.0873,-1.5443,100128.1768,-6368007.2226,
213.2500,87006.7139,554.2975,0.7239,2.0207,0.0873,-1.5443,100128.1729,-6368007.2235,
213.5000,86881.3987,556.4540,0.7460,2.0285,0.0873,-1.5444,100128.1689,-6368007.2244,
213.7500,86755.4867,558.6124,0.7688,2.0364,0.0873,-1.5445,100128.1648,-6368007.2253,
214.0000,86628.9779,560.7727,0.7924,2.0443,0.0873,-1.5446,100128.1605,-6368007.2263,
214.2500,86501.8723,562.9350,0.8168,2.0522,0.0873,-1.5446,100128.1560,-6368007.2273,
214.5000,86374.1699,565.0992,0.8420,2.0601,0.0873,-1.5447,100128.1514,-6368007.2283,
214.7500,86245.8706,567.2652,0.8680,2.0680,0.0873,-1.5448,100128.1467,-6368007.2293,
215.0000,86116.9744,569.4332,0.8950,2.0759,0.0873,-1.5449,100128.1418,-6368007.2303,
215.2500,85987.4813,571.6029,0.9228,2.0838,0.0873,-1.5449,100128.1367,-6368007.2314,
215.5000,85857.3913,573.7745,0.9516,2.0917,0.0873,-1.5450,100128.1315,-6368007.2325,
215.7500,85726.7043,575.9479,0.9814,2.0996,0.0873,-1.5451,100128.1261,-6368007.2337,
216.0000,85595.4203,578.1231,1.0122,2.1076,0.0873,-1.5452,100128.1204,-6368007.2348,
216.2500,85463.5393,580.3001,1.0441,2.1155,0.0873,-1.5452,100128.1146,-6368007.2360,
216.5000,85331.0613,582.4788,1.0770,2.1235,0.0873,-1.5453,100128.1086,-6368007.2372,
216.7500,85197.9862,584.6592,1.1111,2.1314,0.0873,-1.5454,100128.1024,-6368007.2385,
217.0000,85064.3141,586.8414,1.1464,2.1394,0.0873,-1.5454,100128.0960,-6368007.2398,
217.2500,84930.0449,589.0252,1.1829,2.1473,0.0873,-1.5455,100128.0893,-6368007.2411,
217.5000,84795.1785,591.2107,1.2950,2.1550,0.0873,-1.5456,100128.0824,-6368007.2424,
217.7500,84659.7150,593.3979,1.3343,2.1614,0.0873,-1.5456,100128.0748,-6368007.2439,
218.0000,84523.6544,595.5867,1.3750,2.1678,0.0873,-1.5457,100128.0670,-6368007.2454,
218.2500,84386.9965,597.7772,1.4169,2.1742,0.0873,-1.5458,100128.0589,-6368007.2469,
218.5000,84249.7414,599.9692,1.4602,2.1806,0.0873,-1.5458,100128.0506,-6368007.2485,
218.7500,84111.8891,602.1629,1.5048,2.1870,0.0873,-1.5459,100128.0419,-6368007.2501,
219.0000,83973.4395,604.3581,1.5509,2.1933,0.0873,-1.5460,100128.0330,-6368007.2518,
219.2500,83834.3927,606.5549,1.5985,2.1997,0.0873,-1.5460,100128.0238,-6368007.2535,
219.5000,83694.7485,608.7532,1.6476,2.2060,0.0873,-1.5461,100128.0143,-6368007.2552,
219.7500,83554.5069,610.9531,1.6983,2.2124,0.0873,-1.5461,100128.0044,-6368007.2570,
220.0000,83413.6681,613.1545,1.7507,2.2187,0.0873,-1.5462,100127.9942,-6368007.2589,
220.2500,83272.2318,615.3574,1.8047,2.2250,0.0873,-1.5463,100127.9837,-6368007.2607,
220.5000,83130.1981,617.5618,1.8605,2.2313,0.0873,-1.5463,100127.9728,-6368007.2627,
220.7500,82987.5669,619.7677,1.9181,2.2376,0.0873,-1.5464,100127.9615,-6368007.2646,
221.0000,82844.3383,621.9750,1.9776,2.2439,0.0873,-1.5464,100127.9498,-6368007.2667,
221.2500,82700.5123,624.1838,2.0390,2.2502,0.0873,-1.5465,100127.9378,-6368007.2687,
221.5000,82556.0887,626.3940,2.1024,2.2565,0.0873,-1.5466,100127.9253,-6368007.2709,
221.7500,82411.0675,628.6056,2.1679,2.2627,0.0873,-1.5466,100127.9124,-6368007.2730,
222.0000,82265.4488,630.8186,2.2355,2.2690,0.0873,-1.5467,100127.8991,-6368007.2753,
222.2500,82119.2325,633.0330,2.3053,2.2752,0.0873,-1.5467,100127.8853,-6368007.2776,
222.5000,81972.4186,635.2488,2.3774,2.2815,0.0873,-1.5468,100127.8710,-6368007.2799,
222.7500,81825.0071,637.4659,2.4519,2.2877,0.0873,-1.5469,100127.8562,-6368007.2824,
223.0000,81676.9978,639.6845,2.5288,2.2939,0.0873,-1.5469,100127.8410,-6368007.2848,
223.2500,81528.3909,641.9043,2.6082,2.3001,0.0873,-1.5470,100127.8252,-6368007.2874,
223.5000,81379.1863,644.1255,2.6902,2.3063,0.0873,-1.5470,100127.8088,-6368007.2900,
223.7500,81229.3839,646.3479,2.7749,2.3124,0.0873,-1.5471,100127.7919,-6368007.2927,
224.0000,81078.9838,648.5717,2.8624,2.3186,0.0873,-1.5471,100127.7744,-6368007.2954,
224.2500,80927.9859,650.7968,2.9528,2.3248,0.0873,-1.5472,100127.7563,-6368007.2983,
224.5000,80776.3901,653.0232,3.0462,2.3309,0.0873,-1.5472,100127.7376,-6368007.3012,
224.7500,80624.1965,655.2508,3.1426,2.3370,0.0873,-1.5473,100127.7182,-6368007.3042,
225.0000,80471.4050,657.4797,3.2423,2.3432,0.0873,-1.5473,100127.6982,-6368007.3072,
225.2500,80318.0157,659.7098,3.3452,2.3493,0.0873,-1.5474,100127.6775,-6368007.3103,
225.5000,80164.0284,661.9411,3.4516,2.3554,0.0873,-1.5474,100127.6560,-6368007.3136,
225.7500,80009.4431,664.1737,3.5614,2.3615,0.0873,-1.5475,100127.6338,-6368007.3169,
226.0000,79854.2599,666.4075,3.6749,2.3676,0.0873,-1.5475,100127.6109,-6368007.3203,
226.2500,79698.4787,668.6425,3.7922,2.3736,0.0873,-1.5476,100127.5871,-6368007.3238,
226.5000,79542.0994,670.8786,3.9133,2.3797,0.0873,-1.5476,100127.5625,-6368007.3273,
226.7500,79385.1221,673.1160,4.0385,2.3857,0.0873,-1.5477,100127.5370,-6368007.3310,
227.0000,79227.5467,675.3545,4.1679,2.3918,0.0873,-1.5477,100127.5107,-6368007.3348,
227.2500,79069.3732,677.5941,4.3016,2.3978,0.0873,-1.5478,100127.4834,-6368007.3387,
227.5000,78910.6016,679.8349,4.4397,2.4038,0.0873,-1.5478,100127.4552,-6368007.3427,
227.7500,78751.2318,682.0769,4.5825,2.4098,0.0873,-1.5479,100127.4260,-6368007.3468,
228.0000,78591.2639,684.3200,4.7300,2.4158,0.0873,-1.5479,100127.3958,-6368007.3510,
228.2500,78430.6977,686.5642,4.8824,2.4218,0.0873,-1.5480,100127.3645,-6368007.3553,
228.5000,78269.5333,688.8094,5.0400,2.4277,0.0873,-1.5480,100127.3321,-6368007.3597,
228.7500,78107.7706,691.0558,5.2028,2.4337,0.0873,-1.5481,100127.2986,-6368007.3643,
229.0000,77945.4096,693.3033,5.3711,2.4396,0.0873,-1.5481,100127.2639,-6368007.3690,
229.2500,77782.4503,695.5519,5.5450,2.4456,0.0873,-1.5482,100127.2280,-6368007.3738,
229.5000,77618.8927,697.8015,5.7248,2.4515,0.0873,-1.5482,100127.1908,-6368007.3787,
229.7500,77454.7367,700.0522,5.9106,2.4574,0.0873,-1.5482,100127.1523,-6368007.3838,
230.0000,77289.9823,702.3039,6.1027,2.4633,0.0873,-1.5483,100127.1125,-6368007.3891,
230.2500,77124.6294,704.5566,6.3012,2.4692,0.0873,-1.5483,100127.0712,-6368007.3944,
230.5000,76958.6782,706.8104,6.5065,2.4751,0.0873,-1.5484,100127.0285,-6368007.3999,
230.7500,76792.1284,709.0653,6.7186,2.4809,0.0873,-1.5484,100126.9843,-6368007.4056,
231.0000,76624.9802,711.3211,6.9380,2.4868,0.0873,-1.5485,100126.9385,-6368007.4115,
231.2500,76457.2334,713.5779,7.1647,2.4926,0.0873,-1.5485,100126.8911,-6368007.4175,
231.5000,76288.8881,715.8357,7.3991,2.4984,0.0873,-1.5485,100126.8420,-6368007.4236,
231.7500,76119.9442,718.0946,7.6414,2.5043,0.0873,-1.5486,100126.7912,-6368007.4300,
232.0000,75950.4018,720.3543,7.8920,2.5101,0.0873,-1.5486,100126.7386,-6368007.4365,
232.2500,75780.2606,722.6151,8.1511,2.5159,0.0873,-1.5487,100126.6841,-6368007.4432,
232.5000,75609.5209,724.8768,8.4189,2.5216,0.0873,-1.5487,100126.6277,-6368007.4501,
232.7500,75438.1824,727.1395,8.6958,2.5274,0.0873,-1.5487,100126.5692,-6368007.4572,
233.0000,75266.2452,729.4031,8.9822,2.5332,0.0873,-1.5488,100126.5087,-6368007.4645,
233.2500,75093.7094,731.6677,9.2783,2.5389,0.0873,-1.5488,100126.4460,-6368007.4719,
233.5000,74920.5747,733.9332,9.5845,2.5446,0.0873,-1.5489,100126.3811,-6368007.4797,
233.7500,74746.8413,736.1996,9.9011,2.5504,0.0873,-1.5489,100126.3139,-6368007.4876,
234.0000,74572.5091,738.4669,10.2285,2.5561,0.0873,-1.5489,100126.2443,-6368007.4957,
234.2500,74397.5780,740.7351,10.5670,2.5618,0.0873,-1.5490,100126.1722,-6368007.5041,
234.5000,74222.0481,743.0042,10.9172,2.5675,0.0873,-1.5490,100126.0975,-6368007.5128,
234.7500,74045.9193,745.2742,11.2793,2.5731,0.0873,-1.5490,100126.0201,-6368007.5216,
235.0000,73869.1916,747.5451,11.6538,2.5788,0.0873,-1.5491,100125.9400,-6368007.5308,
235.2500,73691.8650,749.8168,12.0411,2.5844,0.0873,-1.5491,100125.8570,-6368007.5402,
235.5000,73513.9394,752.0894,12.4416,2.5901,0.0873,-1.5492,100125.7711,-6368007.5498,
235.7500,73335.4149,754.3629,12.8559,2.5957,0.0873,-1.5492,100125.6820,-6368007.5598,
236.0000,73156.2913,756.6372,13.2844,2.6013,0.0873,-1.5492,100125.5897,-6368007.5700,
236.2500,72976.5688,758.9124,13.7277,2.6069,0.0873,-1.5493,100125.4942,-6368007.5806,
236.5000,72796.2472,761.1884,14.1861,2.6125,0.0873,-1.5493,100125.3952,-6368007.5914,
236.7500,72615.3265,763.4652,14.6603,2.6181,0.0873,-1.5493,100125.2926,-6368007.6026,
237.0000,72433.8067,765.7428,15.1508,2.6236,0.0873,-1.5494,100125.1863,-6368007.6140,
237.2500,72251.6878,768.0213,15.6582,2.6292,0.0873,-1.5494,100125.0762,-6368007.6259,
237.5000,72068.9698,770.3005,16.1831,2.6347,0.0873,-1.5494,100124.9622,-6368007.6380,
237.7500,71885.6526,772.5806,16.7261,2.6403,0.0873,-1.5495,100124.8440,-6368007.6505,
238.0000,71701.7362,774.8614,17.2878,2.6458,0.0873,-1.5495,100124.7215,-6368007.6634,
238.2500,71517.2207,777.1430,17.8689,2.6513,0.0873,-1.5495,100124.5947,-6368007.6767,
238.5000,71332.1059,779.4254,18.4701,2.6568,0.0873,-1.5496,100124.4632,-6368007.6903,
238.7500,71146.3918,781.7086,19.0920,2.6622,0.0873,-1.5496,100124.3270,-6368007.7044,
239.0000,70960.0786,783.9925,20.9013,2.6677,0.0873,-1.5496,100124.1856,-6368007.7189,
239.2500,70772.9888,793.2834,21.5877,2.6722,0.0873,-1.5478,100124.0307,-6368007.7347,
239.5000,70582.5617,804.6509,23.1189,2.7251,0.0873,-1.5172,101270.2069,-6367963.2329,
239.7500,70389.2541,816.1018,24.4383,2.7605,0.0873,-1.4629,102009.5148,-6367925.2909,
240.0000,70193.0838,827.6326,25.8367,2.7961,0.0873,-1.3850,102752.5849,-6367872.8171,
240.2500,69994.0904,839.1958,27.3166,2.8316,0.0873,-1.2836,103490.8598,-6367800.2062,
240.5000,69792.3471,850.6871,28.8763,2.8669,0.0873,-1.1590,104210.9184,-6367702.0121,
240.7500,69587.9756,861.9338,30.5086,2.9013,0.0873,-1.0112,104893.4003,-6367573.2509,
241.0000,69381.1619,872.6885,32.1985,2.9341,0.0873,-0.8404,105512.4415,-6367409.9357,
241.2500,69172.1720,882.6280,33.9221,2.9643,0.0873,-0.6468,106036.0074,-6367209.9177,
241.5000,68961.3640,891.3643,35.6454,2.9906,0.0873,-0.4305,106427.5766,-6366974.0708,
241.7500,68749.1926,898.4678,37.3247,3.0117,0.0873,-0.1916,106649.5971,-6366707.7663,
242.0000,68536.0930,904.6383,38.9781,3.0287,-0.0873,0.0567,106745.9854,-6366423.4524,
242.2500,68322.3551,909.2213,40.5850,3.0413,-0.0873,0.2805,106709.8405,-6366128.3921,
242.5000,68108.4838,911.9270,42.0770,3.0474,-0.0873,0.4778,106492.3676,-6365833.5578,
242.7500,67894.9317,912.8768,43.4475,3.0476,-0.0809,0.6495,106116.5823,-6365551.8455,
243.0000,67682.1008,912.1961,44.6987,3.0424,-0.0295,0.8016,105610.4599,-6365292.5784,
243.2500,67470.2929,910.3554,45.8365,3.0327,-0.0847,0.9367,105001.3228,-6365062.7853,
243.5000,67259.7410,907.3192,46.8900,3.0198,0.0117,1.0567,104326.3622,-6364859.9565,
243.7500,67050.6215,903.5645,47.8430,3.0034,-0.0873,1.1635,103590.2650,-6364694.0105,
244.0000,66843.0653,898.9584,48.7352,2.9851,0.0093,1.2584,102825.4548,-6364553.0352,
244.2500,66637.1667,893.8908,49.5465,2.9645,-0.0810,1.3427,102031.4114,-6364447.9127,
244.5000,66432.9927,888.2011,50.3096,2.9427,0.0504,1.4178,101227.6482,-6364364.4729,
244.7500,66230.5874,882.2695,51.0026,2.9192,-0.0873,1.4846,100413.6399,-6364316.1147,
245.0000,66029.9788,875.9038,51.6616,2.8951,0.0313,1.5440,99601.5681,-6364282.0479,
245.2500,65831.1823,869.3805,52.2638,2.8700,-0.0756,1.5967,98791.2416,-6364277.3239,
245.5000,65634.2052,862.5405,52.8345,2.8444,0.0676,1.6436,97986.7424,-6364284.1350,
245.7500,65439.0470,855.6310,53.3541,2.8181,-0.0873,1.6855,97191.8852,-6364318.9806,
246.0000,65245.7049,848.4953,53.8500,2.7917,0.0588,1.7225,96402.7981,-6364356.3336,
246.2500,65054.1714,841.3217,54.3004,2.7648,-0.0873,1.7554,95627.2017,-6364418.2407,
246.5000,64864.4375,833.9734,54.7271,2.7378,0.0768,1.7847,94857.8867,-6364481.1445,
246.7500,64676.4935,826.6129,55.1118,2.7104,-0.0873,1.8107,94104.5259,-6364566.1603,
247.0000,64490.3306,819.1269,55.4736,2.6831,0.0502,1.8337,93355.1698,-6364647.9279,
247.2500,64305.9389,811.6309,55.7970,2.6555,-0.0873,1.8539,92621.5126,-6364747.3336,
247.5000,64123.3088,804.0348,56.0963,2.6280,0.0873,1.8719,91891.4928,-6364842.8574,
247.7500,63942.4318,796.4380,56.3583,2.6003,-0.0873,1.8880,91179.2742,-6364956.0968,
248.0000,63763.3014,788.7626,56.5956,2.5727,0.0705,1.9020,90467.7481,-6365061.8624,
248.2500,63585.9104,781.0851,56.7972,2.5449,-0.0873,1.9145,89772.4949,-6365181.8266,
248.5000,63410.2530,773.3429,56.9727,2.5172,0.0838,1.9255,89078.6082,-6365295.2045,
248.7500,63236.3245,765.5977,57.1131,2.4894,-0.0873,1.9352,88401.3469,-6365421.7980,
249.0000,63064.1215,757.7992,57.2262,2.4617,0.0759,1.9436,87722.9784,-6365539.3848,
249.2500,62893.6408,749.9947,57.3048,2.4339,-0.0873,1.9510,87060.6765,-6365668.6994,
249.5000,62724.8801,742.1460,57.3548,2.4062,0.0837,1.9575,86397.5550,-6365789.3921,
249.7500,62557.8382,734.2880,57.3706,2.3784,-0.0873,1.9632,85750.5347,-6365921.0823,
250.0000,62392.5150,726.3913,57.3567,2.3506,0.0804,1.9680,85101.0296,-6366042.6988,
250.2500,62228.9102,718.4827,57.3087,2.3228,-0.0873,1.9722,84467.2671,-6366174.4069,
250.5000,62067.0247,710.5413,57.2301,2.2951,0.0851,1.9758,83831.2702,-6366296.3346,
250.7500,61906.8598,702.5849,57.1176,2.2673,-0.0873,1.9789,83210.9315,-6366427.7919,
251.0000,61748.4179,694.5983,56.9735,2.2395,0.0835,1.9814,82587.3557,-6366548.6532,
251.2500,61591.7011,686.5948,56.7957,2.2118,-0.0873,1.9835,81979.2177,-6366678.4598,
251.5000,61436.7125,678.5648,56.5858,2.1840,0.0873,1.9852,81367.9513,-6366797.8016,
251.7500,61283.4553,670.5153,56.3425,2.1563,-0.0873,1.9866,80772.1417,-6366925.7589,
252.0000,61131.9338,662.4409,56.0665,2.1285,0.0851,1.9876,80172.7922,-6367042.9346,
252.2500,60982.1516,654.3455,55.7573,2.1007,-0.0873,1.9884,79588.5033,-6367168.1067,
252.5000,60834.1136,646.2273,55.4153,2.0730,0.0873,1.9889,79000.9316,-6367282.7220,
252.7500,60687.8243,638.0863,55.0405,2.0452,-0.0873,1.9892,78428.3633,-6367405.0241,
253.0000,60543.2891,629.9235,54.6328,2.0175,0.0860,1.9892,77852.4231,-6367516.7018,
253.2500,60400.5131,621.7368,54.1929,1.9897,-0.0873,1.9891,77291.1869,-6367635.5915,
253.5000,60259.5020,613.5295,53.7203,1.9619,0.0863,1.9888,76726.8942,-6367744.1066,
253.7500,60120.2616,605.2968,53.2161,1.9341,-0.0873,1.9883,76177.0916,-6367859.4477,
254.0000,59982.7979,597.0444,52.6797,1.9063,0.0859,1.9877,75624.4250,-6367964.5580,
254.2500,59847.1171,588.7656,52.1124,1.8785,-0.0873,1.9869,75086.0159,-6368076.1098,
254.5000,59713.2257,580.4680,51.5136,1.8507,0.0868,1.9860,74545.0600,-6368177.6660,
254.7500,59581.1301,572.1429,50.8851,1.8229,-0.0873,1.9851,74018.2537,-6368285.3887,
255.0000,59450.8372,563.7992,50.2258,1.7951,0.0864,1.9840,73489.0340,-6368383.2031,
255.2500,59322.3536,555.4273,49.5379,1.7672,-0.0873,1.9828,72973.8155,-6368486.8862,
255.5000,59195.6866,547.0376,48.8202,1.7394,0.0873,1.9815,72456.5239,-6368580.9056,
255.7500,59070.8430,538.6187,48.0755,1.7115,-0.0873,1.9802,71953.1329,-6368680.5389,
256.0000,58947.8303,530.1822,47.3023,1.6836,0.0867,1.9787,71447.9581,-6368770.7095,
256.2500,58826.6557,521.7159,46.5035,1.6557,-0.0873,1.9772,70956.4894,-6368866.1718,
256.5000,58707.3268,513.2323,45.6777,1.6278,0.0867,1.9757,70463.6079,-6368952.4325,
256.7500,58589.8511,504.7182,44.8281,1.5998,-0.0873,1.9740,69984.2841,-6369043.7011,
257.0000,58474.2363,496.1872,43.9532,1.5719,0.0873,1.9723,69503.9003,-6369126.0126,
257.2500,58360.4902,487.6250,43.0565,1.5439,-0.0873,1.9706,69036.9686,-6369213.0825,
257.5000,58248.6206,479.0459,42.1364,1.5159,0.0861,1.9688,68569.3384,-6369291.4438,
257.7500,58138.6356,470.4353,41.1966,1.4878,-0.0873,1.9669,68114.9800,-6369374.2590,
258.0000,58030.5432,461.8080,40.2356,1.4597,0.0866,1.9650,67660.3299,-6369448.6467,
258.2500,57924.3516,453.1483,39.2572,1.4317,-0.0873,1.9630,67218.8199,-6369527.2212,
258.5000,57820.0689,444.4724,38.2598,1.4035,0.0872,1.9609,66777.4280,-6369597.6493,
258.7500,57717.7036,435.7634,37.2475,1.3754,-0.0873,1.9589,66349.0668,-6369672.0139,
259.0000,57617.2640,427.0383,36.2188,1.3472,0.0868,1.9567,65921.1934,-6369738.4813,
259.2500,57518.7586,418.2796,35.1779,1.3190,-0.0873,1.9545,65506.2291,-6369808.6255,
259.5000,57422.1962,409.5050,34.1232,1.2907,0.0867,1.9523,65092.1773,-6369871.1616,
259.7500,57327.5852,400.6961,33.0592,1.2625,-0.0873,1.9500,64690.8974,-6369937.1024,
260.0000,57234.9346,391.8717,31.9841,1.2341,0.0873,1.9477,64290.9650,-6369995.7298,
260.2500,57144.2531,383.0125,30.9027,1.2058,-0.0873,1.9453,63903.7240,-6370057.5311,
260.5000,57055.5497,374.1376,29.8133,1.1774,0.0866,1.9428,63518.2238,-6370112.2814,
260.7500,56968.8334,365.2274,28.7206,1.1490,-0.0873,1.9403,63145.2698,-6370169.9263,
261.0000,56884.1133,356.3021,27.6230,1.1205,0.0873,1.9377,62774.5395,-6370220.8473,
261.2500,56801.3987,347.3407,26.5254,1.0920,-0.0873,1.9351,62416.2750,-6370274.4299,
261.5000,56720.6989,338.3643,25.4261,1.0634,0.0866,1.9324,62060.6443,-6370321.5606,
261.7500,56642.0232,329.3512,24.3301,1.0349,-0.0873,1.9296,61717.3453,-6370371.0782,
262.0000,56565.3812,320.3242,23.2358,1.0062,0.0873,1.9268,61377.1883,-6370414.4757,
262.2500,56490.7821,311.2602,22.1483,0.9775,-0.0873,1.9239,61049.3057,-6370460.0335,
262.5000,56418.2358,302.1822,21.0659,0.9488,0.0866,1.9209,60724.9869,-6370499.7517,
262.7500,56347.7519,293.0665,19.9937,0.9200,-0.0873,1.9178,60412.8192,-6370541.3670,
263.0000,56279.3401,283.9374,18.9300,0.8912,0.0867,1.9147,60104.7220,-6370577.4844,
263.2500,56213.0105,274.7696,17.8801,0.8624,-0.0873,1.9115,59808.6862,-6370615.2582,
263.5000,56148.7732,265.5888,16.8421,0.8334,0.0865,1.9081,59517.1771,-6370647.8376,
263.7500,56086.6383,256.3684,15.8214,0.8045,-0.0873,1.9047,59237.6381,-6370681.8306,
264.0000,56026.6162,247.1354,14.8162,0.7754,0.0858,1.9012,58963.1376,-6370710.9718,
264.2500,55968.7174,237.8615,13.8317,0.7464,-0.0873,1.8975,58700.4796,-6370741.2621,
264.5000,55912.9526,228.5762,12.8662,0.7172,0.0859,1.8938,58443.4050,-6370767.0630,
264.7500,55859.3326,219.2486,11.9248,0.6880,-0.0873,1.8899,58198.0864,-6370793.7708,
265.0000,55807.8682,209.9107,11.0059,0.6588,0.0871,1.8858,57958.8408,-6370816.3089,
265.2500,55758.5707,200.5293,10.1146,0.6295,-0.0873,1.8816,57731.3312,-6370839.5568,
265.5000,55711.4513,191.1384,9.2492,0.6001,0.0866,1.8773,57510.3702,-6370858.9446,
265.7500,55666.5214,181.7034,8.4146,0.5707,-0.0873,1.8727,57301.1174,-6370878.8404,
266.0000,55623.7927,172.2594,7.6092,0.5411,0.0846,1.8680,57098.9335,-6370895.2150,
266.2500,55583.2770,162.7703,6.8379,0.5116,-0.0873,1.8630,56908.3745,-6370911.8616,
266.5000,55544.9862,153.2754,6.0991,0.4820,0.0856,1.8578,56725.4917,-6370925.3807,
266.7500,55508.9326,143.7333,5.3974,0.4523,-0.0873,1.8523,56554.2210,-6370938.9841,
267.0000,55475.1288,134.1858,4.7312,0.4226,0.0814,1.8465,56391.1198,-6370949.7808,
267.2500,55443.5876,124.5917,4.1050,0.3928,-0.0873,1.8403,56239.6169,-6370960.4782,
267.5000,55414.3218,114.9958,3.5172,0.3629,0.0852,1.8337,56096.8528,-6370968.7379,
267.7500,55387.3449,105.3502,2.9722,0.3330,-0.0873,1.8267,55965.7456,-6370976.7644,
268.0000,55362.6709,95.7070,2.4681,0.3029,0.0849,1.8190,55843.8919,-6370982.6914,
268.2500,55340.3134,86.0125,2.0093,0.2729,-0.0873,1.8107,55733.7476,-6370988.2570,
268.5000,55320.2878,76.3260,1.5939,0.2428,0.0791,1.8015,55633.4546,-6370992.1132,
268.7500,55302.6089,66.5853,1.2258,0.2126,-0.0873,1.7913,55544.8685,-6370995.4732,
269.0000,55287.2926,56.8735,0.9035,0.1824,0.0864,1.7799,55466.8303,-6370997.5650,
269.2500,55274.3566,47.0998,0.6304,0.1522,-0.0873,1.7664,55400.6247,-6370999.1170,
269.5000,55263.8182,37.3801,0.4047,0.1219,0.0873,1.7507,55345.5107,-6370999.7937,
269.7500,55255.6992,27.6579,0.2292,0.0917,0.0873,1.7299,55302.3750,-6370999.9992,
270.0000,55250.0182,17.9198,0.1037,0.0616,-0.0577,1.7041,55271.2242,-6370999.8141,
270.2500,55246.8073,8.4590,0.0280,0.0320,-0.0873,1.6649,55252.2938,-6370999.5151,
270.5000,55246.0924,3.9903,0.0024,0.0094,0.0873,1.6014,55246.0364,-6370999.5216,
270.7500,55247.8738,12.9751,0.0320,0.0342,0.0873,1.5504,55252.6293,-6370998.9973,
271.0000,55252.1648,22.8496,0.1142,0.0647,0.0873,1.5325,55272.2118,-6370998.5706,
271.2500,55258.9782,32.8951,0.2501,0.0958,0.0873,1.5473,55304.9302,-6370998.1304,
271.5000,55268.3197,43.0527,0.4409,0.1272,0.0873,1.5946,55350.7996,-6370997.4089,
271.7500,55280.1825,53.2864,0.6871,0.1589,0.0873,1.6741,55409.5436,-6370995.9393,
272.0000,55294.5338,63.5339,0.9880,0.1907,0.0873,1.7854,55480.1851,-6370992.8536,
272.2500,55311.2908,73.6880,1.3397,0.2223,0.0873,1.9284,55560.4295,-6370986.5544,
272.5000,55330.2900,83.5848,1.7343,0.2533,0.0873,2.1027,55645.9541,-6370974.3632,
272.7500,55351.2509,92.9942,2.1575,0.2829,0.0873,2.3080,55729.8519,-6370952.3502,
273.0000,55373.7420,101.6160,2.5876,0.3102,0.0873,2.5440,55802.6323,-6370915.6831,
273.2500,55397.1545,109.0800,2.9949,0.3342,0.0873,2.8105,55853.2853,-6370859.8868,
273.5000,55420.7791,115.7228,3.3756,0.3554,-0.0058,3.0976,55879.2521,-6370783.9104,
273.7500,55444.0381,121.2960,3.7112,0.3732,-0.0873,3.3668,55877.8365,-6370689.4648,
274.0000,55466.0897,125.2733,3.9684,0.3865,-0.0873,3.6162,55846.6530,-6370581.8695,
274.2500,55486.1426,127.5512,4.1449,0.3955,0.0581,3.8494,55793.2368,-6370470.1544,
274.5000,55503.5445,128.8632,4.2293,0.4000,0.0159,4.0682,55726.7725,-6370366.7541,
274.7500,55517.7810,128.9939,4.2483,0.4013,0.0494,4.2753,55660.4121,-6370280.0728,
275.0000,55528.4855,128.4601,4.1942,0.3990,-0.0873,4.4720,55602.9573,-6370221.0510,
275.2500,55535.4279,126.9358,4.1213,0.3957,0.0434,4.6589,55562.1634,-6370186.6370,
275.5000,55538.5008,125.1889,3.9948,0.3897,-0.0672,4.8383,55541.2134,-6370187.2837,
275.7500,55537.7015,123.3834,3.8809,0.3841,-0.0873,5.0046,55541.3567,-6370210.7130,
276.0000,55533.0706,122.0208,3.7953,0.3798,-0.0873,5.1358,55561.8643,-6370252.9365,
276.2500,55524.7125,121.1391,3.7358,0.3766,-0.0873,5.2308,55600.8529,-6370312.3814,
276.5000,55512.7361,121.2207,3.7317,0.3761,-0.0873,5.2900,55656.5565,-6370381.2187,
276.7500,55497.2203,122.7264,3.8118,0.3797,-0.0873,5.3138,55728.2428,-6370452.7624,
277.0000,55478.1944,126.0666,4.0063,0.3889,-0.0873,5.3025,55816.5649,-6370521.6469,
277.2500,55455.6311,131.5579,4.3467,0.4045,-0.0873,5.2564,55923.5286,-6370583.7099,
277.5000,55429.4497,139.3793,4.8657,0.4272,-0.0873,5.1758,56052.1380,-6370635.7495,
277.7500,55399.5309,149.5386,5.5951,0.4573,-0.0873,5.0612,56205.6819,-6370675.2242,
278.0000,55365.7433,161.8579,6.5621,0.4941,-0.0873,4.9127,56386.5550,-6370699.8823,
278.2500,55327.9830,175.9722,7.7824,0.5368,-0.0873,4.7308,56594.5035,-6370707.2747,
278.5000,55286.2256,191.3335,9.2513,0.5837,-0.0873,4.5158,56824.3261,-6370694.1595,
278.7500,55240.5886,207.2158,10.9329,0.6327,-0.0873,4.2681,57063.4023,-6370655.9965,
279.0000,55191.3961,222.7253,12.7492,0.6811,-0.0873,3.9878,57289.9789,-6370587.0598,
279.2500,55139.2333,236.8244,14.5729,0.7258,-0.0873,3.6754,57473.7312,-6370481.9972,
279.5000,55084.6881,250.0701,16.3983,0.7672,0.0873,3.3672,57622.1086,-6370348.8835,
279.7500,55028.4766,260.6355,18.0166,0.8013,0.0873,3.0949,57690.6572,-6370182.8453,
280.0000,54971.5858,268.4699,19.3276,0.8269,0.0873,2.8500,57671.3539,-6369992.9549,
280.2500,54914.8867,273.4902,20.3272,0.8449,-0.0541,2.6291,57577.5885,-6369790.9460,
280.5000,54859.1366,276.4971,20.9408,0.8544,0.0498,2.4278,57413.5222,-6369592.6491,
280.7500,54804.9389,277.1741,21.2259,0.8572,0.0873,2.2453,57202.7335,-6369408.4643,
281.0000,54752.7829,275.6963,21.1869,0.8535,0.0873,2.0778,56959.8863,-6369250.2706,
281.2500,54703.0203,272.5512,20.9479,0.8459,-0.0873,1.9261,56705.3559,-6369113.7687,
281.5000,54655.9159,268.2972,20.4004,0.8322,0.0612,1.7872,56441.4969,-6369020.2996,
281.7500,54611.6398,262.5062,19.6701,0.8148,0.0657,1.6608,56183.0401,-6368960.4526,
282.0000,54570.2902,255.5642,18.7640,0.7937,0.0873,1.5440,55936.2338,-6368938.6558,
282.2500,54531.9029,247.6668,17.7591,0.7702,0.0117,1.4372,55705.4704,-6368944.9844,
282.5000,54496.4727,239.0277,16.6197,0.7434,0.0873,1.3398,55493.6553,-6368988.7951,
282.7500,54463.9492,229.4854,15.4438,0.7151,-0.0608,1.2489,55301.0683,-6369052.6656,
283.0000,54434.2632,219.5836,14.1826,0.6839,0.0873,1.1648,55130.5524,-6369148.4921,
283.2500,54407.3227,208.9404,12.9279,0.6518,-0.0101,1.0872,54978.4628,-6369256.3677,
283.5000,54383.0249,197.9511,11.6432,0.6176,0.0873,1.0160,54846.9809,-6369385.3963,
283.7500,54361.2493,186.3488,10.3958,0.5827,-0.0873,0.9498,54731.5300,-6369519.3432,
284.0000,54341.8734,174.6353,9.1497,0.5460,0.0873,0.8882,54634.8715,-6369667.7535,
284.2500,54324.7731,162.3131,7.9628,0.5088,-0.0789,0.8310,54551.5726,-6369815.3261,
284.5000,54309.8174,149.9373,6.8115,0.4701,0.0873,0.7770,54483.4334,-6369968.3857,
284.7500,54296.8794,137.1214,5.7399,0.4312,-0.0444,0.7263,54425.4168,-6370114.4859,
285.0000,54285.8405,124.2086,4.7269,0.3910,0.0873,0.6798,54379.6256,-6370259.7837,
285.2500,54276.5633,110.9232,3.8067,0.3507,-0.0873,0.6353,54341.5250,-6370394.0330,
285.5000,54268.9271,97.5940,2.9615,0.3091,0.0873,0.5929,54313.1560,-6370522.7176,
285.7500,54262.8107,83.9235,2.2202,0.2676,-0.0873,0.5525,54290.3737,-6370636.8269,
286.0000,54258.0920,70.2316,1.5704,0.2249,0.0873,0.5137,54274.5868,-6370740.2422,
286.2500,54254.6534,56.2342,1.0320,0.1823,-0.0873,0.4765,54262.9290,-6370826.7611,
286.5000,54252.3707,42.2340,0.5980,0.1388,0.0873,0.4399,54256.0011,-6370898.4549,
286.7500,54251.1257,27.9643,0.2820,0.0953,-0.0873,0.4038,54252.0012,-6370951.2932,
287.0000,54250.7706,13.6840,0.0804,0.0509,0.0378,0.3645,54250.7952,-6370985.9315,
287.2500,54251.3514,4.4074,0.0058,0.0137,0.0873,0.3438,54251.8156,-6370999.6401,
287.5000,54252.9744,16.4595,0.0552,0.0421,0.0873,0.3633,54255.6800,-6370993.4452,
287.7500,54255.7128,30.7475,0.2295,0.0860,0.0873,0.4226,54263.0161,-6370967.7129,
288.0000,54259.7733,45.0804,0.5265,0.1302,0.0873,0.5211,54275.6279,-6370924.4453,
288.2500,54265.4824,59.1520,0.9378,0.1739,0.0873,0.6584,54296.6999,-6370867.9358,
288.5000,54273.2577,72.6646,1.4458,0.2160,0.0873,0.8341,54330.8935,-6370805.4360,
288.7500,54283.5588,85.2350,2.0201,0.2555,0.0873,1.0478,54383.9122,-6370747.4109,
289.0000,54296.8139,96.3719,2.6144,0.2909,0.0873,1.2991,54460.9579,-6370706.6210,
289.2500,54313.3179,105.8746,3.1657,0.3204,-0.0873,1.5858,54563.6505,-6370695.3260,
289.5000,54333.1456,113.9717,3.7178,0.3477,0.0142,1.8648,54688.3562,-6370701.9525,
289.7500,54356.1660,119.8933,4.1198,0.3665,-0.0873,2.1220,54825.6403,-6370743.7845,
290.0000,54381.9850,123.3503,4.3788,0.3785,-0.0873,2.3626,54961.1269,-6370805.7244,
290.2500,54410.0396,124.8999,4.5011,0.3844,-0.0873,2.5870,55081.3066,-6370873.8546,
290.5000,54439.6271,124.7402,4.4962,0.3849,-0.0873,2.7990,55173.9375,-6370935.2314,
290.7500,54469.9818,122.9056,4.4031,0.3817,0.0675,3.0006,55234.2689,-6370979.1469,
291.0000,54500.3054,120.2852,4.1834,0.3727,-0.0873,3.1943,55247.8937,-6370999.1617,
291.2500,54529.8271,116.2604,3.9435,0.3626,0.0873,3.3796,55230.1894,-6370992.4748,
291.5000,54557.7701,112.0802,3.6261,0.3483,-0.0873,3.5608,55171.7121,-6370960.9154,
291.7500,54583.4429,106.8769,3.3267,0.3342,0.0873,3.7373,55093.0622,-6370908.5914,
292.0000,54606.2004,102.1374,3.0000,0.3178,-0.0873,3.9112,54994.5794,-6370844.7047,
292.2500,54625.4828,96.9403,2.7258,0.3034,0.0873,4.0832,54895.7025,-6370774.7130,
292.5000,54640.8038,92.7283,2.4560,0.2883,-0.0873,4.2568,54801.6445,-6370713.0565,
292.7500,54651.7909,88.6872,2.2648,0.2770,0.0873,4.4326,54727.0964,-6370661.1141,
293.0000,54658.1764,85.9386,2.1010,0.2669,-0.0059,4.6123,54677.7894,-6370634.2434,
293.2500,54659.8192,84.0724,2.0142,0.2614,0.0873,4.7977,54659.9085,-6370629.6092,
293.5000,54656.6907,85.3402,2.0334,0.2626,-0.0873,4.9650,54674.9450,-6370643.3788,
293.7500,54648.8231,88.4512,2.1663,0.2709,-0.0873,5.0860,54722.0754,-6370673.3266,
294.0000,54636.3134,93.8956,2.4212,0.2862,-0.0873,5.1613,54799.0163,-6370715.6471,
294.2500,54619.2467,101.9442,2.8356,0.3094,-0.0873,5.1915,54904.3828,-6370762.1363,
294.5000,54597.6547,112.6618,3.4504,0.3409,-0.0873,5.1771,55038.9135,-6370806.3088,
294.7500,54571.4994,125.9459,4.3095,0.3803,-0.0873,5.1186,55205.5585,-6370843.6002,
295.0000,54540.6805,141.5566,5.4564,0.4271,-0.0873,5.0166,55408.5872,-6370871.0987,
295.2500,54505.0672,159.1184,6.9275,0.4802,-0.0873,4.8716,55651.6458,-6370886.9200,
295.5000,54464.5545,178.0948,8.7394,0.5380,-0.0873,4.6842,55934.5642,-6370889.1614,
295.7500,54419.1450,197.7491,10.8720,0.5984,-0.0873,4.4548,56248.9052,-6370874.3977,
296.0000,54369.0499,217.1098,13.2476,0.6584,-0.0873,4.1841,56573.0197,-6370836.1113,
296.2500,54314.7965,234.9599,15.7115,0.7146,-0.0873,3.8724,56868.7807,-6370764.3229,
296.5000,54257.0354,251.6362,18.2087,0.7664,0.0873,3.5598,57126.4376,-6370658.9006,
296.7500,54196.6424,265.2370,20.4993,0.8101,0.0733,3.2804,57293.8258,-6370509.0518,
297.0000,54134.8294,275.4057,22.3722,0.8430,0.0873,3.0257,57338.1775,-6370316.4259,
297.2500,54072.7098,282.2694,23.8724,0.8673,-0.0652,2.7953,57280.8884,-6370091.4966,
297.5000,54011.3148,286.8032,24.8304,0.8810,0.0873,2.5856,57112.4885,-6369850.8080,
297.7500,53951.5257,288.0469,25.3125,0.8861,0.0873,2.3933,56864.7617,-6369611.4389,
298.0000,53894.0497,287.1913,25.4429,0.8851,0.0398,2.2189,56569.5802,-6369381.4761,
298.2500,53839.4793,283.9544,25.1440,0.8768,-0.0247,2.0569,56236.3036,-6369181.1507,
298.5000,53788.2309,279.1582,24.4817,0.8623,0.0289,1.9086,55887.8549,-6369020.4072,
298.7500,53740.6185,272.4717,23.5383,0.8429,-0.0181,1.7711,55542.2232,-6368902.2229,
299.0000,53696.8377,264.5557,22.3037,0.8182,0.0873,1.6436,55210.3453,-6368838.3233,
299.2500,53657.0067,255.3631,20.9275,0.7905,0.0873,1.5262,54902.2904,-6368813.6496,
299.5000,53621.1628,244.7721,19.4308,0.7599,-0.0873,1.4162,54623.0264,-6368829.6659,
299.7500,53589.2803,233.7094,17.7547,0.7249,0.0873,1.3133,54376.9543,-6368900.4959,
300.0000,53561.2879,221.2403,16.0637,0.6882,-0.0757,1.2168,54163.3919,-6368998.9922,
300.2500,53537.0749,208.4985,14.2944,0.6482,0.0873,1.1254,53984.5866,-6369138.1342,
300.5000,53516.5005,194.7203,12.5807,0.6073,-0.0630,1.0392,53835.2586,-6369291.5599,
300.7500,53499.3960,180.6696,10.8511,0.5634,0.0873,0.9575,53717.7963,-6369473.7695,
301.0000,53485.5720,165.7648,9.2225,0.5189,-0.0701,0.8796,53624.9044,-6369659.2798,
301.2500,53474.8228,150.7064,7.6375,0.4719,0.0873,0.8051,53557.8044,-6369859.1398,
301.5000,53466.9319,134.9232,6.1929,0.4247,-0.0873,0.7337,53509.3589,-6370051.2773,
301.7500,53461.6607,119.1082,4.8382,0.3752,0.0873,0.6638,53479.7025,-6370244.4572,
302.0000,53458.7674,102.6623,3.6517,0.3259,-0.0873,0.5952,53463.1184,-6370420.9741,
302.2500,53458.0003,86.3575,2.5978,0.2749,0.0873,0.5278,53458.0309,-6370585.3808,
302.5000,53459.3297,70.9688,1.7752,0.2272,0.0873,0.4919,53462.1119,-6370719.8309,
302.7500,53462.7730,57.0322,1.1522,0.1831,0.0873,0.5072,53475.6846,-6370829.7804,
303.0000,53468.4036,46.9560,0.7619,0.1489,0.0873,0.5728,53500.1523,-6370911.3261,
303.2500,53476.4907,44.5079,0.6333,0.1359,0.0873,0.6882,53540.0186,-6370964.0857,
303.5000,53487.4682,51.4992,0.7903,0.1519,0.0873,0.8526,53602.7907,-6370991.2361,
303.7500,53501.8704,65.1958,1.2453,0.1908,0.0873,1.0653,53698.1016,-6370999.6889,
304.0000,53520.2241,82.0334,1.9877,0.2413,0.0873,1.3256,53834.7898,-6370999.1367,
304.2500,53542.8915,99.5735,2.9679,0.2953,0.0873,1.6329,54014.7571,-6370998.5545,
304.5000,53569.8877,116.2844,4.0987,0.3476,0.0535,1.9799,54226.5783,-6370999.9702,
304.7500,53600.9055,131.4652,5.3044,0.3962,0.0823,2.3085,54451.1216,-6370996.3135,
305.0000,53635.1272,144.1756,6.4210,0.4368,0.0501,2.6095,54646.2238,-6370972.4800,
305.2500,53671.4072,154.0767,7.3757,0.4693,0.0707,2.8865,54782.2748,-6370911.9784,
305.5000,53708.4420,161.7875,8.1171,0.4935,-0.0299,3.1442,54839.7873,-6370805.4497,
305.7500,53744.9161,166.8602,8.6537,0.5107,-0.0094,3.3858,54819.1511,-6370653.8226,
306.0000,53779.5849,170.1619,8.9703,0.5211,-0.0873,3.6133,54726.7008,-6370467.8728,
306.2500,53811.3210,171.3460,9.1292,0.5268,-0.0087,3.8298,54587.1870,-6370263.8608,
306.5000,53839.1740,171.3067,9.0871,0.5266,-0.0873,4.0352,54416.6526,-6370066.5213,
306.7500,53862.3561,169.6487,8.9861,0.5244,0.0873,4.2332,54248.4681,-6369886.7450,
307.0000,53880.2900,167.8576,8.7196,0.5172,-0.0873,4.4225,54096.7052,-6369757.3068,
307.2500,53892.5777,164.4365,8.4421,0.5094,0.0873,4.6062,53982.9451,-6369674.4070,
307.5000,53899.0055,161.2298,8.0467,0.4975,-0.0873,4.7861,53916.1698,-6369665.2370,
307.7500,53899.5360,157.6704,7.6998,0.4868,-0.0873,4.9602,53901.1598,-6369706.5984,
308.0000,53894.1965,155.8289,7.5111,0.4806,-0.0873,5.0885,53937.3670,-6369779.3245,
308.2500,53883.0930,155.5026,7.4494,0.4783,-0.0873,5.1583,54021.8628,-6369885.6203,
308.5000,53866.3182,157.9603,7.6375,0.4839,-0.0873,5.1706,54152.8582,-6370003.0376,
308.7500,53843.8709,164.2981,8.2007,0.5007,-0.0873,5.1263,54332.5821,-6370113.1272,
309.0000,53815.6443,175.2375,9.2678,0.5314,-0.0873,5.0262,54566.9328,-6370201.0616,
309.2500,53781.4654,190.9337,10.9627,0.5767,-0.0873,4.8712,54862.4714,-6370254.1663,
309.5000,53741.1852,210.8800,13.3808,0.6355,-0.0873,4.6622,55220.3787,-6370259.8115,
309.7500,53694.8201,233.9112,16.5468,0.7047,-0.0873,4.4001,55627.1890,-6370202.9401,
310.0000,53642.7346,258.2499,20.3552,0.7791,-0.0873,4.0856,56044.1069,-6370064.5479,
310.2500,53585.7700,282.0849,24.5478,0.8525,0.0873,3.7291,56415.4385,-6369832.7727,
310.5000,53524.9030,303.4975,28.8819,0.9211,-0.0809,3.4014,56710.1727,-6369516.6025,
310.7500,53461.7282,321.7383,32.7991,0.9777,0.0873,3.1066,56826.8153,-6369102.8847,
311.0000,53397.8903,335.4949,36.1338,1.0220,0.0873,2.8418,56779.5843,-6368628.4234,
311.2500,53334.9077,344.9228,38.8022,1.0548,-0.0481,2.6030,56590.8255,-6368124.1260,
311.5000,53274.0992,350.9511,40.4941,1.0734,0.0873,2.3848,56266.4294,-6367639.6839,
311.7500,53216.5049,352.7437,41.5352,1.0831,-0.0873,2.1861,55876.9990,-6367189.6101,
312.0000,53162.9473,351.7657,41.7098,1.0816,-0.0873,2.0026,55439.8435,-6366820.8358,
312.2500,53114.0120,348.0160,41.1531,1.0709,-0.0518,1.8333,54994.5312,-6366548.5282,
312.5000,53070.0932,341.5234,39.9894,1.0527,-0.0873,1.6766,54568.5063,-6366378.5832,
312.7500,53031.4115,333.3637,38.2097,1.0264,0.0873,1.5341,54180.1446,-6366329.2348,
313.0000,52998.0420,322.6520,36.1022,0.9955,0.0125,1.3991,53841.7280,-6366368.1251,
313.2500,52969.9613,310.2104,33.6512,0.9594,-0.0873,1.2773,53557.6908,-6366502.1215,
313.5000,52947.0199,296.7038,30.8171,0.9167,0.0873,1.1593,53332.7263,-6366742.2782,
313.7500,52929.0389,281.4634,27.9922,0.8726,-0.0873,1.0514,53158.3175,-6367021.6763,
314.0000,52915.7335,265.5224,24.9144,0.8225,0.0873,0.9468,53037.0038,-6367383.3233,
314.2500,52906.8114,248.0556,21.9401,0.7714,-0.0873,0.8482,52956.4994,-6367762.5365,
314.5000,52901.9195,230.2888,18.9011,0.7157,0.0873,0.7538,52914.3114,-6368183.1991,
314.7500,52900.7098,211.6647,16.0331,0.6591,0.0873,0.6675,52900.6839,-6368601.3919,
315.0000,52903.1136,193.9660,13.4938,0.6047,0.0873,0.6321,52912.3821,-6368991.0157,
315.2500,52909.0945,177.4456,11.2778,0.5530,0.0873,0.6621,52948.9311,-6369352.9245,
315.5000,52918.8129,163.9496,9.5549,0.5093,0.0873,0.7564,53014.8525,-6369666.4062,
315.7500,52932.6991,155.9183,8.4989,0.4807,0.0873,0.9137,53121.5859,-6369916.4783,
316.0000,52951.3632,155.9092,8.2899,0.4753,0.0873,1.1330,53285.2487,-6370091.3048,
316.2500,52975.4253,165.2791,9.0854,0.4983,0.0873,1.4131,53520.0419,-6370179.8256,
316.5000,53005.2519,183.0256,10.9570,0.5483,0.0873,1.7529,53824.4680,-6370167.7494,
316.7500,53040.6154,205.9893,13.7952,0.6165,0.0873,2.1513,54162.0434,-6370033.0569,
317.0000,53080.7189,230.0554,17.2092,0.6903,-0.0873,2.5457,54487.0816,-6369787.9585,
317.2500,53124.0691,252.6430,20.8696,0.7623,0.0873,2.8932,54725.7541,-6369408.8095,
317.5000,53168.5700,272.5044,24.2483,0.8240,-0.0873,3.2081,54803.3169,-6368903.9264,
317.7500,53212.1738,287.9823,27.1225,0.8739,-0.0873,3.4934,54734.9338,-6368326.4765,
318.0000,53253.0019,299.4388,29.4614,0.9132,0.0295,3.7535,54555.8293,-6367720.7635,
318.2500,53289.4596,307.1872,31.0565,0.9398,0.0563,3.9939,54296.4752,-6367154.0256,
318.5000,53320.3034,312.2153,31.9437,0.9551,-0.0873,4.2163,54012.2406,-6366680.0186,
318.7500,53344.6390,312.8045,32.2793,0.9617,0.0873,4.4233,53752.3802,-6366326.4201,
319.0000,53361.8702,311.5694,32.0254,0.9590,0.0556,4.6183,53546.8102,-6366131.1458,
319.2500,53371.7005,308.2394,31.2370,0.9478,-0.0873,4.8015,53418.1401,-6366109.1933,
319.5000,53374.0849,302.1793,30.1895,0.9320,0.0085,4.9751,53374.2204,-6366224.9853,
319.7500,53369.0872,297.1385,29.1362,0.9154,-0.0873,5.1035,53413.7085,-6366436.6198,
320.0000,53356.8156,292.5878,28.2372,0.9005,-0.0873,5.1563,53532.6543,-6366714.2746,
320.2500,53337.3445,290.7069,27.7990,0.8925,-0.0873,5.1350,53730.0537,-6367008.1988,
320.5000,53310.5823,293.6719,28.2330,0.8980,-0.0873,5.0411,54013.0742,-6367261.2253,
320.7500,53276.3020,303.3638,29.9575,0.9231,-0.0873,4.8761,54393.3671,-6367421.1790,
321.0000,53234.2836,320.7938,33.3579,0.9716,-0.0873,4.6414,54875.4116,-6367435.7446,
321.2500,53184.5661,345.4700,38.6759,1.0430,-0.0873,4.3385,55436.1642,-6367249.3845,
321.5000,53127.7867,375.0431,45.8175,1.1312,-0.0873,3.9687,56000.6184,-6366807.5934,
321.7500,53065.2019,405.8323,54.1682,1.2252,0.0754,3.5794,56493.5949,-6366134.6406,
322.0000,52998.6363,434.6229,62.8858,1.3145,0.0873,3.2324,56780.3083,-6365226.4679,
322.2500,52930.4863,459.1329,71.1164,1.3919,0.0873,2.9241,56811.7662,-6364160.4211,
322.5000,52863.0728,477.9571,78.0809,1.4522,0.0873,2.6474,56584.1575,-6363042.6660,
322.7500,52798.3737,491.6570,83.6561,1.4970,0.0820,2.4000,56173.1845,-6361957.4854,
323.0000,52738.0090,499.7349,87.4026,1.5242,0.0873,2.1743,55629.2395,-6361010.5880,
323.2500,52683.1716,502.2554,89.4405,1.5364,-0.0259,1.9687,55032.2705,-6360254.6834,
323.5000,52634.7104,501.0390,89.5799,1.5328,0.0873,1.7791,54435.9299,-6359763.4811,
323.7500,52593.1360,495.6941,88.3870,1.5184,0.0873,1.6063,53894.4753,-6359502.9910,
324.0000,52558.7015,486.5273,86.0958,1.4952,-0.0873,1.4516,53430.8563,-6359459.3418,
324.2500,52531.4215,474.8893,82.1765,1.4581,0.0873,1.3029,53062.6294,-6359725.1065,
324.5000,52511.1700,459.9621,77.7978,1.4168,-0.0873,1.1699,52788.7454,-6360130.8400,
324.7500,52497.6357,443.3074,72.2758,1.3643,0.0873,1.0420,52611.7682,-6360778.7668,
325.0000,52490.4484,423.9147,66.5975,1.3089,-0.0873,0.9237,52514.6860,-6361512.4466,
325.2500,52489.1925,404.2706,60.4775,1.2472,0.0873,0.8242,52489.1856,-6362366.9897,
325.5000,52493.7809,385.0623,54.8690,1.1882,0.0873,0.8016,52525.5959,-6363198.4381,
325.7500,52504.2035,367.8968,49.9088,1.1339,0.0873,0.8640,52625.2474,-6363990.2490,
326.0000,52520.8075,355.7498,46.2824,1.0929,0.0873,1.0095,52802.3969,-6364659.1517,
326.2500,52544.2412,352.0682,44.7168,1.0758,0.0873,1.2362,53082.5768,-6365125.2906,
326.5000,52575.1769,359.8896,45.9308,1.0923,0.0873,1.5420,53486.4983,-6365302.8264,
326.7500,52613.8468,380.0933,50.4095,1.1470,0.0873,1.9251,53996.8007,-6365098.7839,
327.0000,52659.5164,409.0205,57.8613,1.2323,-0.0873,2.3694,54530.1206,-6364464.9894,
327.2500,52710.5933,441.9248,67.1218,1.3315,-0.0873,2.7766,54971.4592,-6363450.0388,
327.5000,52764.3450,473.8181,76.9636,1.4306,-0.0873,3.1350,55175.9327,-6362088.0731,
327.7500,52817.7554,501.7065,86.1815,1.5190,-0.0873,3.4528,55124.0363,-6360542.5377,
328.0000,52868.0091,523.8623,93.8783,1.5906,-0.0873,3.7404,54844.4634,-6358985.3367,
328.2500,52912.7973,540.1436,99.7368,1.6442,-0.0873,4.0004,54428.6521,-6357567.5563,
328.5000,52950.3181,549.8971,103.7936,1.6815,0.0873,4.2387,53972.4155,-6356391.1484,
328.7500,52979.3119,555.0900,105.7896,1.7009,0.0873,4.4557,53551.3898,-6355580.4596,
329.0000,52999.0098,555.5757,105.5739,1.7015,-0.0873,4.6544,53231.3036,-6355231.1039,
329.2500,53009.0292,551.0790,104.5098,1.6942,0.0873,4.8372,53049.5727,-6355176.9354,
329.5000,53009.3558,543.6382,101.4768,1.6697,-0.0873,5.0048,53015.3959,-6355597.9767,
329.7500,53000.0716,536.1802,98.9077,1.6476,-0.0873,5.1089,53125.7110,-6356119.5532,
330.0000,52981.2551,529.5439,96.5017,1.6257,-0.0873,5.1130,53376.4617,-6356781.9155,
330.2500,52952.8423,527.5493,95.6233,1.6156,-0.0873,5.0198,53775.7562,-6357385.6792,
330.5000,52914.5367,533.9886,97.6622,1.6290,-0.0873,4.8319,54343.9127,-6357744.0903,
330.7500,52866.0609,551.8364,103.9652,1.6758,-0.0873,4.5519,55086.4606,-6357668.0664,
331.0000,52807.6633,581.6928,115.4627,1.7597,-0.0873,4.1823,55941.5554,-6356969.7167,
331.2500,52740.6526,619.4169,131.6951,1.8715,0.0873,3.7502,56749.3907,-6355573.2733,
331.5000,52667.2254,659.6109,150.8321,1.9938,-0.0873,3.3586,57365.0534,-6353616.5306,
331.7500,52590.7270,697.7109,170.6959,2.1108,0.0804,3.0140,57536.4908,-6351167.7535,
332.0000,52514.6157,729.4613,189.0471,2.2107,0.0873,2.7057,57286.8787,-6348564.5467,
332.2500,52441.9093,753.8159,204.5046,2.2886,0.0873,2.4297,56698.5648,-6346067.6198,
332.5000,52375.0556,769.3708,216.2554,2.3433,-0.0633,2.1816,55897.4598,-6343894.5453,
332.7500,52315.9116,779.2376,223.5598,2.3735,0.0873,1.9558,55004.6136,-6342246.6285,
333.0000,52265.7076,780.2516,227.0750,2.3842,-0.0816,1.7504,54153.0726,-6341143.4023,
333.2500,52225.1870,776.2007,226.3958,2.3743,-0.0544,1.5627,53411.3483,-6340695.5791,
333.5000,52194.6511,766.7786,221.7163,2.3448,0.0873,1.3898,52834.2332,-6340921.2908,
333.7500,52174.0776,752.2588,214.4937,2.3031,0.0873,1.2374,52437.7365,-6341630.2278,
334.0000,52163.1362,732.4101,204.8683,2.2490,-0.0873,1.0931,52219.1099,-6342802.0878,
334.2500,52161.3753,711.4239,193.1048,2.1830,0.0873,0.9684,52161.7858,-6344388.3769,
334.5000,52168.6735,690.4428,181.7791,2.1187,0.0873,0.9488,52249.8792,-6346021.9000,
334.7500,52185.0820,672.9325,171.8756,2.0621,0.0873,1.0446,52488.5673,-6347576.3718,
335.0000,52211.1689,664.3425,165.9449,2.0293,0.0873,1.2520,52912.1546,-6348733.5033,
335.2500,52247.7354,670.3466,166.6227,2.0378,0.0873,1.5674,53561.2849,-6349161.6474,
335.5000,52295.0396,694.5146,176.0771,2.1008,0.0873,1.9873,54407.2622,-6348514.3608,
335.7500,52351.9588,731.9844,193.5095,2.2100,-0.0873,2.4550,55297.2893,-6346728.5870,
336.0000,52415.7840,777.5723,216.4427,2.3465,-0.0873,2.8686,55953.9620,-6343856.6933,
336.2500,52482.3655,823.0411,241.1656,2.4873,-0.0873,3.2334,56195.5503,-6340241.4276,
336.5000,52547.4102,862.6673,264.1502,2.6140,-0.0215,3.5575,55963.5406,-6336346.8629,
336.7500,52607.0780,894.7884,283.0940,2.7165,-0.0873,3.8473,55365.5421,-6332647.2098,
337.0000,52658.2700,918.0100,297.5519,2.7944,-0.0520,4.1113,54604.8650,-6329449.8261,
337.2500,52698.7090,931.1798,306.6820,2.8446,0.0871,4.3522,53839.2944,-6327072.2599,
337.5000,52726.9030,937.8710,311.0321,2.8703,0.0873,4.5611,53221.5821,-6325615.1002,
337.7500,52742.0079,937.5426,309.9169,2.8684,-0.0873,4.7551,52843.6954,-6325289.9272,
338.0000,52743.7348,930.5743,306.0078,2.8510,-0.0873,4.9345,52748.8804,-6325749.2754,
338.2500,52732.0082,923.3838,301.7773,2.8296,-0.0873,5.0035,52944.0975,-6326630.6933,
338.5000,52706.7686,919.4003,299.1625,2.8133,-0.0873,4.9347,53434.8272,-6327649.2399,
338.7500,52667.7326,925.9937,302.9798,2.8247,-0.0873,4.7333,54245.7311,-6328119.1483,
339.0000,52614.7197,949.5142,317.9358,2.8844,-0.0873,4.4042,55371.0253,-6327358.1494,
339.2500,52548.6603,990.9566,347.2512,3.0024,0.0873,3.9582,56633.3943,-6324749.3525,
339.5000,52472.0973,1044.0743,387.4658,3.1566,0.0873,3.5191,57745.1417,-6320547.0557,
339.7500,52389.4451,1099.9609,434.8998,3.3270,-0.0873,3.1403,58322.5509,-6314916.9421,
340.0000,52305.9706,1151.0437,482.7438,3.4868,-0.0873,2.7983,58151.0902,-6308607.5733,
340.2500,52226.3784,1193.4415,526.0747,3.6214,-0.0873,2.4999,57374.8217,-6302417.7059,
340.5000,52158.3652,1252.3406,578.1936,3.7795,0.0873,2.2104,55402.5799,-6293798.3603,
340.7500,52114.2474,1296.7124,630.9648,3.9360,-0.0560,1.9399,53229.2927,-6284740.2610,
341.0000,52099.2570,1326.0646,661.4192,4.0245,0.0873,1.7063,52126.4909,-6279608.2338,
341.2500,52116.3320,1358.4652,691.9200,4.1190,0.0873,1.6941,52730.3996,-6275804.8462,
341.5000,52166.4166,1425.5309,747.6262,4.2933,0.0873,2.0348,55217.8647,-6269878.4939,
341.7500,52246.9574,1538.8746,856.8052,4.6179,-0.0873,2.4956,58948.0962,-6256974.0824,
342.0000,52348.8746,1687.7121,1015.5292,5.0588,0.0873,2.9259,62172.5871,-6235544.2856,
342.2500,52458.2382,1841.3149,1197.3134,5.5308,-0.0873,3.3195,62804.3372,-6207113.1003,
342.5000,52559.7842,1977.7792,1377.6641,5.9719,0.0873,3.6691,60869.4665,-6175473.8970,
342.7500,52639.1982,2093.0581,1531.6674,6.3308,-0.0873,3.9923,57045.4235,-6145636.0772,
343.0000,52684.4332,2173.0821,1660.2624,6.6132,0.0873,4.2902,53688.0922,-6120582.5855,
343.2500,52686.3028,2227.0919,1742.1916,6.7792,-0.0873,4.5634,52826.4563,-6106435.7236,
343.5000,52639.1773,2286.2253,1837.3408,6.9456,-0.0873,4.5058,56161.3109,-6095976.3556,
343.7500,52541.6088,2407.1923,2035.8665,7.2708,0.0873,4.0617,64006.1577,-6075651.4557,
344.0000,52399.8908,2609.3093,2401.9034,7.8310,-0.0873,3.6403,74147.6056,-6033576.1837,
344.2500,52229.5534,2850.1557,2921.3799,8.5464,0.0873,3.2624,81297.2153,-5966869.8778,
344.5000,52050.1837,2972.7932,3362.8312,9.0668,-0.0873,2.9300,83026.1120,-5909295.8751,
344.7500,51870.5031,2969.7127,3426.0373,9.0490,-0.0873,2.6308,82937.8350,-5910509.3523,
345.0000,51690.5234,2966.5650,3490.2601,9.0309,-0.0873,2.3655,82847.5764,-5911743.4057,
345.2500,51510.2492,2963.3491,3555.5073,9.0127,-0.0873,2.1302,82755.3004,-5912998.2828,
345.5000,51329.6852,2960.0638,3621.7859,8.9943,-0.0873,1.9215,82660.9713,-5914274.2291,
345.7500,51148.8361,2956.7080,3689.1028,8.9758,-0.0873,1.7364,82564.5529,-5915571.4883,
346.0000,50967.7068,2953.2755,3757.4642,8.9570,-0.0873,1.5722,82466.0089,-5916890.3016,
346.2500,50786.3035,2949.7401,3862.0197,8.9461,-0.0873,1.4266,82364.4969,-5918241.6362,
346.5000,50604.6325,2946.1223,3940.5326,8.9352,-0.0873,1.2975,82260.5529,-5919618.0379,
346.7500,50422.6993,2942.4205,4020.5430,8.9241,-0.0873,1.1830,82154.1524,-5921019.5483,
347.0000,50240.5098,2938.6332,4102.0688,8.9126,-0.0873,1.0814,82045.2460,-5922446.5333,
347.2500,50058.0698,2934.7586,4185.1279,8.9009,-0.0873,0.9913,81933.7836,-5923899.3581,
347.5000,49875.3855,2930.7951,4269.7374,8.8890,-0.0873,0.9114,81819.7150,-5925378.3867,
347.7500,49692.4629,2926.7410,4355.9140,8.8767,-0.0873,0.8405,81702.9895,-5926883.9812,
348.0000,49509.3085,2922.5946,4443.6740,8.8642,-0.0873,0.7776,81583.5560,-5928416.5022,
348.2500,49325.9287,2918.3543,4533.0327,8.8514,-0.0873,0.7219,81461.3629,-5929976.3074,
348.5000,49142.3300,2914.0182,4624.0052,8.8383,-0.0873,0.6724,81336.3587,-5931563.7518,
348.7500,48958.5192,2909.5847,4716.6054,8.8249,-0.0873,0.6286,81208.4913,-5933179.1868,
349.0000,48774.5031,2905.0519,4810.8469,8.8113,-0.0873,0.5897,81077.7086,-5934822.9602,
349.2500,48590.2887,2900.4181,4906.7420,8.7973,-0.0873,0.5552,80943.9581,-5936495.4150,
349.5000,48405.8833,2895.6816,5004.3025,8.7830,-0.0873,0.5246,80807.1873,-5938196.8894,
349.7500,48221.2940,2890.8404,5103.5389,8.7684,-0.0873,0.4974,80667.3438,-5939927.7158,
350.0000,48036.5284,2885.8929,5204.4609,8.7534,-0.0873,0.4734,80524.3750,-5941688.2207,
350.2500,47851.5940,2880.8371,5307.0771,8.7382,-0.0873,0.4520,80378.2283,-5943478.7236,
350.5000,47666.4985,2875.6712,5411.3947,8.7226,-0.0873,0.4331,80228.8512,-5945299.5367,
350.7500,47481.2500,2870.3935,5517.4199,8.7066,-0.0873,0.4163,80076.1916,-5947150.9639,
351.0000,47295.8563,2865.0021,5625.1576,8.6903,-0.0873,0.4014,79920.1973,-5949033.3006,
351.2500,47110.3258,2859.4951,5734.6112,8.6737,-0.0873,0.3882,79760.8166,-5950946.8326,
351.5000,46924.6678,2853.7944,6009.4736,8.6583,-0.0873,0.3765,79596.9336,-5952904.5288,
351.7500,46738.8998,2847.8644,6135.9976,8.6487,-0.0873,0.3661,79425.8364,-5954938.2295,
352.0000,46553.0330,2841.7981,6264.9382,8.6387,-0.0873,0.3569,79250.8152,-5957008.2277,
352.2500,46367.0774,2835.5929,6396.3132,8.6283,-0.0873,0.3487,79071.8014,-5959114.9471,
352.5000,46181.0432,2829.2462,6530.1387,8.6174,-0.0873,0.3415,78888.7264,-5961258.8004,
352.7500,45994.9405,2822.7553,6666.4286,8.6061,-0.0873,0.3350,78701.5221,-5963440.1879,
353.0000,45808.7801,2816.1176,6805.1945,8.5943,-0.0873,0.3293,78510.1207,-5965659.4967,
353.2500,45622.5725,2809.3303,6946.4459,8.5821,-0.0873,0.3243,78314.4553,-5967917.0992,
353.5000,45436.3288,2802.3909,7090.1895,8.5694,-0.0873,0.3198,78114.4595,-5970213.3521,
353.7500,45250.0603,2795.2966,7236.4294,8.5562,-0.0854,0.3158,77910.0678,-5972548.5950,
354.0000,45063.7784,2788.0447,7385.1668,8.5425,-0.0805,0.3123,77701.2158,-5974923.1488,
354.2500,44877.4947,2780.6326,7536.4000,8.5283,-0.0757,0.3091,77487.8402,-5977337.3146,
354.5000,44691.2212,2773.0576,7690.1239,8.5135,-0.0709,0.3064,77269.8788,-5979791.3723,
354.7500,44504.9700,2765.3169,7846.3300,8.4983,-0.0662,0.3039,77047.2711,-5982285.5789,
355.0000,44318.7535,2757.4080,8005.0062,8.4825,-0.0615,0.3017,76819.9581,-5984820.1673,
355.2500,44132.5844,2749.3281,8166.1365,8.4661,-0.0569,0.2998,76587.8826,-5987395.3445,
355.5000,43946.4755,2741.0747,8329.7011,8.4492,-0.0523,0.2981,76350.9893,-5990011.2901,
355.7500,43760.4399,2732.6452,8495.6758,8.4317,-0.0477,0.2966,76109.2251,-5992668.1549,
356.0000,43574.4910,2724.0369,8664.0321,8.4137,-0.0432,0.2952,75862.5392,-5995366.0590,
356.2500,43388.6423,2715.2473,8834.7368,8.3950,-0.0387,0.2940,75610.8831,-5998105.0904,
356.5000,43202.9077,2706.2739,9007.7521,8.3758,-0.0341,0.2929,75354.2114,-6000885.3034,
356.7500,43017.3011,2697.1143,9183.0350,8.3559,-0.0296,0.2920,75092.4811,-6003706.7167,
357.0000,42831.8370,2687.7661,9360.5372,8.3354,-0.0252,0.2912,74825.6527,-6006569.3118,
357.2500,42646.5298,2678.2268,9540.2054,8.3143,-0.0207,0.2904,74553.6898,-6009473.0315,
357.5000,42461.3943,2668.4942,9721.9804,8.2926,-0.0162,0.2898,74276.5595,-6012417.7782,
357.7500,42276.4455,2658.5661,9905.7972,8.2702,-0.0117,0.2892,73994.2326,-6015403.4123,
358.0000,42091.6985,2648.4403,10091.5851,8.2471,-0.0072,0.2887,73706.6839,-6018429.7502,
358.2500,41907.1689,2638.1147,10279.2672,8.2234,-0.0027,0.2882,73413.8921,-6021496.5634,
358.5000,41722.8723,2627.5874,10468.7601,8.1989,0.0018,0.2878,73115.8406,-6024603.5763,
358.7500,41538.8245,2616.8564,10659.9742,8.1739,0.0063,0.2874,72812.5170,-6027750.4652,
359.0000,41355.0417,2605.9200,10852.8134,8.1481,0.0108,0.2871,72503.9138,-6030936.8563,
359.2500,41171.5400,2594.7764,11047.1747,8.1216,0.0153,0.2868,72190.0285,-6034162.3249,
359.5000,40988.3361,2583.4240,11242.9484,8.0944,0.0199,0.2866,71870.8637,-6037426.3936,
359.7500,40805.4466,2571.8616,11440.0178,8.0664,0.0244,0.2864,71546.4273,-6040728.5314,
360.0000,40622.8884,2560.0876,11638.2594,8.0378,0.0290,0.2862,71216.7329,-6044068.1521,
360.2500,40440.6784,2548.1009,11837.5425,8.0084,0.0336,0.2860,70881.7996,-6047444.6139,
360.5000,40258.8340,2535.9004,12037.7296,7.9783,0.0382,0.2858,70541.6527,-6050857.2176,
360.7500,40077.3725,2523.4854,12238.6757,7.9474,0.0428,0.2857,70196.3233,-6054305.2065,
361.0000,39896.3113,2510.8550,12440.2290,7.9158,0.0474,0.2856,69845.8489,-6057787.7656,
361.2500,39715.6683,2498.0086,12642.2307,7.8835,0.0520,0.2855,69490.2735,-6061304.0204,
361.5000,39535.4611,2484.9459,12844.5150,7.8503,0.0567,0.2854,69129.6473,-6064853.0373,
361.7500,39355.7078,2471.6666,13046.9091,7.8164,0.0614,0.2853,68764.0273,-6068433.8227,
362.0000,39176.4263,2458.1707,13249.2336,7.7818,0.0661,0.2852,68393.4774,-6072045.3235,
362.2500,38997.6347,2444.4584,13451.3024,7.7464,0.0709,0.2851,68018.0681,-6075686.4267,
362.5000,38819.3514,2430.5301,13652.9232,7.7102,0.0756,0.2851,67637.8770,-6079355.9596,
362.7500,38641.5944,2416.3862,13853.8972,7.6732,0.0804,0.2850,67252.9886,-6083052.6909,
363.0000,38464.3823,2402.0277,14054.0201,7.6355,0.0852,0.2850,66863.4944,-6086775.3306,
363.2500,38287.7333,2387.4554,14253.0816,7.5969,0.0873,0.2849,66469.4929,-6090522.5314,
363.5000,38111.6658,2372.6707,14450.8662,7.5577,0.0873,0.2849,66071.0897,-6094292.8894,
363.7500,37936.1984,2357.6749,14647.1536,7.5176,0.0873,0.2849,65668.3974,-6098084.9458,
364.0000,37761.3493,2342.4699,14841.7188,7.4768,0.0873,0.2848,65261.5355,-6101897.1880,
364.2500,37587.1369,2327.0574,15034.3329,7.4352,0.0873,0.2848,64850.6304,-6105728.0514,
364.5000,37413.5797,2311.4397,15224.7631,7.3929,0.0873,0.2848,64435.8153,-6109575.9216,
364.7500,37240.6958,2295.6193,15412.7737,7.3498,0.0873,0.2848,64017.2302,-6113439.1363,
365.0000,37068.5035,2279.5986,15598.1262,7.3059,0.0873,0.2847,63595.0213,-6117315.9880,
365.2500,36897.0209,2263.3808,15780.5803,7.2613,0.0873,0.2847,63169.3414,-6121204.7261,
365.5000,36726.2659,2246.9689,15959.8942,7.2160,0.0873,0.2847,62740.3495,-6125103.5603,
365.7500,36556.2566,2230.3664,16135.8250,7.1699,0.0873,0.2847,62308.2104,-6129010.6630,
366.0000,36387.0105,2213.5769,16308.1301,7.1232,0.0873,0.2847,61873.0946,-6132924.1733,
366.2500,36218.5452,2196.6043,16476.5672,7.0757,0.0873,0.2847,61435.1783,-6136842.1996,
366.5000,36050.8781,2179.4529,16640.8951,7.0275,0.0873,0.2847,60994.6425,-6140762.8238,
366.7500,35884.0263,2162.1270,16800.8747,6.9786,0.0873,0.2847,60551.6733,-6144684.1047,
367.0000,35718.0068,2144.6313,16956.2694,6.9291,0.0873,0.2847,60106.4612,-6148604.0821,
367.2500,35552.8361,2126.9706,17106.8461,6.8789,0.0873,0.2847,59659.2008,-6152520.7808,
367.5000,35388.5308,2109.1501,17252.3757,6.8280,0.0873,0.2846,59210.0905,-6156432.2148,
367.7500,35225.1069,2091.1751,17392.6340,6.7766,0.0873,0.2846,58759.3322,-6160336.3914,
368.0000,35062.5803,2073.0513,17527.4023,6.7245,0.0873,0.2846,58307.1307,-6164231.3158,
368.2500,34900.9663,2054.7844,17656.4683,6.6718,0.0873,0.2846,57853.6934,-6168114.9954,
368.5000,34740.2803,2036.3803,17779.6266,6.6185,0.0873,0.2846,57399.2296,-6171985.4444,
368.7500,34580.5368,2017.8453,17896.6796,6.5647,0.0873,0.2846,56943.9506,-6175840.6881,
369.0000,34421.7505,1999.1857,18007.4381,6.5103,0.0873,0.2846,56488.0688,-6179678.7674,
369.2500,34263.9353,1980.4081,18111.7218,6.4554,0.0873,0.2846,56031.7971,-6183497.7437,
369.5000,34107.1047,1961.5192,18209.3604,6.4000,0.0873,0.2846,55575.3492,-6187295.7028,
369.7500,33951.2720,1942.5259,18300.1935,6.3442,0.0873,0.2846,55118.9380,-6191070.7596,
370.0000,33796.4500,1923.4350,18384.0717,6.2878,0.0873,0.2846,54662.7763,-6194821.0622,
370.2500,33642.6509,1904.2539,18460.8570,6.2311,0.0873,0.2846,54207.0754,-6198544.7963,
370.5000,33489.8866,1884.9897,18530.4229,6.1739,0.0873,0.2846,53752.0453,-6202240.1890,
370.7500,33338.1683,1865.6497,18592.6555,6.1163,0.0873,0.2846,53297.8936,-6205905.5131,
371.0000,33187.5071,1846.2413,18647.4533,6.0583,0.0873,0.2846,52844.8256,-6209539.0903,
371.2500,33037.9132,1826.7722,18694.7276,6.0000,0.0873,0.2846,52393.0439,-6213139.2951,
371.5000,32889.3965,1807.2497,18734.4031,5.9414,0.0873,0.2846,51942.7472,-6216704.5582,
371.7500,32741.9663,1787.6816,18766.4175,5.8825,0.0873,0.2846,51494.1309,-6220233.3692,
372.0000,32595.6316,1768.0753,18790.7225,5.8234,0.0873,0.2846,51047.3859,-6223724.2800,
372.2500,32450.4005,1748.4385,18807.2831,5.7639,0.0873,0.2846,50602.6988,-6227175.9071,
372.5000,32306.2809,1728.7789,18816.0779,5.7043,0.0873,0.2846,50160.2512,-6230586.9340,
372.7500,32163.2800,1709.1040,18817.0992,5.6445,0.0873,0.2846,49720.2194,-6233956.1135,
373.0000,32021.4045,1689.4214,18810.3528,5.5845,0.0873,0.2846,49282.7743,-6237282.2693,
373.2500,31880.6697,1669.4757,19077.9642,5.5217,0.0873,0.2846,48843.8288,-6240596.3713,
373.5000,31741.0972,1649.5136,19025.5035,5.4575,0.0873,0.2846,48405.9876,-6243878.7228,
373.7500,31602.6897,1629.5974,18965.6033,5.3933,0.0873,0.2846,47971.9903,-6247108.8623,
374.0000,31465.4493,1609.7338,18898.3871,5.3293,0.0873,0.2846,47541.9570,-6250286.1723,
374.2500,31329.3774,1589.9296,18823.9881,5.2654,0.0873,0.2846,47115.9999,-6253410.1165,
374.5000,31194.4751,1570.1915,18742.5494,5.2017,0.0873,0.2846,46694.2234,-6256480.2395,
374.7500,31060.7427,1550.5256,18654.2222,5.1382,0.0873,0.2846,46276.7240,-6259496.1648,
375.0000,30928.1805,1530.9383,18559.1664,5.0749,0.0873,0.2846,45863.5906,-6262457.5929,
375.2500,30796.7878,1511.4353,18457.5488,5.0118,0.0873,0.2846,45454.9043,-6265364.3002,
375.5000,30666.5637,1492.0225,18349.5433,4.9489,0.0873,0.2846,45050.7385,-6268216.1361,
375.7500,30537.5070,1472.7053,18235.3298,4.8864,0.0873,0.2846,44651.1593,-6271013.0211,
376.0000,30409.6157,1453.4890,18115.0937,4.8241,0.0873,0.2846,44256.2253,-6273754.9444,
376.2500,30282.8878,1434.3786,17989.0249,4.7621,0.0873,0.2846,43865.9879,-6276441.9613,
376.5000,30157.3206,1415.3791,17857.3180,4.7004,0.0873,0.2846,43480.4916,-6279074.1904,
376.7500,30032.9112,1396.4948,17720.1705,4.6390,0.0873,0.2846,43099.7741,-6281651.8109,
377.0000,29909.6561,1377.7303,17577.7834,4.5780,0.0873,0.2846,42723.8661,-6284175.0598,
377.2500,29787.5517,1359.0896,17430.3597,4.5174,0.0873,0.2846,42352.7924,-6286644.2289,
377.5000,29666.5939,1340.5766,17278.1041,4.4571,0.0873,0.2846,41986.5713,-6289059.6616,
377.7500,29546.7785,1322.1949,17121.2228,4.3973,0.0873,0.2846,41625.2153,-6291421.7505,
378.0000,29428.1007,1303.9480,16959.9225,4.3378,0.0873,0.2846,41268.7310,-6293730.9335,
378.2500,29310.5556,1285.8391,16794.4102,4.2787,0.0873,0.2846,40917.1200,-6295987.6916,
378.5000,29194.1380,1267.8711,16624.8926,4.2201,0.0873,0.2846,40570.3783,-6298192.5452,
378.7500,29078.8424,1250.0467,16451.5759,4.1619,0.0873,0.2846,40228.4972,-6300346.0517,
379.0000,28964.6631,1232.3686,16274.6650,4.1042,0.0873,0.2846,39891.4634,-6302448.8021,
379.2500,28851.5943,1214.8391,16094.3636,4.0469,0.0873,0.2846,39559.2593,-6304501.4182,
379.5000,28739.6297,1197.4602,15910.8735,3.9900,0.0873,0.2846,39231.8629,-6306504.5502,
379.7500,28628.7631,1180.2340,15724.3945,3.9337,0.0873,0.2846,38909.2487,-6308458.8731,
380.0000,28518.9879,1163.1622,15535.1241,3.8778,0.0873,0.2846,38591.3875,-6310365.0847,
380.2500,28410.2975,1146.2463,15343.2570,3.8224,0.0873,0.2846,38278.2469,-6312223.9029,
380.5000,28302.6850,1129.4877,15148.9853,3.7675,0.0873,0.2846,37969.7915,-6314036.0628,
380.7500,28196.1436,1112.8877,14952.4982,3.7130,0.0873,0.2846,37665.9829,-6315802.3147,
381.0000,28090.6661,1096.4474,14753.9816,3.6591,0.0873,0.2846,37366.7804,-6317523.4218,
381.2500,27986.2454,1080.1676,14553.6181,3.6057,0.0873,0.2846,37072.1410,-6319200.1576,
381.5000,27882.8742,1064.0491,14351.5870,3.5527,0.0873,0.2846,36782.0196,-6320833.3043,
381.7500,27780.5450,1048.0926,14148.0640,3.5003,0.0873,0.2846,36496.3692,-6322423.6505,
382.0000,27679.2505,1032.2985,13943.2213,3.4484,0.0873,0.2846,36215.1414,-6323971.9897,
382.2500,27578.9832,1016.6673,13737.2276,3.3970,0.0873,0.2846,35938.2863,-6325479.1178,
382.5000,27479.7353,1001.1993,13530.2477,3.3461,0.0873,0.2846,35665.7527,-6326945.8326,
382.7500,27381.4994,985.8947,13322.4430,3.2957,0.0873,0.2846,35397.4887,-6328372.9312,
383.0000,27284.2677,970.7535,13113.9711,3.2458,0.0873,0.2846,35133.4412,-6329761.2092,
383.2500,27188.0325,955.7757,12904.9859,3.1965,0.0873,0.2846,34873.5569,-6331111.4594,
383.5000,27092.7861,940.9614,12695.6376,3.1477,0.0873,0.2846,34617.7816,-6332424.4703,
383.7500,26998.5207,926.3103,12486.0730,3.0994,0.0873,0.2846,34366.0610,-6333701.0253,
384.0000,26905.2285,911.8222,12276.4350,3.0516,0.0873,0.2846,34118.3406,-6334941.9015,
384.2500,26812.9017,897.4969,12066.8632,3.0043,0.0873,0.2846,33874.5658,-6336147.8689,
384.5000,26721.5326,883.3341,11857.4936,2.9575,0.0873,0.2846,33634.6821,-6337319.6898,
384.7500,26631.1132,869.3334,11648.4585,2.9113,0.0873,0.2846,33398.6352,-6338458.1177,
385.0000,26541.6357,855.4945,11439.8870,2.8656,0.0873,0.2846,33166.3711,-6339563.8972,
385.2500,26453.0924,841.8168,11231.9047,2.8203,0.0873,0.2846,32937.8361,-6340637.7628,
385.5000,26365.4753,828.3001,11024.6340,2.7756,0.0873,0.2846,32712.9769,-6341680.4392,
385.7500,26278.7768,814.9438,10818.1937,2.7315,0.0873,0.2846,32491.7411,-6342692.6404,
386.0000,26192.9889,801.7475,10612.6995,2.6878,0.0873,0.2846,32274.0765,-6343675.0694,
386.2500,26108.1038,788.7106,10408.2639,2.6446,0.0873,0.2846,32059.9317,-6344628.4182,
386.5000,26024.1137,775.8327,10204.9960,2.6020,0.0873,0.2846,31849.2561,-6345553.3676,
386.7500,25941.0108,763.1132,10003.0018,2.5598,0.0873,0.2846,31641.9998,-6346450.5869,
387.0000,25858.7873,750.5518,9802.3842,2.5182,0.0873,0.2846,31438.1136,-6347320.7338,
387.2500,25777.4353,738.1478,9603.2428,2.4770,0.0873,0.2846,31237.5492,-6348164.4546,
387.5000,25696.9470,725.9008,9405.6742,2.4364,0.0873,0.2846,31040.2591,-6348982.3840,
387.7500,25617.3146,713.8103,9209.7716,2.3963,0.0873,0.2846,30846.1966,-6349775.1451,
388.0000,25538.5303,701.8759,9015.6252,2.3567,0.0873,0.2846,30655.3161,-6350543.3498,
388.2500,25460.5861,690.0971,8823.3220,2.3176,0.0873,0.2846,30467.5723,-6351287.5986,
388.5000,25383.4742,678.4734,8632.9459,2.2790,0.0873,0.2846,30282.9214,-6352008.4809,
388.7500,25307.1868,667.0044,8444.5774,2.2409,0.0873,0.2846,30101.3199,-6352706.5750,
389.0000,25231.7159,655.6896,8258.2940,2.2032,0.0873,0.2846,29922.7253,-6353382.4484,
389.2500,25157.0537,644.5288,8074.1696,2.1661,0.0873,0.2846,29747.0959,-6354036.6581,
389.5000,25083.1921,633.5213,7892.2751,2.1295,0.0873,0.2846,29574.3907,-6354669.7506,
389.7500,25010.1233,622.6670,7712.6780,2.0934,0.0873,0.2846,29404.5695,-6355282.2621,
390.0000,24937.8391,611.9653,7535.4423,2.0578,0.0873,0.2846,29237.5928,-6355874.7189,
390.2500,24866.3315,601.4160,7360.6287,2.0227,0.0873,0.2846,29073.4216,-6356447.6375,
390.5000,24795.5926,591.0185,7188.2945,1.9880,0.0873,0.2846,28912.0177,-6357001.5249,
390.7500,24725.6140,580.7727,7018.4934,1.9539,0.0873,0.2846,28753.3433,-6357536.8787,
391.0000,24656.3878,570.6781,6851.2755,1.9202,0.0873,0.2846,28597.3613,-6358054.1874,
391.2500,24587.9056,560.7343,6686.6875,1.8871,0.0873,0.2846,28444.0350,-6358553.9306,
391.5000,24520.1593,550.9410,6524.7725,1.8544,0.0873,0.2846,28293.3283,-6359036.5793,
391.7500,24453.1405,541.2978,6365.5699,1.8223,0.0873,0.2846,28145.2052,-6359502.5958,
392.0000,24386.8408,531.8043,6209.1153,1.7906,0.0873,0.2846,27999.6303,-6359952.4342,
392.2500,24321.2519,522.4601,6055.4410,1.7594,0.0873,0.2846,27856.5685,-6360386.5404,
392.5000,24256.3653,513.2649,5904.5752,1.7287,0.0873,0.2846,27715.9849,-6360805.3524,
392.7500,24192.1725,504.2182,5756.5428,1.6985,0.0873,0.2846,27577.8449,-6361209.3001,
393.0000,24128.6648,495.3195,5611.3647,1.6688,0.0873,0.2846,27442.1140,-6361598.8058,
393.2500,24065.8338,486.5683,5469.0584,1.6395,0.0873,0.2846,27308.7579,-6361974.2844,
393.5000,24003.6706,477.9643,5329.6375,1.6108,0.0873,0.2846,27177.7426,-6362336.1430,
393.7500,23942.1666,469.5068,5193.1122,1.5825,0.0873,0.2846,27049.0338,-6362684.7814,
394.0000,23881.3130,461.1953,5059.4888,1.5547,0.0873,0.2846,26922.5977,-6363020.5920,
394.2500,23821.1009,453.0292,4928.7705,1.5274,0.0873,0.2846,26798.4002,-6363343.9601,
394.5000,23761.5215,445.0079,4800.9567,1.5005,0.0873,0.2846,26676.4074,-6363655.2637,
394.7500,23702.5658,437.1306,4676.0435,1.4742,0.0873,0.2846,26556.5853,-6363954.8736,
395.0000,23644.2250,429.3967,4554.0235,1.4483,0.0873,0.2846,26438.9000,-6364243.1534,
395.2500,23586.4898,421.8055,4434.8864,1.4228,0.0873,0.2846,26323.3172,-6364520.4596,
395.5000,23529.3514,414.3560,4318.6184,1.3979,0.0873,0.2846,26209.8030,-6364787.1419,
395.7500,23472.8006,407.0476,4205.2028,1.3734,0.0873,0.2846,26098.3233,-6365043.5425,
396.0000,23416.8284,399.8791,4094.6200,1.3494,0.0873,0.2846,25988.8437,-6365289.9967,
396.2500,23361.4255,392.8498,3986.8474,1.3258,0.0873,0.2846,25881.3300,-6365526.8328,
396.5000,23306.5830,385.9587,3881.8600,1.3027,0.0873,0.2846,25775.7479,-6365754.3719,
396.7500,23252.2914,379.2046,3779.6298,1.2801,0.0873,0.2846,25672.0630,-6365972.9279,
397.0000,23198.5419,372.5864,3680.1267,1.2579,0.0873,0.2846,25570.2408,-6366182.8080,
397.2500,23145.3250,366.1031,3583.3183,1.2361,0.0873,0.2846,25470.2468,-6366384.3119,
397.5000,23092.6318,359.7534,3489.1698,1.2148,0.0873,0.2846,25372.0466,-6366577.7324,
397.7500,23040.4529,353.5361,3397.6447,1.1939,0.0873,0.2846,25275.6055,-6366763.3552,
398.0000,22988.7794,347.4499,3308.7045,1.1735,0.0873,0.2846,25180.8892,-6366941.4587,
398.2500,22937.6019,341.4934,3222.3089,1.1535,0.0873,0.2846,25087.8632,-6367112.3146,
398.5000,22886.9115,335.6653,3138.4162,1.1339,0.0873,0.2846,24996.4929,-6367276.1872,
398.7500,22836.6991,329.9641,3056.9832,1.1148,0.0873,0.2846,24906.7442,-6367433.3339,
399.0000,22786.9556,324.3883,2977.9656,1.0960,0.0873,0.2846,24818.5827,-6367584.0051,
399.2500,22737.6721,318.9365,2901.3176,1.0777,0.0873,0.2846,24731.9743,-6367728.4440,
399.5000,22688.8396,313.6070,2826.9930,1.0598,0.0873,0.2846,24646.8850,-6367866.8871,
399.7500,22640.4467,308.4740,2755.5929,1.0424,0.0873,0.2846,24563.7304,-6367998.8570,
400.0000,22592.4512,303.7756,2691.5648,1.0264,0.0873,0.2846,24485.5886,-6368119.7970,
400.2500,22544.7956,299.4813,2634.8522,1.0118,0.0873,0.2846,24412.4119,-6368230.2146,
400.5000,22497.4285,295.5442,2584.5054,0.9984,0.0873,0.2846,24343.5318,-6368331.5265,
400.7500,22450.3049,291.9249,2539.7372,0.9861,0.0873,0.2846,24278.3914,-6368424.9061,
401.0000,22403.3850,288.5893,2499.8893,0.9748,0.0873,0.2846,24216.5226,-6368511.3334,
401.2500,22356.6329,285.5085,2464.4069,0.9644,0.0873,0.2846,24157.5285,-6368591.6338,
401.5000,22310.0172,282.6571,2432.8188,0.9547,0.0873,0.2846,24101.0702,-6368666.5071,
401.7500,22263.5091,280.0133,2404.7225,0.9458,0.0873,0.2846,24046.8562,-6368736.5508,
402.0000,22217.0834,277.5578,2379.7715,0.9375,0.0873,0.2846,23994.6340,-6368802.2780,
402.2500,22170.7168,275.2736,2357.6661,0.9297,0.0873,0.2846,23944.1838,-6368864.1319,
402.5000,22124.3887,273.1459,2338.1458,0.9226,0.0873,0.2846,23895.3128,-6368922.4970,
402.7500,22078.0803,271.1612,2320.9826,0.9159,0.0873,0.2846,23847.8514,-6368977.7090,
403.0000,22031.7747,269.3077,2305.9763,0.9096,0.0873,0.2846,23801.6494,-6369030.0618,
403.2500,21985.4565,267.5748,2292.9505,0.9038,0.0873,0.2846,23756.5731,-6369079.8140,
403.5000,21939.1118,265.9529,2281.7485,0.8984,0.0873,0.2846,23712.5032,-6369127.1940,
403.7500,21892.7280,264.4333,2272.2314,0.8933,0.0873,0.2846,23669.3326,-6369172.4043,
404.0000,21846.2936,263.0084,2264.2747,0.8885,0.0873,0.2846,23626.9648,-6369215.6248,
404.2500,21799.7982,261.6709,2257.7671,0.8840,0.0873,0.2846,23585.3129,-6369257.0161,
404.5000,21753.2325,260.4145,2252.6085,0.8798,0.0873,0.2846,23544.2975,-6369296.7217,
404.7500,21706.5879,259.2333,2248.7087,0.8759,0.0873,0.2846,23503.8470,-6369334.8706,
405.0000,21659.8567,258.1218,2245.9859,0.8722,0.0873,0.2846,23463.8955,-6369371.5785,
405.2500,21613.0320,257.0751,2244.3660,0.8687,0.0873,0.2846,23424.3829,-6369406.9500,
405.5000,21566.1076,256.0887,2243.7815,0.8654,0.0873,0.2846,23385.2542,-6369441.0792,
405.7500,21519.0778,255.1584,2244.1708,0.8623,0.0873,0.2846,23346.4586,-6369474.0517,
406.0000,21471.9375,254.2803,2245.4777,0.8594,0.0873,0.2846,23307.9493,-6369505.9448,
406.2500,21424.6824,253.4509,2247.6505,0.8567,0.0873,0.2846,23269.6831,-6369536.8290,
406.5000,21377.3083,252.6669,2250.6418,0.8541,0.0873,0.2846,23231.6199,-6369566.7683,
406.7500,21329.8119,251.9251,2254.4078,0.8516,0.0873,0.2846,23193.7226,-6369595.8212,
407.0000,21282.1899,251.2227,2258.9083,0.8493,0.0873,0.2846,23155.9569,-6369624.0408,
407.2500,21234.4398,250.5572,2264.1058,0.8472,0.0873,0.2846,23118.2905,-6369651.4761,
407.5000,21186.5592,249.9259,2269.9658,0.8451,0.0873,0.2846,23080.6937,-6369678.1716,
407.7500,21138.5461,249.3266,2276.4561,0.8431,0.0873,0.2846,23043.1387,-6369704.1682,
408.0000,21090.3991,248.7572,2283.5470,0.8413,0.0873,0.2846,23005.5995,-6369729.5035,
408.2500,21042.1166,248.2156,2291.2105,0.8395,0.0873,0.2846,22968.0519,-6369754.2119,
408.5000,20993.6978,247.7000,2299.4207,0.8379,0.0873,0.2846,22930.4733,-6369778.3251,
408.7500,20945.1418,247.2086,2308.1535,0.8363,0.0873,0.2846,22892.8426,-6369801.8724,
409.0000,20896.4482,246.7397,2317.3860,0.8348,0.0873,0.2846,22855.1400,-6369824.8807,
409.2500,20847.6166,246.2919,2327.0970,0.8333,0.0873,0.2846,22817.3472,-6369847.3747,
409.5000,20798.6471,245.8636,2337.2667,0.8320,0.0873,0.2846,22779.4469,-6369869.3773,
409.7500,20749.5397,245.4535,2347.8763,0.8307,0.0873,0.2846,22741.4231,-6369890.9097,
410.0000,20700.2948,245.0603,2358.9082,0.8294,0.0873,0.2846,22703.2609,-6369911.9914,
410.2500,20650.9129,244.6829,2370.3460,0.8282,0.0873,0.2846,22664.9462,-6369932.6406,
410.5000,20601.3947,244.3200,2382.1740,0.8271,0.0873,0.2846,22626.4662,-6369952.8739,
410.7500,20551.7410,243.9708,2394.3776,0.8260,0.0873,0.2846,22587.8087,-6369972.7070,
411.0000,20501.9529,243.6341,2406.9431,0.8249,0.0873,0.2846,22548.9626,-6369992.1541,
411.2500,20452.0314,243.3090,2419.8575,0.8239,0.0873,0.2846,22509.9175,-6370011.2287,
411.5000,20401.9777,242.9948,2433.1084,0.8229,0.0873,0.2846,22470.6639,-6370029.9432,
411.7500,20351.7932,242.6904,2446.6843,0.8220,0.0873,0.2846,22431.1929,-6370048.3091,
412.0000,20301.4795,242.3953,2460.5743,0.8211,0.0873,0.2846,22391.4966,-6370066.3371,
412.2500,20251.0380,242.1087,2474.7681,0.8202,0.0873,0.2846,22351.5673,-6370084.0374,
412.5000,20200.4703,241.8298,2489.2561,0.8194,0.0873,0.2846,22311.3986,-6370101.4192,
412.7500,20149.7784,241.5581,2504.0289,0.8185,0.0873,0.2846,22270.9841,-6370118.4912,
413.0000,20098.9638,241.2930,2519.0781,0.8177,0.0873,0.2846,22230.3185,-6370135.2616,
413.2500,20048.0286,241.0339,2534.3955,0.8169,0.0873,0.2846,22189.3968,-6370151.7380,
413.5000,19996.9747,240.7797,2549.9733,0.8162,0.0873,0.2846,22148.2146,-6370167.9276,
413.7500,19945.8057,240.5167,2582.9297,0.8153,0.0873,0.2846,22106.5487,-6370183.9212,
414.0000,19894.5248,240.2615,2598.1756,0.8144,0.0873,0.2846,22064.6251,-6370199.6353,
414.2500,19843.1335,240.0134,2613.7096,0.8136,0.0873,0.2846,22022.4863,-6370215.0595,
414.5000,19791.6331,239.7718,2629.5227,0.8127,0.0873,0.2846,21980.1265,-6370230.2014,
414.7500,19740.0255,239.5363,2645.6064,0.8119,0.0873,0.2846,21937.5406,-6370245.0683,
415.0000,19688.3121,239.3063,2661.9529,0.8112,0.0873,0.2846,21894.7240,-6370259.6672,
415.2500,19636.4948,239.0813,2678.5547,0.8104,0.0873,0.2846,21851.6727,-6370274.0043,
415.5000,19584.5753,238.8609,2695.4048,0.8096,0.0873,0.2846,21808.3833,-6370288.0859,
415.7500,19532.5555,238.6447,2712.4966,0.8089,0.0873,0.2846,21764.8528,-6370301.9175,
416.0000,19480.4371,238.4323,2729.8241,0.8082,0.0873,0.2846,21721.0788,-6370315.5046,
416.2500,19428.2222,238.2233,2747.3816,0.8075,0.0873,0.2846,21677.0591,-6370328.8523,
416.5000,19375.9127,238.0175,2765.1636,0.8068,0.0873,0.2846,21632.7922,-6370341.9654,
416.7500,19323.5105,237.8145,2783.1652,0.8061,0.0873,0.2846,21588.2770,-6370354.8486,
417.0000,19271.0175,237.6140,2801.3817,0.8054,0.0873,0.2846,21543.5126,-6370367.5061,
417.2500,19218.4359,237.4158,2819.8088,0.8047,0.0873,0.2846,21498.4986,-6370379.9423,
417.5000,19165.7677,237.2196,2838.4424,0.8041,0.0873,0.2846,21453.2350,-6370392.1609,
417.7500,19113.0148,237.0253,2857.2790,0.8034,0.0873,0.2846,21407.7219,-6370404.1660,
418.0000,19060.1793,236.8326,2876.3149,0.8028,0.0873,0.2846,21361.9600,-6370415.9611,
418.2500,19007.2632,236.6413,2895.5471,0.8021,0.0873,0.2846,21315.9501,-6370427.5497,
418.5000,18954.2687,236.4512,2914.9726,0.8015,0.0873,0.2846,21269.6933,-6370438.9354,
418.7500,18901.1978,236.2623,2934.5887,0.8008,0.0873,0.2846,21223.1911,-6370450.1212,
419.0000,18848.0524,236.0743,2954.3932,0.8002,0.0873,0.2846,21176.4450,-6370461.1105,
419.2500,18794.8350,235.8821,2974.3066,0.7995,0.0873,0.2846,21129.3970,-6370471.9200,
419.5000,18741.5498,235.6787,2994.1086,0.7989,0.0873,0.2846,21081.8826,-6370482.5894,
419.7500,18688.2015,235.4639,3013.7803,0.7981,0.0873,0.2846,21033.8979,-6370493.1209,
420.0000,18634.7947,235.2380,3033.3148,0.7974,0.0873,0.2846,20985.4486,-6370503.5141,
420.2500,18581.3342,235.0007,3052.7058,0.7966,0.0873,0.2846,20936.5410,-6370513.7689,
420.5000,18527.8247,234.7524,3071.9468,0.7957,0.0873,0.2846,20887.1813,-6370523.8852,
420.7500,18474.2706,234.4928,3091.0314,0.7949,0.0873,0.2846,20837.3761,-6370533.8630,
421.0000,18420.6766,234.2222,3109.9534,0.7940,0.0873,0.2846,20787.1321,-6370543.7022,
421.2500,18367.0472,233.9406,3128.7069,0.7930,0.0873,0.2846,20736.4562,-6370553.4027,
421.5000,18313.3869,233.6481,3147.2856,0.7920,0.0873,0.2846,20685.3556,-6370562.9647,
421.7500,18259.7002,233.3446,3165.6839,0.7910,0.0873,0.2846,20633.8375,-6370572.3884,
422.0000,18205.9914,233.0304,3183.8960,0.7900,0.0873,0.2846,20581.9093,-6370581.6737,
422.2500,18152.2650,232.7054,3201.9164,0.7889,0.0873,0.2846,20529.5788,-6370590.8210,
422.5000,18098.5254,232.3698,3219.7395,0.7877,0.0873,0.2846,20476.8536,-6370599.8305,
422.7500,18044.7766,232.0237,3237.3602,0.7866,0.0873,0.2846,20423.7418,-6370608.7024,
423.0000,17991.0232,231.6672,3254.7733,0.7854,0.0873,0.2846,20370.2514,-6370617.4372,
423.2500,17937.2691,231.3003,3271.9738,0.7841,0.0873,0.2846,20316.3907,-6370626.0352,
423.5000,17883.5187,230.9233,3288.9569,0.7829,0.0873,0.2846,20262.1680,-6370634.4968,
423.7500,17829.7759,230.5361,3305.7180,0.7816,0.0873,0.2846,20207.5918,-6370642.8225,
424.0000,17776.0449,230.1389,3322.2527,0.7802,0.0873,0.2846,20152.6708,-6370651.0129,
424.2500,17722.3296,229.7319,3338.5565,0.7788,0.0873,0.2846,20097.4137,-6370659.0684,
424.5000,17668.6340,229.3152,3354.6254,0.7774,0.0873,0.2846,20041.8293,-6370666.9898,
424.7500,17614.9620,228.8889,3370.4554,0.7760,0.0873,0.2846,19985.9266,-6370674.7776,
425.0000,17561.3175,228.4532,3386.0428,0.7745,0.0873,0.2846,19929.7145,-6370682.4325,
425.2500,17507.7043,228.0081,3401.3839,0.7730,0.0873,0.2846,19873.2023,-6370689.9554,
425.5000,17454.1260,227.5539,3416.4755,0.7715,0.0873,0.2846,19816.3990,-6370697.3468,
425.7500,17400.5865,227.0906,3431.3142,0.7699,0.0873,0.2846,19759.3140,-6370704.6077,
426.0000,17347.0892,226.6185,3445.8971,0.7683,0.0873,0.2846,19701.9565,-6370711.7389,
426.2500,17293.6378,226.1377,3460.2214,0.7667,0.0873,0.2846,19644.3358,-6370718.7414,
426.5000,17240.2359,225.6484,3474.2843,0.7651,0.0873,0.2846,19586.4615,-6370725.6159,
426.7500,17186.8868,225.1506,3488.0835,0.7634,0.0873,0.2846,19528.3429,-6370732.3635,
427.0000,17133.5940,224.6446,3501.6167,0.7617,0.0873,0.2846,19469.9896,-6370738.9852,
427.2500,17080.3607,224.1306,3514.8819,0.7599,0.0873,0.2846,19411.4109,-6370745.4820,
427.5000,17027.1904,223.6087,3527.8771,0.7582,0.0873,0.2846,19352.6164,-6370751.8550,
427.7500,16974.0862,223.0791,3540.6008,0.7564,0.0873,0.2846,19293.6156,-6370758.1053,
428.0000,16921.0512,222.5419,3553.0514,0.7546,0.0873,0.2846,19234.4181,-6370764.2339,
428.2500,16868.0886,221.9973,3565.2276,0.7527,0.0873,0.2846,19175.0332,-6370770.2421,
428.5000,16815.2015,221.4456,3577.1285,0.7509,0.0873,0.2846,19115.4706,-6370776.1310,
428.7500,16762.3927,220.8868,3588.7530,0.7490,0.0873,0.2846,19055.7395,-6370781.9018,
429.0000,16709.6652,220.3212,3600.1004,0.7471,0.0873,0.2846,18995.8496,-6370787.5558,
429.2500,16657.0219,219.7490,3611.1702,0.7451,0.0873,0.2846,18935.8101,-6370793.0943,
429.5000,16604.4655,219.1703,3621.9621,0.7432,0.0873,0.2846,18875.6304,-6370798.5184,
429.7500,16551.9988,218.5852,3632.4759,0.7412,0.0873,0.2846,18815.3199,-6370803.8296,
430.0000,16499.6245,217.9941,3642.7117,0.7392,0.0873,0.2846,18754.8876,-6370809.0290,
430.2500,16447.3451,217.3971,3652.6695,0.7372,0.0873,0.2846,18694.3429,-6370814.1182,
430.5000,16395.1633,216.7943,3662.3498,0.7351,0.0873,0.2846,18633.6948,-6370819.0984,
430.7500,16343.0814,216.1860,3671.7530,0.7331,0.0873,0.2846,18572.9524,-6370823.9710,
431.0000,16291.1019,215.5723,3680.8800,0.7310,0.0873,0.2846,18512.1246,-6370828.7374,
431.2500,16239.2272,214.9534,3689.7316,0.7289,0.0873,0.2846,18451.2202,-6370833.3990,
431.5000,16187.4595,214.3295,3698.3088,0.7268,0.0873,0.2846,18390.2481,-6370837.9573,
431.7500,16135.8012,213.7008,3706.6127,0.7247,0.0873,0.2846,18329.2169,-6370842.4136,
432.0000,16084.2543,213.0674,3714.6448,0.7225,0.0873,0.2846,18268.1352,-6370846.7694,
432.2500,16032.8209,212.4296,3722.4064,0.7204,0.0873,0.2846,18207.0115,-6370851.0262,
432.5000,15981.5032,211.7876,3729.8993,0.7182,0.0873,0.2846,18145.8541,-6370855.1855,
432.7500,15930.3032,211.1414,3737.1253,0.7160,0.0873,0.2846,18084.6714,-6370859.2486,
433.0000,15879.2226,210.4913,3744.0861,0.7138,0.0873,0.2846,18023.4713,-6370863.2170,
433.2500,15828.2635,209.8376,3750.7839,0.7116,0.0873,0.2846,17962.2620,-6370867.0924,
433.5000,15777.4276,209.1802,3757.2208,0.7094,0.0873,0.2846,17901.0513,-6370870.8760,
433.7500,15726.7166,208.5195,3763.3991,0.7071,0.0873,0.2846,17839.8470,-6370874.5694,
434.0000,15676.1324,207.8556,3769.3212,0.7049,0.0873,0.2846,17778.6566,-6370878.1742,
434.2500,15625.6764,207.1887,3774.9897,0.7026,0.0873,0.2846,17717.4878,-6370881.6917,
434.5000,15575.3503,206.5189,3780.4071,0.7003,0.0873,0.2846,17656.3478,-6370885.1234,
434.7500,15525.1556,205.8464,3785.5762,0.6981,0.0873,0.2846,17595.2438,-6370888.4709,
435.0000,15475.0937,205.1715,3790.4999,0.6958,0.0873,0.2846,17534.1830,-6370891.7356,
435.2500,15425.1661,204.4942,3795.1810,0.6935,0.0873,0.2846,17473.1723,-6370894.9191,
435.5000,15375.3742,203.8147,3799.6226,0.6912,0.0873,0.2846,17412.2184,-6370898.0226,
435.7500,15325.7191,203.1332,3803.8278,0.6889,0.0873,0.2846,17351.3280,-6370901.0479,
436.0000,15276.2022,202.4498,3807.7997,0.6866,0.0873,0.2846,17290.5075,-6370903.9962,
436.2500,15226.8246,201.7647,3811.5417,0.6842,0.0873,0.2846,17229.7634,-6370906.8690,
436.5000,15177.5875,201.0781,3815.0570,0.6819,0.0873,0.2846,17169.1017,-6370909.6678,
436.7500,15128.4919,200.3902,3818.3490,0.6796,0.0873,0.2846,17108.5287,-6370912.3941,
437.0000,15079.5390,199.7010,3821.4211,0.6773,0.0873,0.2846,17048.0500,-6370915.0492,
437.2500,15030.7296,199.0107,3824.2770,0.6749,0.0873,0.2846,16987.6715,-6370917.6346,
437.5000,14982.0647,198.3194,3826.9201,0.6726,0.0873,0.2846,16927.3987,-6370920.1516,
437.7500,14933.5452,197.6274,3829.3541,0.6702,0.0873,0.2846,16867.2371,-6370922.6017,
438.0000,14885.1719,196.9348,3831.5826,0.6679,0.0873,0.2846,16807.1920,-6370924.9863,
438.2500,14836.9457,196.2416,3833.6093,0.6655,0.0873,0.2846,16747.2684,-6370927.3067,
438.5000,14788.8671,195.5481,3835.4378,0.6632,0.0873,0.2846,16687.4714,-6370929.5642,
438.7500,14740.9371,194.8543,3837.0721,0.6608,0.0873,0.2846,16627.8057,-6370931.7603,
439.0000,14693.1561,194.1604,3838.5158,0.6585,0.0873,0.2846,16568.2760,-6370933.8961,
439.2500,14645.5248,193.4665,3839.7727,0.6561,0.0873,0.2846,16508.8870,-6370935.9732,
439.5000,14598.0437,192.7728,3840.8467,0.6538,0.0873,0.2846,16449.6428,-6370937.9927,
439.7500,14550.7134,192.0794,3841.7416,0.6514,0.0873,0.2846,16390.5477,-6370939.9559,
440.0000,14503.5344,191.3863,3842.4612,0.6491,0.0873,0.2846,16331.6059,-6370941.8641,
440.2500,14456.5071,190.6938,3843.0094,0.6467,0.0873,0.2846,16272.8212,-6370943.7185,
440.5000,14409.6318,190.0019,3843.3901,0.6444,0.0873,0.2846,16214.1975,-6370945.5205,
440.7500,14362.9089,189.3108,3843.6070,0.6420,0.0873,0.2846,16155.7383,-6370947.2711,
441.0000,14316.3389,188.6205,3843.6640,0.6397,0.0873,0.2846,16097.4472,-6370948.9716,
441.2500,14269.9218,187.9311,3843.5650,0.6374,0.0873,0.2846,16039.3275,-6370950.6232,
441.5000,14223.6580,187.2428,3843.3138,0.6350,0.0873,0.2846,15981.3825,-6370952.2270,
441.7500,14177.5477,186.5557,3842.9142,0.6327,0.0873,0.2846,15923.6152,-6370953.7843,
442.0000,14131.5910,185.8699,3842.3700,0.6304,0.0873,0.2846,15866.0286,-6370955.2960,
442.2500,14085.7881,185.1854,3841.6850,0.6281,0.0873,0.2846,15808.6255,-6370956.7634,
442.5000,14040.1390,184.5023,3840.8629,0.6257,0.0873,0.2846,15751.4087,-6370958.1875,
442.7500,13994.6440,183.8209,3839.9075,0.6234,0.0873,0.2846,15694.3806,-6370959.5694,
443.0000,13949.3029,183.1410,3838.8225,0.6211,0.0873,0.2846,15637.5437,-6370960.9101,
443.2500,13904.1158,182.4629,3837.6116,0.6188,0.0873,0.2846,15580.9004,-6370962.2107,
443.5000,13859.0826,181.7865,3836.2783,0.6165,0.0873,0.2846,15524.4527,-6370963.4723,
443.7500,13814.2034,181.1121,3834.8265,0.6142,0.0873,0.2846,15468.2029,-6370964.6957,
444.0000,13769.4781,180.4396,3833.2595,0.6120,0.0873,0.2846,15412.1528,-6370965.8821,
444.2500,13724.9064,179.7691,3831.5810,0.6097,0.0873,0.2846,15356.3043,-6370967.0323,
444.5000,13680.4883,179.1007,3829.7945,0.6074,0.0873,0.2846,15300.6591,-6370968.1473,
444.7500,13636.2237,178.4346,3827.9034,0.6052,0.0873,0.2846,15245.2188,-6370969.2280,
445.0000,13592.1123,177.7706,3825.9111,0.6029,0.0873,0.2846,15189.9850,-6370970.2754,
445.2500,13548.1539,177.1090,3823.8211,0.6007,0.0873,0.2846,15134.9591,-6370971.2903,
445.5000,13504.3483,176.4498,3821.6367,0.5984,0.0873,0.2846,15080.1423,-6370972.2736,
445.7500,13460.6952,175.7929,3819.3611,0.5962,0.0873,0.2846,15025.5359,-6370973.2261,
446.0000,13417.1943,175.1386,3816.9977,0.5940,0.0873,0.2846,14971.1410,-6370974.1488,
446.2500,13373.8454,174.4868,3814.5495,0.5918,0.0873,0.2846,14916.9585,-6370975.0424,
446.5000,13330.6480,173.8376,3812.0198,0.5896,0.0873,0.2846,14862.9895,-6370975.9077,
446.7500,13287.6019,173.1911,3809.4117,0.5874,0.0873,0.2846,14809.2348,-6370976.7455,
447.0000,13244.7067,172.5472,3806.7282,0.5852,0.0873,0.2846,14755.6950,-6370977.5566,
447.2500,13201.9620,171.9061,3803.9722,0.5830,0.0873,0.2846,14702.3708,-6370978.3417,
447.5000,13159.3673,171.2678,3801.1468,0.5809,0.0873,0.2846,14649.2629,-6370979.1016,
447.7500,13116.9224,170.6324,3798.2548,0.5787,0.0873,0.2846,14596.3717,-6370979.8370,
448.0000,13074.6266,169.9997,3795.2991,0.5766,0.0873,0.2846,14543.6976,-6370980.5485,
448.2500,13032.4797,169.3700,3792.2824,0.5744,0.0873,0.2846,14491.2409,-6370981.2369,
448.5000,12990.4810,168.7433,3789.2075,0.5723,0.0873,0.2846,14439.0020,-6370981.9029,
448.7500,12948.6301,168.1195,3786.0771,0.5702,0.0873,0.2846,14386.9810,-6370982.5470,
449.0000,12906.9266,167.4988,3782.8938,0.5681,0.0873,0.2846,14335.1780,-6370983.1700,
449.2500,12865.3698,166.8811,3779.6601,0.5660,0.0873,0.2846,14283.5932,-6370983.7724,
449.5000,12823.9593,166.2664,3776.3786,0.5639,0.0873,0.2846,14232.2264,-6370984.3548,
449.7500,12782.6945,165.6549,3773.0517,0.5618,0.0873,0.2846,14181.0776,-6370984.9179,
450.0000,12741.5748,165.0464,3769.6819,0.5598,0.0873,0.2846,14130.1467,-6370985.4623,
450.2500,12700.5998,164.4412,3766.2714,0.5577,0.0873,0.2846,14079.4335,-6370985.9884,
450.5000,12659.7687,163.8391,3762.8226,0.5557,0.0873,0.2846,14028.9378,-6370986.4969,
450.7500,12619.0811,163.2401,3759.3378,0.5536,0.0873,0.2846,13978.6592,-6370986.9882,
451.0000,12578.5363,162.6444,3755.8191,0.5516,0.0873,0.2846,13928.5973,-6370987.4629,
451.2500,12538.1337,162.0519,3752.2687,0.5496,0.0873,0.2846,13878.7519,-6370987.9215,
451.5000,12497.8728,161.4627,3748.6886,0.5476,0.0873,0.2846,13829.1224,-6370988.3645,
451.7500,12457.7528,160.8767,3745.0809,0.5456,0.0873,0.2846,13779.7083,-6370988.7924,
452.0000,12417.7731,160.2940,3741.4476,0.5436,0.0873,0.2846,13730.5092,-6370989.2057,
452.2500,12377.9331,159.7145,3737.7906,0.5417,0.0873,0.2846,13681.5243,-6370989.6047,
452.5000,12338.2322,159.1384,3734.1117,0.5397,0.0873,0.2846,13632.7531,-6370989.9900,
452.7500,12298.6696,158.5655,3730.4129,0.5378,0.0873,0.2846,13584.1949,-6370990.3619,
453.0000,12259.2448,157.9960,3726.6958,0.5358,0.0873,0.2846,13535.8490,-6370990.7210,
453.2500,12219.9570,157.4297,3722.9622,0.5339,0.0873,0.2846,13487.7147,-6370991.0675,
453.5000,12180.8056,156.8668,3719.2139,0.5320,0.0873,0.2846,13439.7911,-6370991.4020,
453.7500,12141.7899,156.3072,3715.4523,0.5301,0.0873,0.2846,13392.0776,-6370991.7247,
454.0000,12102.9092,155.7509,3711.6792,0.5282,0.0873,0.2846,13344.5732,-6370992.0362,
454.2500,12064.1628,155.1979,3707.8960,0.5263,0.0873,0.2846,13297.2770,-6370992.3366,
454.5000,12025.5501,154.6483,3704.1043,0.5245,0.0873,0.2846,13250.1882,-6370992.6264,
454.7500,11987.0702,154.1019,3700.3054,0.5226,0.0873,0.2846,13203.3059,-6370992.9060,
455.0000,11948.7226,153.5589,3696.5008,0.5208,0.0873,0.2846,13156.6290,-6370993.1756,
455.2500,11910.5065,153.0193,3692.6918,0.5189,0.0873,0.2846,13110.1567,-6370993.4356,
455.5000,11872.4213,152.4829,3688.8798,0.5171,0.0873,0.2846,13063.8879,-6370993.6863,
455.7500,11834.4661,151.9498,3685.0660,0.5153,0.0873,0.2846,13017.8217,-6370993.9281,
456.0000,11796.6403,151.4201,3681.2516,0.5135,0.0873,0.2846,12971.9568,-6370994.1611,
456.2500,11758.9432,150.8936,3677.4379,0.5117,0.0873,0.2846,12926.2924,-6370994.3857,
456.5000,11721.3741,150.3705,3673.6259,0.5100,0.0873,0.2846,12880.8274,-6370994.6022,
456.7500,11683.9322,149.8506,3669.8169,0.5082,0.0873,0.2846,12835.5605,-6370994.8109,
457.0000,11646.6168,149.3340,3666.0117,0.5064,0.0873,0.2846,12790.4908,-6370995.0120,
457.2500,11609.4272,148.8207,3662.2116,0.5047,0.0873,0.2846,12745.6171,-6370995.2057,
457.5000,11572.3627,148.3106,3658.4173,0.5030,0.0873,0.2846,12700.9383,-6370995.3923,
457.7500,11535.4226,147.8038,3654.6301,0.5012,0.0873,0.2846,12656.4532,-6370995.5721,
458.0000,11498.6062,147.3002,3650.8506,0.4995,0.0873,0.2846,12612.1607,-6370995.7453,
458.2500,11461.9126,146.7998,3647.0799,0.4978,0.0873,0.2846,12568.0596,-6370995.9121,
458.5000,11425.3413,146.3027,3643.3187,0.4962,0.0873,0.2846,12524.1487,-6370996.0728,
458.7500,11388.8914,145.8087,3639.5679,0.4945,0.0873,0.2846,12480.4268,-6370996.2274,
459.0000,11352.5623,145.3180,3635.8282,0.4928,0.0873,0.2846,12436.8927,-6370996.3764,
459.2500,11316.3533,144.8304,3632.1005,0.4912,0.0873,0.2846,12393.5452,-6370996.5198,
459.5000,11280.2636,144.3460,3628.3854,0.4895,0.0873,0.2846,12350.3832,-6370996.6578,
459.7500,11244.2926,143.8647,3624.6836,0.4879,0.0873,0.2846,12307.4053,-6370996.7906,
460.0000,11208.4394,143.3865,3620.9958,0.4863,0.0873,0.2846,12264.6104,-6370996.9185,
460.2500,11172.7034,142.9115,3617.3226,0.4846,0.0873,0.2846,12221.9972,-6370997.0415,
460.5000,11137.0839,142.4396,3613.6645,0.4830,0.0873,0.2846,12179.5646,-6370997.1599,
460.7500,11101.5802,141.9707,3610.0223,0.4815,0.0873,0.2846,12137.3112,-6370997.2738,
461.0000,11066.1916,141.5049,3606.3963,0.4799,0.0873,0.2846,12095.2359,-6370997.3834,
461.2500,11030.9173,141.0422,3602.7872,0.4783,0.0873,0.2846,12053.3374,-6370997.4889,
461.5000,10995.7567,140.5810,3599.1954,0.4767,0.0873,0.2846,12011.6145,-6370997.5903,
461.7500,10960.7104,140.1173,3603.0572,0.4749,0.0873,0.2846,11969.9611,-6370997.6880,
462.0000,10925.7777,139.6599,3595.4126,0.4731,0.0873,0.2846,11928.5266,-6370997.7819,
462.2500,10890.9571,139.2087,3587.9596,0.4714,0.0873,0.2846,11887.3108,-6370997.8721,
462.5000,10856.2471,138.7635,3580.6923,0.4696,0.0873,0.2846,11846.3095,-6370997.9588,
462.7500,10821.6463,138.3242,3573.6055,0.4679,0.0873,0.2846,11805.5182,-6370998.0420,
463.0000,10787.1532,137.8907,3566.6937,0.4662,0.0873,0.2846,11764.9329,-6370998.1219,
463.2500,10752.7666,137.4627,3559.9519,0.4645,0.0873,0.2846,11724.5495,-6370998.1986,
463.5000,10718.4851,137.0401,3553.3749,0.4628,0.0873,0.2846,11684.3641,-6370998.2723,
463.7500,10684.3073,136.6229,3546.9580,0.4612,0.0873,0.2846,11644.3731,-6370998.3431,
464.0000,10650.2321,136.2109,3540.6964,0.4595,0.0873,0.2846,11604.5727,-6370998.4110,
464.2500,10616.2581,135.8039,3534.5857,0.4579,0.0873,0.2846,11564.9593,-6370998.4763,
464.5000,10582.3842,135.4019,3528.6213,0.4563,0.0873,0.2846,11525.5296,-6370998.5389,
464.7500,10548.6091,135.0047,3522.7990,0.4548,0.0873,0.2846,11486.2802,-6370998.5990,
465.0000,10514.9318,134.6122,3517.1147,0.4532,0.0873,0.2846,11447.2078,-6370998.6568,
465.2500,10481.3511,134.2243,3511.5643,0.4517,0.0873,0.2846,11408.3092,-6370998.7122,
465.5000,10447.8659,133.8409,3506.1439,0.4502,0.0873,0.2846,11369.5815,-6370998.7654,
465.7500,10414.4751,133.4619,3500.8497,0.4487,0.0873,0.2846,11331.0217,-6370998.8165,
466.0000,10381.1777,133.0871,3495.6781,0.4472,0.0873,0.2846,11292.6269,-6370998.8655,
466.2500,10347.9726,132.7166,3490.6255,0.4457,0.0873,0.2846,11254.3942,-6370998.9126,
466.5000,10314.8588,132.3501,3485.6884,0.4443,0.0873,0.2846,11216.3210,-6370998.9578,
466.7500,10281.8354,131.9877,3480.8635,0.4428,0.0873,0.2846,11178.4046,-6370999.0011,
467.0000,10248.9014,131.6291,3476.1475,0.4414,0.0873,0.2846,11140.6425,-6370999.0427,
467.2500,10216.0558,131.2744,3471.5374,0.4400,0.0873,0.2846,11103.0321,-6370999.0826,
467.5000,10183.2978,130.9233,3467.0300,0.4386,0.0873,0.2846,11065.5711,-6370999.1209,
467.7500,10150.6265,130.5760,3462.6224,0.4373,0.0873,0.2846,11028.2570,-6370999.1577,
468.0000,10118.0409,130.2322,3458.3117,0.4359,0.0873,0.2846,10991.0876,-6370999.1930,
468.2500,10085.5402,129.8919,3454.0951,0.4346,0.0873,0.2846,10954.0607,-6370999.2268,
468.5000,10053.1235,129.5550,3449.9700,0.4332,0.0873,0.2846,10917.1741,-6370999.2593,
468.7500,10020.7902,129.2214,3445.9337,0.4319,0.0873,0.2846,10880.4256,-6370999.2904,
469.0000,9988.5392,128.8911,3441.9837,0.4306,0.0873,0.2846,10843.8132,-6370999.3203,
469.2500,9956.3699,128.5641,3438.1176,0.4293,0.0873,0.2846,10807.3350,-6370999.3490,
469.5000,9924.2815,128.2401,3434.3328,0.4280,0.0873,0.2846,10770.9890,-6370999.3764,
469.7500,9892.2732,127.9192,3430.6272,0.4267,0.0873,0.2846,10734.7732,-6370999.4028,
470.0000,9860.3443,127.6013,3426.9986,0.4255,0.0873,0.2846,10698.6859,-6370999.4281,
470.2500,9828.4941,127.2864,3423.4446,0.4242,0.0873,0.2846,10662.7253,-6370999.4523,
470.5000,9796.7218,126.9743,3419.9632,0.4230,0.0873,0.2846,10626.8896,-6370999.4756,
470.7500,9765.0267,126.6651,3416.5524,0.4218,0.0873,0.2846,10591.1770,-6370999.4979,
471.0000,9733.4082,126.3586,3413.2102,0.4206,0.0873,0.2846,10555.5861,-6370999.5193,
471.2500,9701.8657,126.0549,3409.9347,0.4194,0.0873,0.2846,10520.1150,-6370999.5398,
471.5000,9670.3983,125.7537,3406.7239,0.4182,0.0873,0.2846,10484.7624,-6370999.5594,
471.7500,9639.0056,125.4552,3403.5762,0.4170,0.0873,0.2846,10449.5265,-6370999.5783,
472.0000,9607.6868,125.1593,3400.4897,0.4158,0.0873,0.2846,10414.4060,-6370999.5963,
472.2500,9576.4414,124.8658,3397.4628,0.4146,0.0873,0.2846,10379.3994,-6370999.6136,
472.5000,9545.2687,124.5748,3394.4937,0.4135,0.0873,0.2846,10344.5052,-6370999.6302,
472.7500,9514.1682,124.2862,3391.5810,0.4123,0.0873,0.2846,10309.7220,-6370999.6461,
473.0000,9483.1392,124.0000,3388.7230,0.4112,0.0873,0.2846,10275.0486,-6370999.6614,
473.2500,9452.1812,123.7161,3385.9183,0.4101,0.0873,0.2846,10240.4836,-6370999.6760,
473.5000,9421.2937,123.4345,3383.1654,0.4090,0.0873,0.2846,10206.0257,-6370999.6900,
473.7500,9390.4760,123.1551,3380.4629,0.4079,0.0873,0.2846,10171.6736,-6370999.7034,
474.0000,9359.7276,122.8779,3377.8094,0.4068,0.0873,0.2846,10137.4261,-6370999.7162,
474.2500,9329.0481,122.6028,3375.2036,0.4057,0.0873,0.2846,10103.2821,-6370999.7285,
474.5000,9298.4368,122.3299,3372.6443,0.4046,0.0873,0.2846,10069.2403,-6370999.7403,
474.7500,9267.8933,122.0591,3370.1301,0.4035,0.0873,0.2846,10035.2995,-6370999.7516,
475.0000,9237.4170,121.7902,3367.6598,0.4025,0.0873,0.2846,10001.4588,-6370999.7625,
475.2500,9207.0074,121.5234,3365.2324,0.4014,0.0873,0.2846,9967.7170,-6370999.7728,
475.5000,9176.6642,121.2586,3362.8466,0.4004,0.0873,0.2846,9934.0729,-6370999.7827,
475.7500,9146.3867,120.9957,3360.5014,0.3993,0.0873,0.2846,9900.5257,-6370999.7922,
476.0000,9116.1745,120.7347,3358.1957,0.3983,0.0873,0.2846,9867.0741,-6370999.8014,
476.2500,9086.0271,120.4756,3355.9284,0.3973,0.0873,0.2846,9833.7174,-6370999.8101,
476.5000,9055.9442,120.2183,3353.6985,0.3962,0.0873,0.2846,9800.4544,-6370999.8184,
476.7500,9025.9252,119.9629,3351.5052,0.3952,0.0873,0.2846,9767.2843,-6370999.8264,
477.0000,8995.9696,119.7092,3349.3473,0.3942,0.0873,0.2846,9734.2060,-6370999.8341,
477.2500,8966.0771,119.4573,3347.2241,0.3932,0.0873,0.2846,9701.2187,-6370999.8414,
477.5000,8936.2473,119.2071,3345.1346,0.3922,0.0873,0.2846,9668.3215,-6370999.8484,
477.7500,8906.4796,118.9586,3343.0780,0.3913,0.0873,0.2846,9635.5134,-6370999.8551,
478.0000,8876.7738,118.7118,3341.0534,0.3903,0.0873,0.2846,9602.7938,-6370999.8615,
478.2500,8847.1293,118.4666,3339.0600,0.3893,0.0873,0.2846,9570.1616,-6370999.8677,
478.5000,8817.5458,118.2230,3337.0971,0.3883,0.0873,0.2846,9537.6160,-6370999.8736,
478.7500,8788.0228,117.9811,3335.1638,0.3874,0.0873,0.2846,9505.1564,-6370999.8792,
479.0000,8758.5601,117.7407,3333.2595,0.3864,0.0873,0.2846,9472.7818,-6370999.8846,
479.2500,8729.1571,117.5019,3331.3834,0.3855,0.0873,0.2846,9440.4915,-6370999.8897,
479.5000,8699.8136,117.2646,3329.5348,0.3846,0.0873,0.2846,9408.2848,-6370999.8947,
479.7500,8670.5291,117.0288,3327.7131,0.3836,0.0873,0.2846,9376.1608,-6370999.8994,
480.0000,8641.3032,116.7945,3325.9176,0.3827,0.0873,0.2846,9344.1190,-6370999.9039,
480.2500,8612.1357,116.5616,3324.1477,0.3818,0.0873,0.2846,9312.1584,-6370999.9082,
480.5000,8583.0261,116.3302,3322.4027,0.3809,0.0873,0.2846,9280.2785,-6370999.9123,
480.7500,8553.9742,116.1002,3320.6821,0.3800,0.0873,0.2846,9248.4786,-6370999.9163,
481.0000,8524.9794,115.8716,3318.9852,0.3791,0.0873,0.2846,9216.7579,-6370999.9201,
481.2500,8496.0416,115.6444,3317.3116,0.3782,0.0873,0.2846,9185.1158,-6370999.9237,
481.5000,8467.1603,115.4186,3315.6607,0.3773,0.0873,0.2846,9153.5517,-6370999.9271,
481.7500,8438.3352,115.1941,3314.0319,0.3764,0.0873,0.2846,9122.0648,-6370999.9304,
482.0000,8409.5661,114.9709,3312.4247,0.3755,0.0873,0.2846,9090.6547,-6370999.9336,
482.2500,8380.8525,114.7491,3310.8387,0.3746,0.0873,0.2846,9059.3206,-6370999.9366,
482.5000,8352.1941,114.5285,3309.2733,0.3738,0.0873,0.2846,9028.0620,-6370999.9395,
482.7500,8323.5907,114.3093,3307.7281,0.3729,0.0873,0.2846,8996.8782,-6370999.9422,
483.0000,8295.0418,114.0912,3306.2026,0.3720,0.0873,0.2846,8965.7687,-6370999.9449,
483.2500,8266.5473,113.8745,3304.6964,0.3712,0.0873,0.2846,8934.7329,-6370999.9474,
483.5000,8238.1067,113.6589,3303.2091,0.3703,0.0873,0.2846,8903.7702,-6370999.9498,
483.7500,8209.7198,113.4446,3301.7403,0.3695,0.0873,0.2846,8872.8801,-6370999.9521,
484.0000,8181.3864,113.2315,3300.2894,0.3686,0.0873,0.2846,8842.0619,-6370999.9543,
484.2500,8153.1060,113.0195,3298.8563,0.3678,0.0873,0.2846,8811.3153,-6370999.9564,
484.5000,8124.8784,112.8088,3297.4403,0.3670,0.0873,0.2846,8780.6396,-6370999.9584,
484.7500,8096.7033,112.5992,3296.0413,0.3662,0.0873,0.2846,8750.0343,-6370999.9603,
485.0000,8068.5804,112.3907,3294.6589,0.3653,0.0873,0.2846,8719.4989,-6370999.9621,
485.2500,8040.5095,112.1834,3293.2926,0.3645,0.0873,0.2846,8689.0330,-6370999.9639,
485.5000,8012.4902,111.9771,3291.9422,0.3637,0.0873,0.2846,8658.6359,-6370999.9656,
485.7500,7985.1030,100.5915,2951.6285,0.3437,0.0873,1.5708,8562.7191,-6370999.9705,
486.0000,7962.6131,80.9324,1868.8202,0.2730,0.0873,1.5708,8328.1827,-6370999.9823,
486.2500,7944.0581,68.3561,1314.2576,0.2286,0.0873,1.5708,8201.1425,-6370999.9884,
486.5000,7928.1118,59.7170,993.1462,0.1985,0.0873,1.5708,8122.4156,-6370999.9919,
486.7500,7914.0012,53.4883,791.0269,0.1770,0.0873,1.5708,8068.7985,-6370999.9941,
487.0000,7901.2374,48.8393,655.9112,0.1610,0.0873,1.5708,8029.6248,-6370999.9955,
487.2500,7889.4917,45.2789,561.4103,0.1488,0.0873,1.5708,7999.4039,-6370999.9965,
487.5000,7878.5336,42.4980,492.9670,0.1394,0.0873,1.5708,7975.0594,-6370999.9973,
487.7500,7868.1953,40.2924,442.0126,0.1319,0.0873,1.5708,7954.7492,-6370999.9978,
488.0000,7858.3515,38.5218,403.2334,0.1259,0.0873,1.5708,7937.3098,-6370999.9983,
488.2500,7848.9067,37.0865,373.1899,0.1210,0.0873,1.5708,7921.9741,-6370999.9986,
488.5000,7839.7866,35.9138,349.5738,0.1170,0.0873,1.5708,7908.2169,-6370999.9988,
488.7500,7830.9326,34.9495,330.7886,0.1138,0.0873,1.5708,7895.6681,-6370999.9990,
489.0000,7822.2981,34.1523,315.6999,0.1111,0.0873,1.5708,7884.0593,-6370999.9992,
489.2500,7813.8453,33.4904,303.4834,0.1088,0.0873,1.5708,7873.1922,-6370999.9993,
489.5000,7805.5438,32.9389,293.5282,0.1070,0.0873,1.5708,7862.9169,-6370999.9995,
489.7500,7797.3684,32.4779,285.3730,0.1054,0.0873,1.5708,7853.1183,-6370999.9995,
490.0000,7789.2987,32.0916,278.6647,0.1041,0.0873,1.5708,7843.7069,-6370999.9996,
490.2500,7781.3175,31.7673,273.1288,0.1030,0.0873,1.5708,7834.6123,-6370999.9997,
490.5000,7773.4108,31.4944,268.5497,0.1021,0.0873,1.5708,7825.7781,-6370999.9997,
490.7500,7765.5667,31.2645,264.7562,0.1013,0.0873,1.5708,7817.1592,-6370999.9998,
491.0000,7757.7755,31.0707,261.6110,0.1006,0.0873,1.5708,7808.7190,-6370999.9998,
491.2500,7750.0289,30.9069,259.0030,0.1001,0.0873,1.5708,7800.4277,-6370999.9998,
491.5000,7742.3200,30.7686,256.8421,0.0996,0.0873,1.5708,7792.2608,-6370999.9999,
491.7500,7734.6429,30.6515,255.0543,0.0992,0.0873,1.5708,7784.1980,-6370999.9999,
492.0000,7726.9928,30.5525,253.5788,0.0989,0.0873,1.5708,7776.2226,-6370999.9999,
492.2500,7719.3654,30.4686,252.3653,0.0986,0.0873,1.5708,7768.3206,-6370999.9999,
492.5000,7711.7574,30.3975,251.3720,0.0983,0.0873,1.5708,7760.4806,-6370999.9999,
492.7500,7704.1658,30.3373,250.5641,0.0981,0.0873,1.5708,7752.6928,-6370999.9999,
493.0000,7696.5880,30.2863,249.9127,0.0979,0.0873,1.5708,7744.9490,-6370999.9999,
493.2500,7689.0220,30.2430,249.3932,0.0978,0.0873,1.5708,7737.2424,-6371000.0000,
493.5000,7681.4660,30.2062,248.9854,0.0976,0.0873,1.5708,7729.5672,-6371000.0000,
493.7500,7673.9184,30.1751,248.6719,0.0975,0.0873,1.5708,7721.9187,-6371000.0000,
494.0000,7666.3780,30.1486,248.4385,0.0974,0.0873,1.5708,7714.2928,-6371000.0000,
494.2500,7658.8438,30.1262,248.2727,0.0974,0.0873,1.5708,7706.6859,-6371000.0000,
494.5000,7651.3147,30.1072,248.1644,0.0973,0.0873,1.5708,7699.0952,-6371000.0000,
494.7500,7643.7899,30.0910,248.1048,0.0972,0.0873,1.5708,7691.5183,-6371000.0000,
495.0000,7636.2690,30.0773,248.0865,0.0972,0.0873,1.5708,7683.9529,-6371000.0000,
495.2500,7628.7511,30.0656,248.1033,0.0971,0.0873,1.5708,7676.3974,-6371000.0000,
495.5000,7621.2360,30.0557,248.1499,0.0971,0.0873,1.5708,7668.8503,-6371000.0000,
495.7500,7613.7232,30.0473,248.2219,0.0970,0.0873,1.5708,7661.3103,-6371000.0000,
496.0000,7606.2122,30.0402,248.3154,0.0970,0.0873,1.5708,7653.7763,-6371000.0000,
496.2500,7598.7030,30.0341,248.4271,0.0970,0.0873,1.5708,7646.2475,-6371000.0000,
496.5000,7591.1951,30.0290,248.5545,0.0969,0.0873,1.5708,7638.7229,-6371000.0000,
496.7500,7583.6884,30.0246,248.6951,0.0969,0.0873,1.5708,7631.2021,-6371000.0000,
497.0000,7576.1827,30.0209,248.8470,0.0969,0.0873,1.5708,7623.6844,-6371000.0000,
497.2500,7568.6779,30.0178,249.0084,0.0969,0.0873,1.5708,7616.1693,-6371000.0000,
497.5000,7561.1738,30.0151,249.1781,0.0969,0.0873,1.5708,7608.6565,-6371000.0000,
497.7500,7553.6704,30.0128,249.3547,0.0968,0.0873,1.5708,7601.1456,-6371000.0000,
498.0000,7546.1674,30.0109,249.5373,0.0968,0.0873,1.5708,7593.6363,-6371000.0000,
498.2500,7538.6649,30.0092,249.7249,0.0968,0.0873,1.5708,7586.1284,-6371000.0000,
498.5000,7531.1628,30.0078,249.9169,0.0968,0.0873,1.5708,7578.6217,-6371000.0000,
498.7500,7523.6609,30.0067,250.1126,0.0968,0.0873,1.5708,7571.1160,-6371000.0000,
499.0000,7516.1594,30.0057,250.3115,0.0968,0.0873,1.5708,7563.6111,-6371000.0000,
499.2500,7508.6581,30.0048,250.5131,0.0967,0.0873,1.5708,7556.1070,-6371000.0000,
499.5000,7501.1570,30.0041,250.7170,0.0967,0.0873,1.5708,7548.6034,-6371000.0000,
499.7500,7493.6561,30.0035,250.9229,0.0967,0.0873,1.5708,7541.1004,-6371000.0000,
500.0000,7486.1553,30.0029,251.1306,0.0967,0.0873,1.5708,7533.5978,-6371000.0000,
500.2500,7478.6546,30.0025,251.3397,0.0967,0.0873,1.5708,7526.0956,-6371000.0000,
500.5000,7471.1540,30.0021,251.5501,0.0967,0.0873,1.5708,7518.5937,-6371000.0000,
500.7500,7463.6535,30.0018,251.7616,0.0967,0.0873,1.5708,7511.0921,-6371000.0000,
501.0000,7456.1531,30.0015,251.9741,0.0967,0.0873,1.5708,7503.5907,-6371000.0000,
501.2500,7448.6527,30.0013,252.1875,0.0967,0.0873,1.5708,7496.0895,-6371000.0000,
501.5000,7441.1524,30.0011,252.4016,0.0966,0.0873,1.5708,7488.5884,-6371000.0000,
501.7500,7433.6522,30.0009,252.6163,0.0966,0.0873,1.5708,7481.0875,-6371000.0000,
502.0000,7426.1520,30.0008,252.8316,0.0966,0.0873,1.5708,7473.5867,-6371000.0000,
502.2500,7418.6518,30.0007,253.0475,0.0966,0.0873,1.5708,7466.0861,-6371000.0000,
502.5000,7411.1516,30.0006,253.2638,0.0966,0.0873,1.5708,7458.5855,-6371000.0000,
502.7500,7403.6515,30.0005,253.4805,0.0966,0.0873,1.5708,7451.0850,-6371000.0000,
503.0000,7396.1514,30.0004,253.6975,0.0966,0.0873,1.5708,7443.5845,-6371000.0000,
503.2500,7388.6513,30.0004,253.9149,0.0966,0.0873,1.5708,7436.0841,-6371000.0000,
503.5000,7381.1512,30.0003,254.1326,0.0966,0.0873,1.5708,7428.5837,-6371000.0000,
503.7500,7373.6511,30.0003,254.3506,0.0966,0.0873,1.5708,7421.0834,-6371000.0000,
504.0000,7366.1511,30.0002,254.5689,0.0965,0.0873,1.5708,7413.5831,-6371000.0000,
504.2500,7358.6510,30.0002,254.7874,0.0965,0.0873,1.5708,7406.0829,-6371000.0000,
504.5000,7351.1510,30.0002,255.0061,0.0965,0.0873,1.5708,7398.5826,-6371000.0000,
504.7500,7343.6509,30.0001,255.2250,0.0965,0.0873,1.5708,7391.0824,-6371000.0000,
505.0000,7336.1509,30.0001,255.4442,0.0965,0.0873,1.5708,7383.5822,-6371000.0000,
505.2500,7328.6509,30.0001,255.6635,0.0965,0.0873,1.5708,7376.0820,-6371000.0000,
505.5000,7321.1509,30.0001,255.8831,0.0965,0.0873,1.5708,7368.5818,-6371000.0000,
505.7500,7313.6509,30.0001,256.1028,0.0965,0.0873,1.5708,7361.0817,-6371000.0000,
506.0000,7306.1508,30.0001,256.3227,0.0965,0.0873,1.5708,7353.5815,-6371000.0000,
506.2500,7298.6508,30.0000,256.5428,0.0965,0.0873,1.5708,7346.0814,-6371000.0000,
506.5000,7291.1508,30.0000,256.7630,0.0964,0.0873,1.5708,7338.5812,-6371000.0000,
506.7500,7283.6508,30.0000,256.9834,0.0964,0.0873,1.5708,7331.0811,-6371000.0000,
507.0000,7276.1508,30.0000,257.2040,0.0964,0.0873,1.5708,7323.5809,-6371000.0000,
507.2500,7268.6508,30.0000,257.4247,0.0964,0.0873,1.5708,7316.0808,-6371000.0000,
507.5000,7261.1508,30.0000,257.6456,0.0964,0.0873,1.5708,7308.5807,-6371000.0000,
507.7500,7253.6508,30.0000,257.8667,0.0964,0.0873,1.5708,7301.0806,-6371000.0000,
508.0000,7246.1508,30.0000,258.0879,0.0964,0.0873,1.5708,7293.5804,-6371000.0000,
508.2500,7238.6508,30.0000,258.3092,0.0964,0.0873,1.5708,7286.0803,-6371000.0000,
508.5000,7231.1508,30.0000,258.5307,0.0964,0.0873,1.5708,7278.5802,-6371000.0000,
508.7500,7223.6508,30.0000,258.7524,0.0964,0.0873,1.5708,7271.0801,-6371000.0000,
509.0000,7216.1508,30.0000,258.9742,0.0964,0.0873,1.5708,7263.5800,-6371000.0000,
509.2500,7208.6508,30.0000,259.1961,0.0963,0.0873,1.5708,7256.0799,-6371000.0000,
509.5000,7201.1508,30.0000,259.4183,0.0963,0.0873,1.5708,7248.5797,-6371000.0000,
509.7500,7193.6508,30.0000,259.6405,0.0963,0.0873,1.5708,7241.0796,-6371000.0000,
510.0000,7186.1508,30.0000,259.8629,0.0963,0.0873,1.5708,7233.5795,-6371000.0000,
510.2500,7178.6508,30.0000,260.0855,0.0963,0.0873,1.5708,7226.0794,-6371000.0000,
510.5000,7171.1508,30.0000,260.3082,0.0963,0.0873,1.5708,7218.5793,-6371000.0000,
510.7500,7163.6508,30.0000,260.5310,0.0963,0.0873,1.5708,7211.0792,-6371000.0000,
511.0000,7156.1507,30.0000,260.7540,0.0963,0.0873,1.5708,7203.5791,-6371000.0000,
511.2500,7148.6507,30.0000,260.9772,0.0963,0.0873,1.5708,7196.0790,-6371000.0000,
511.5000,7141.1507,30.0000,261.2005,0.0963,0.0873,1.5708,7188.5789,-6371000.0000,
511.7500,7133.6507,30.0000,261.4239,0.0962,0.0873,1.5708,7181.0788,-6371000.0000,
512.0000,7126.1507,30.0000,261.6475,0.0962,0.0873,1.5708,7173.5786,-6371000.0000,
512.2500,7118.6507,30.0000,261.8713,0.0962,0.0873,1.5708,7166.0785,-6371000.0000,
512.5000,7111.1507,30.0000,262.0952,0.0962,0.0873,1.5708,7158.5784,-6371000.0000,
512.7500,7103.6507,30.0000,262.3192,0.0962,0.0873,1.5708,7151.0783,-6371000.0000,
513.0000,7096.1507,30.0000,262.5434,0.0962,0.0873,1.5708,7143.5782,-6371000.0000,
513.2500,7088.6507,30.0000,262.7677,0.0962,0.0873,1.5708,7136.0781,-6371000.0000,
513.5000,7081.1507,30.0000,262.9922,0.0962,0.0873,1.5708,7128.5780,-6371000.0000,
513.7500,7073.6507,30.0000,263.2168,0.0962,0.0873,1.5708,7121.0779,-6371000.0000,
514.0000,7066.1507,30.0000,263.4416,0.0962,0.0873,1.5708,7113.5778,-6371000.0000,
514.2500,7058.6507,30.0000,263.6665,0.0961,0.0873,1.5708,7106.0777,-6371000.0000,
514.5000,7051.1507,30.0000,263.8916,0.0961,0.0873,1.5708,7098.5776,-6371000.0000,
514.7500,7043.6507,30.0000,264.1168,0.0961,0.0873,1.5708,7091.0775,-6371000.0000,
515.0000,7036.1507,30.0000,264.3422,0.0961,0.0873,1.5708,7083.5773,-6371000.0000,
515.2500,7028.6507,30.0000,264.5677,0.0961,0.0873,1.5708,7076.0772,-6371000.0000,
515.5000,7021.1507,30.0000,264.7934,0.0961,0.0873,1.5708,7068.5771,-6371000.0000,
515.7500,7013.6507,30.0000,265.0192,0.0961,0.0873,1.5708,7061.0770,-6371000.0000,
516.0000,7006.1507,30.0000,265.2451,0.0961,0.0873,1.5708,7053.5769,-6371000.0000,
516.2500,6998.6507,30.0000,265.4712,0.0961,0.0873,1.5708,7046.0768,-6371000.0000,
516.5000,6991.1507,30.0000,265.6975,0.0961,0.0873,1.5708,7038.5767,-6371000.0000,
516.7500,6983.6507,30.0000,265.9239,0.0960,0.0873,1.5708,7031.0766,-6371000.0000,
517.0000,6976.1507,30.0000,266.1505,0.0960,0.0873,1.5708,7023.5765,-6371000.0000,
517.2500,6968.6507,30.0000,266.3772,0.0960,0.0873,1.5708,7016.0764,-6371000.0000,
517.5000,6961.1507,30.0000,266.6040,0.0960,0.0873,1.5708,7008.5763,-6371000.0000,
517.7500,6953.6507,30.0000,266.8310,0.0960,0.0873,1.5708,7001.0762,-6371000.0000,
518.0000,6946.1507,30.0000,267.0582,0.0960,0.0873,1.5708,6993.5760,-6371000.0000,
518.2500,6938.6507,30.0000,267.2855,0.0960,0.0873,1.5708,6986.0759,-6371000.0000,
518.5000,6931.1507,30.0000,267.5129,0.0960,0.0873,1.5708,6978.5758,-6371000.0000,
518.7500,6923.6507,30.0000,267.7405,0.0960,0.0873,1.5708,6971.0757,-6371000.0000,
519.0000,6916.1507,30.0000,267.9683,0.0960,0.0873,1.5708,6963.5756,-6371000.0000,
519.2500,6908.6507,30.0000,268.1962,0.0960,0.0873,1.5708,6956.0755,-6371000.0000,
519.5000,6901.1507,30.0000,268.4242,0.0959,0.0873,1.5708,6948.5754,-6371000.0000,
519.7500,6893.6507,30.0000,268.6524,0.0959,0.0873,1.5708,6941.0753,-6371000.0000,
520.0000,6886.1507,30.0000,268.8808,0.0959,0.0873,1.5708,6933.5752,-6371000.0000,
520.2500,6878.6507,30.0000,269.1092,0.0959,0.0873,1.5708,6926.0751,-6371000.0000,
520.5000,6871.1507,30.0000,269.3379,0.0959,0.0873,1.5708,6918.5750,-6371000.0000,
520.7500,6863.6507,30.0000,269.5667,0.0959,0.0873,1.5708,6911.0749,-6371000.0000,
521.0000,6856.1507,30.0000,269.7956,0.0959,0.0873,1.5708,6903.5748,-6371000.0000,
521.2500,6848.6507,30.0000,270.0247,0.0959,0.0873,1.5708,6896.0746,-6371000.0000,
521.5000,6841.1507,30.0000,270.2540,0.0959,0.0873,1.5708,6888.5745,-6371000.0000,
521.7500,6833.6507,30.0000,270.4834,0.0959,0.0873,1.5708,6881.0744,-6371000.0000,
522.0000,6826.1507,30.0000,270.7129,0.0958,0.0873,1.5708,6873.5743,-6371000.0000,
522.2500,6818.6507,30.0000,270.9426,0.0958,0.0873,1.5708,6866.0742,-6371000.0000,
522.5000,6811.1507,30.0000,271.1724,0.0958,0.0873,1.5708,6858.5741,-6371000.0000,
522.7500,6803.6507,30.0000,271.4024,0.0958,0.0873,1.5708,6851.0740,-6371000.0000,
523.0000,6796.1507,30.0000,271.6326,0.0958,0.0873,1.5708,6843.5739,-6371000.0000,
523.2500,6788.6507,30.0000,271.8629,0.0958,0.0873,1.5708,6836.0738,-6371000.0000,
523.5000,6781.1507,30.0000,272.0933,0.0958,0.0873,1.5708,6828.5737,-6371000.0000,
523.7500,6773.6507,30.0000,272.3239,0.0958,0.0873,1.5708,6821.0736,-6371000.0000,
524.0000,6766.1507,30.0000,272.5546,0.0958,0.0873,1.5708,6813.5735,-6371000.0000,
524.2500,6758.6507,30.0000,272.7855,0.0958,0.0873,1.5708,6806.0733,-6371000.0000,
524.5000,6751.1507,30.0000,273.0166,0.0958,0.0873,1.5708,6798.5732,-6371000.0000,
524.7500,6743.6507,30.0000,273.2478,0.0957,0.0873,1.5708,6791.0731,-6371000.0000,
525.0000,6736.1507,30.0000,273.4791,0.0957,0.0873,1.5708,6783.5730,-6371000.0000,
525.2500,6728.6507,30.0000,273.7106,0.0957,0.0873,1.5708,6776.0729,-6371000.0000,
525.5000,6721.1507,30.0000,273.9423,0.0957,0.0873,1.5708,6768.5728,-6371000.0000,
525.7500,6713.6507,30.0000,274.1741,0.0957,0.0873,1.5708,6761.0727,-6371000.0000,
526.0000,6706.1507,30.0000,274.4060,0.0957,0.0873,1.5708,6753.5726,-6371000.0000,
526.2500,6698.6507,30.0000,274.6381,0.0957,0.0873,1.5708,6746.0725,-6371000.0000,
526.5000,6691.1507,30.0000,274.8704,0.0957,0.0873,1.5708,6738.5724,-6371000.0000,
526.7500,6683.6507,30.0000,275.1028,0.0957,0.0873,1.5708,6731.0723,-6371000.0000,
527.0000,6676.1507,30.0000,275.3354,0.0957,0.0873,1.5708,6723.5722,-6371000.0000,
527.2500,6668.6507,30.0000,275.5681,0.0956,0.0873,1.5708,6716.0721,-6371000.0000,
527.5000,6661.1507,30.0000,275.8009,0.0956,0.0873,1.5708,6708.5719,-6371000.0000,
527.7500,6653.6507,30.0000,276.0339,0.0956,0.0873,1.5708,6701.0718,-6371000.0000,
528.0000,6646.1507,30.0000,276.2671,0.0956,0.0873,1.5708,6693.5717,-6371000.0000,
528.2500,6638.6507,30.0000,276.5004,0.0956,0.0873,1.5708,6686.0716,-6371000.0000,
528.5000,6631.1507,30.0000,276.7339,0.0956,0.0873,1.5708,6678.5715,-6371000.0000,
528.7500,6623.6507,30.0000,276.9675,0.0956,0.0873,1.5708,6671.0714,-6371000.0000,
529.0000,6616.1507,30.0000,277.2013,0.0956,0.0873,1.5708,6663.5713,-6371000.0000,
529.2500,6608.6507,30.0000,277.4352,0.0956,0.0873,1.5708,6656.0712,-6371000.0000,
529.5000,6601.1507,30.0000,277.6693,0.0956,0.0873,1.5708,6648.5711,-6371000.0000,
529.7500,6593.6507,30.0000,277.9035,0.0956,0.0873,1.5708,6641.0710,-6371000.0000,
530.0000,6586.1507,30.0000,278.1379,0.0955,0.0873,1.5708,6633.5709,-6371000.0000,
530.2500,6578.6507,30.0000,278.3724,0.0955,0.0873,1.5708,6626.0708,-6371000.0000,
530.5000,6571.1507,30.0000,278.6071,0.0955,0.0873,1.5708,6618.5706,-6371000.0000,
530.7500,6563.6507,30.0000,278.8419,0.0955,0.0873,1.5708,6611.0705,-6371000.0000,
531.0000,6556.1507,30.0000,279.0769,0.0955,0.0873,1.5708,6603.5704,-6371000.0000,
531.2500,6548.6507,30.0000,279.3121,0.0955,0.0873,1.5708,6596.0703,-6371000.0000,
531.5000,6541.1507,30.0000,279.5474,0.0955,0.0873,1.5708,6588.5702,-6371000.0000,
531.7500,6533.6507,30.0000,279.7828,0.0955,0.0873,1.5708,6581.0701,-6371000.0000,
532.0000,6526.1507,30.0000,280.0184,0.0955,0.0873,1.5708,6573.5700,-6371000.0000,
532.2500,6518.6507,30.0000,280.2542,0.0955,0.0873,1.5708,6566.0699,-6371000.0000,
532.5000,6511.1507,30.0000,280.4901,0.0954,0.0873,1.5708,6558.5698,-6371000.0000,
532.7500,6503.6507,30.0000,280.7261,0.0954,0.0873,1.5708,6551.0697,-6371000.0000,
533.0000,6496.1507,30.0000,280.9623,0.0954,0.0873,1.5708,6543.5696,-6371000.0000,
533.2500,6488.6507,30.0000,281.1987,0.0954,0.0873,1.5708,6536.0695,-6371000.0000,
533.5000,6481.1507,30.0000,281.4352,0.0954,0.0873,1.5708,6528.5694,-6371000.0000,
533.7500,6473.6507,30.0000,281.6719,0.0954,0.0873,1.5708,6521.0692,-6371000.0000,
534.0000,6466.1507,30.0000,281.9087,0.0954,0.0873,1.5708,6513.5691,-6371000.0000,
534.2500,6458.6507,30.0000,282.1457,0.0954,0.0873,1.5708,6506.0690,-6371000.0000,
534.5000,6451.1507,30.0000,282.3828,0.0954,0.0873,1.5708,6498.5689,-6371000.0000,
534.7500,6443.6507,30.0000,282.6201,0.0954,0.0873,1.5708,6491.0688,-6371000.0000,
535.0000,6436.1507,30.0000,282.8575,0.0954,0.0873,1.5708,6483.5687,-6371000.0000,
535.2500,6428.6507,30.0000,283.0951,0.0953,0.0873,1.5708,6476.0686,-6371000.0000,
535.5000,6421.1507,30.0000,283.3329,0.0953,0.0873,1.5708,6468.5685,-6371000.0000,
535.7500,6413.6507,30.0000,283.5708,0.0953,0.0873,1.5708,6461.0684,-6371000.0000,
536.0000,6406.1507,30.0000,283.8088,0.0953,0.0873,1.5708,6453.5683,-6371000.0000,
536.2500,6398.6507,30.0000,284.0470,0.0953,0.0873,1.5708,6446.0682,-6371000.0000,
536.5000,6391.1507,30.0000,284.2854,0.0953,0.0873,1.5708,6438.5681,-6371000.0000,
536.7500,6383.6507,30.0000,284.5239,0.0953,0.0873,1.5708,6431.0679,-6371000.0000,
537.0000,6376.1507,30.0000,284.7626,0.0953,0.0873,1.5708,6423.5678,-6371000.0000,
537.2500,6368.6507,30.0000,285.0014,0.0953,0.0873,1.5708,6416.0677,-6371000.0000,
537.5000,6361.1507,30.0000,285.2404,0.0953,0.0873,1.5708,6408.5676,-6371000.0000,
537.7500,6353.6507,30.0000,285.4795,0.0952,0.0873,1.5708,6401.0675,-6371000.0000,
538.0000,6346.1507,30.0000,285.7188,0.0952,0.0873,1.5708,6393.5674,-6371000.0000,
538.2500,6338.6507,30.0000,285.9583,0.0952,0.0873,1.5708,6386.0673,-6371000.0000,
538.5000,6331.1507,30.0000,286.1979,0.0952,0.0873,1.5708,6378.5672,-6371000.0000,
538.7500,6323.6507,30.0000,286.4376,0.0952,0.0873,1.5708,6371.0671,-6371000.0000,
539.0000,6316.1507,30.0000,286.6775,0.0952,0.0873,1.5708,6363.5670,-6371000.0000,
539.2500,6308.6507,30.0000,286.9176,0.0952,0.0873,1.5708,6356.0669,-6371000.0000,
539.5000,6301.1507,30.0000,287.1578,0.0952,0.0873,1.5708,6348.5668,-6371000.0000,
539.7500,6293.6507,30.0000,287.3982,0.0952,0.0873,1.5708,6341.0667,-6371000.0000,
540.0000,6286.1507,30.0000,287.6387,0.0952,0.0873,1.5708,6333.5665,-6371000.0000,
540.2500,6278.6507,30.0000,287.8794,0.0952,0.0873,1.5708,6326.0664,-6371000.0000,
540.5000,6271.1507,30.0000,288.1202,0.0951,0.0873,1.5708,6318.5663,-6371000.0000,
540.7500,6263.6507,30.0000,288.3612,0.0951,0.0873,1.5708,6311.0662,-6371000.0000,
541.0000,6256.1507,30.0000,288.6023,0.0951,0.0873,1.5708,6303.5661,-6371000.0000,
541.2500,6248.6507,30.0000,288.8436,0.0951,0.0873,1.5708,6296.0660,-6371000.0000,
541.5000,6241.1507,30.0000,289.0851,0.0951,0.0873,1.5708,6288.5659,-6371000.0000,
541.7500,6233.6507,30.0000,289.3267,0.0951,0.0873,1.5708,6281.0658,-6371000.0000,
542.0000,6226.1507,30.0000,289.5685,0.0951,0.0873,1.5708,6273.5657,-6371000.0000,
542.2500,6218.6507,30.0000,289.8104,0.0951,0.0873,1.5708,6266.0656,-6371000.0000,
542.5000,6211.1507,30.0000,290.0525,0.0951,0.0873,1.5708,6258.5655,-6371000.0000,
542.7500,6203.6507,30.0000,290.2947,0.0951,0.0873,1.5708,6251.0654,-6371000.0000,
543.0000,6196.1507,30.0000,290.5371,0.0951,0.0873,1.5708,6243.5652,-6371000.0000,
543.2500,6188.6507,30.0000,290.7797,0.0950,0.0873,1.5708,6236.0651,-6371000.0000,
543.5000,6181.1507,30.0000,291.0224,0.0950,0.0873,1.5708,6228.5650,-6371000.0000,
543.7500,6173.6507,30.0000,291.2652,0.0950,0.0873,1.5708,6221.0649,-6371000.0000,
544.0000,6166.1507,30.0000,291.5082,0.0950,0.0873,1.5708,6213.5648,-6371000.0000,
544.2500,6158.6507,30.0000,291.7514,0.0950,0.0873,1.5708,6206.0647,-6371000.0000,
544.5000,6151.1507,30.0000,291.9947,0.0950,0.0873,1.5708,6198.5646,-6371000.0000,
544.7500,6143.6507,30.0000,292.2382,0.0950,0.0873,1.5708,6191.0645,-6371000.0000,
545.0000,6136.1507,30.0000,292.4819,0.0950,0.0873,1.5708,6183.5644,-6371000.0000,
545.2500,6128.6507,30.0000,292.7257,0.0950,0.0873,1.5708,6176.0643,-6371000.0000,
545.5000,6121.1507,30.0000,292.9696,0.0950,0.0873,1.5708,6168.5642,-6371000.0000,
545.7500,6113.6507,30.0000,293.2137,0.0950,0.0873,1.5708,6161.0641,-6371000.0000,
546.0000,6106.1507,30.0000,293.4580,0.0949,0.0873,1.5708,6153.5640,-6371000.0000,
546.2500,6098.6507,30.0000,293.7024,0.0949,0.0873,1.5708,6146.0638,-6371000.0000,
546.5000,6091.1507,30.0000,293.9470,0.0949,0.0873,1.5708,6138.5637,-6371000.0000,
546.7500,6083.6507,30.0000,294.1918,0.0949,0.0873,1.5708,6131.0636,-6371000.0000,
547.0000,6076.1507,30.0000,294.4367,0.0949,0.0873,1.5708,6123.5635,-6371000.0000,
547.2500,6068.6507,30.0000,294.6817,0.0949,0.0873,1.5708,6116.0634,-6371000.0000,
547.5000,6061.1507,30.0000,294.9269,0.0949,0.0873,1.5708,6108.5633,-6371000.0000,
547.7500,6053.6507,30.0000,295.1723,0.0949,0.0873,1.5708,6101.0632,-6371000.0000,
548.0000,6046.1507,30.0000,295.4178,0.0949,0.0873,1.5708,6093.5631,-6371000.0000,
548.2500,6038.6507,30.0000,295.6635,0.0949,0.0873,1.5708,6086.0630,-6371000.0000,
548.5000,6031.1507,30.0000,295.9093,0.0948,0.0873,1.5708,6078.5629,-6371000.0000,
548.7500,6023.6507,30.0000,296.1553,0.0948,0.0873,1.5708,6071.0628,-6371000.0000,
549.0000,6016.1507,30.0000,296.4015,0.0948,0.0873,1.5708,6063.5627,-6371000.0000,
549.2500,6008.6507,30.0000,296.6478,0.0948,0.0873,1.5708,6056.0625,-6371000.0000,
549.5000,6001.1507,30.0000,296.8943,0.0948,0.0873,1.5708,6048.5624,-6371000.0000,
549.7500,5993.6507,30.0000,297.1409,0.0948,0.0873,1.5708,6041.0623,-6371000.0000,
550.0000,5986.1507,30.0000,297.3877,0.0948,0.0873,1.5708,6033.5622,-6371000.0000,
550.2500,5978.6507,30.0000,297.6346,0.0948,0.0873,1.5708,6026.0621,-6371000.0000,
550.5000,5971.1507,30.0000,297.8817,0.0948,0.0873,1.5708,6018.5620,-6371000.0000,
550.7500,5963.6507,30.0000,298.1290,0.0948,0.0873,1.5708,6011.0619,-6371000.0000,
551.0000,5956.1507,30.0000,298.3764,0.0948,0.0873,1.5708,6003.5618,-6371000.0000,
551.2500,5948.6507,30.0000,298.6240,0.0947,0.0873,1.5708,5996.0617,-6371000.0000,
551.5000,5941.1507,30.0000,298.8717,0.0947,0.0873,1.5708,5988.5616,-6371000.0000,
551.7500,5933.6507,30.0000,299.1196,0.0947,0.0873,1.5708,5981.0615,-6371000.0000,
552.0000,5926.1507,30.0000,299.3677,0.0947,0.0873,1.5708,5973.5614,-6371000.0000,
552.2500,5918.6507,30.0000,299.6159,0.0947,0.0873,1.5708,5966.0613,-6371000.0000,
552.5000,5911.1507,30.0000,299.8642,0.0947,0.0873,1.5708,5958.5611,-6371000.0000,
552.7500,5903.6507,30.0000,300.1128,0.0947,0.0873,1.5708,5951.0610,-6371000.0000,
553.0000,5896.1507,30.0000,300.3615,0.0947,0.0873,1.5708,5943.5609,-6371000.0000,
553.2500,5888.6507,30.0000,300.6103,0.0947,0.0873,1.5708,5936.0608,-6371000.0000,
553.5000,5881.1507,30.0000,300.8593,0.0947,0.0873,1.5708,5928.5607,-6371000.0000,
553.7500,5873.6507,30.0000,301.1085,0.0947,0.0873,1.5708,5921.0606,-6371000.0000,
554.0000,5866.1507,30.0000,301.3578,0.0946,0.0873,1.5708,5913.5605,-6371000.0000,
554.2500,5858.6507,30.0000,301.6073,0.0946,0.0873,1.5708,5906.0604,-6371000.0000,
554.5000,5851.1507,30.0000,301.8569,0.0946,0.0873,1.5708,5898.5603,-6371000.0000,
554.7500,5843.6507,30.0000,302.1067,0.0946,0.0873,1.5708,5891.0602,-6371000.0000,
555.0000,5836.1507,30.0000,302.3567,0.0946,0.0873,1.5708,5883.5601,-6371000.0000,
555.2500,5828.6507,30.0000,302.6068,0.0946,0.0873,1.5708,5876.0600,-6371000.0000,
555.5000,5821.1507,30.0000,302.8571,0.0946,0.0873,1.5708,5868.5598,-6371000.0000,
555.7500,5813.6507,30.0000,303.1075,0.0946,0.0873,1.5708,5861.0597,-6371000.0000,
556.0000,5806.1507,30.0000,303.3581,0.0946,0.0873,1.5708,5853.5596,-6371000.0000,
556.2500,5798.6507,30.0000,303.6089,0.0946,0.0873,1.5708,5846.0595,-6371000.0000,
556.5000,5791.1507,30.0000,303.8598,0.0946,0.0873,1.5708,5838.5594,-6371000.0000,
556.7500,5783.6507,30.0000,304.1109,0.0945,0.0873,1.5708,5831.0593,-6371000.0000,
557.0000,5776.1507,30.0000,304.3621,0.0945,0.0873,1.5708,5823.5592,-6371000.0000,
557.2500,5768.6507,30.0000,304.6135,0.0945,0.0873,1.5708,5816.0591,-6371000.0000,
557.5000,5761.1507,30.0000,304.8651,0.0945,0.0873,1.5708,5808.5590,-6371000.0000,
557.7500,5753.6507,30.0000,305.1168,0.0945,0.0873,1.5708,5801.0589,-6371000.0000,
558.0000,5746.1507,30.0000,305.3686,0.0945,0.0873,1.5708,5793.5588,-6371000.0000,
558.2500,5738.6507,30.0000,305.6207,0.0945,0.0873,1.5708,5786.0587,-6371000.0000,
558.5000,5731.1507,30.0000,305.8729,0.0945,0.0873,1.5708,5778.5586,-6371000.0000,
558.7500,5723.6507,30.0000,306.1252,0.0945,0.0873,1.5708,5771.0584,-6371000.0000,
559.0000,5716.1507,30.0000,306.3778,0.0945,0.0873,1.5708,5763.5583,-6371000.0000,
559.2500,5708.6507,30.0000,306.6304,0.0945,0.0873,1.5708,5756.0582,-6371000.0000,
559.5000,5701.1507,30.0000,306.8833,0.0944,0.0873,1.5708,5748.5581,-6371000.0000,
559.7500,5693.6507,30.0000,307.1363,0.0944,0.0873,1.5708,5741.0580,-6371000.0000,
560.0000,5686.1507,30.0000,307.3894,0.0944,0.0873,1.5708,5733.5579,-6371000.0000,
560.2500,5678.6507,30.0000,307.6428,0.0944,0.0873,1.5708,5726.0578,-6371000.0000,
560.5000,5671.1507,30.0000,307.8962,0.0944,0.0873,1.5708,5718.5577,-6371000.0000,
560.7500,5663.6507,30.0000,308.1499,0.0944,0.0873,1.5708,5711.0576,-6371000.0000,
561.0000,5656.1507,30.0000,308.4037,0.0944,0.0873,1.5708,5703.5575,-6371000.0000,
561.2500,5648.6507,30.0000,308.6577,0.0944,0.0873,1.5708,5696.0574,-6371000.0000,
561.5000,5641.1507,30.0000,308.9118,0.0944,0.0873,1.5708,5688.5573,-6371000.0000,
561.7500,5633.6507,30.0000,309.1661,0.0944,0.0873,1.5708,5681.0571,-6371000.0000,
562.0000,5626.1507,30.0000,309.4205,0.0944,0.0873,1.5708,5673.5570,-6371000.0000,
562.2500,5618.6507,30.0000,309.6751,0.0943,0.0873,1.5708,5666.0569,-6371000.0000,
562.5000,5611.1507,30.0000,309.9299,0.0943,0.0873,1.5708,5658.5568,-6371000.0000,
562.7500,5603.6507,30.0000,310.1848,0.0943,0.0873,1.5708,5651.0567,-6371000.0000,
563.0000,5596.1507,30.0000,310.4399,0.0943,0.0873,1.5708,5643.5566,-6371000.0000,
563.2500,5588.6507,30.0000,310.6952,0.0943,0.0873,1.5708,5636.0565,-6371000.0000,
563.5000,5581.1507,30.0000,310.9506,0.0943,0.0873,1.5708,5628.5564,-6371000.0000,
563.7500,5573.6507,30.0000,311.2062,0.0943,0.0873,1.5708,5621.0563,-6371000.0000,
564.0000,5566.1507,30.0000,311.4619,0.0943,0.0873,1.5708,5613.5562,-6371000.0000,
564.2500,5558.6507,30.0000,311.7178,0.0943,0.0873,1.5708,5606.0561,-6371000.0000,
564.5000,5551.1507,30.0000,311.9739,0.0943,0.0873,1.5708,5598.5560,-6371000.0000,
564.7500,5543.6507,30.0000,312.2301,0.0942,0.0873,1.5708,5591.0559,-6371000.0000,
565.0000,5536.1507,30.0000,312.4865,0.0942,0.0873,1.5708,5583.5557,-6371000.0000,
565.2500,5528.6507,30.0000,312.7431,0.0942,0.0873,1.5708,5576.0556,-6371000.0000,
565.5000,5521.1507,30.0000,312.9998,0.0942,0.0873,1.5708,5568.5555,-6371000.0000,
565.7500,5513.6507,30.0000,313.2567,0.0942,0.0873,1.5708,5561.0554,-6371000.0000,
566.0000,5506.1507,30.0000,313.5137,0.0942,0.0873,1.5708,5553.5553,-6371000.0000,
566.2500,5498.6507,30.0000,313.7709,0.0942,0.0873,1.5708,5546.0552,-6371000.0000,
566.5000,5491.1507,30.0000,314.0283,0.0942,0.0873,1.5708,5538.5551,-6371000.0000,
566.7500,5483.6507,30.0000,314.2858,0.0942,0.0873,1.5708,5531.0550,-6371000.0000,
567.0000,5476.1507,30.0000,314.5435,0.0942,0.0873,1.5708,5523.5549,-6371000.0000,
567.2500,5468.6507,30.0000,314.8014,0.0942,0.0873,1.5708,5516.0548,-6371000.0000,
567.5000,5461.1507,30.0000,315.0594,0.0941,0.0873,1.5708,5508.5547,-6371000.0000,
567.7500,5453.6507,30.0000,315.3176,0.0941,0.0873,1.5708,5501.0546,-6371000.0000,
568.0000,5446.1507,30.0000,315.5759,0.0941,0.0873,1.5708,5493.5544,-6371000.0000,
568.2500,5438.6507,30.0000,315.8344,0.0941,0.0873,1.5708,5486.0543,-6371000.0000,
568.5000,5431.1507,30.0000,316.0931,0.0941,0.0873,1.5708,5478.5542,-6371000.0000,
568.7500,5423.6507,30.0000,316.3519,0.0941,0.0873,1.5708,5471.0541,-6371000.0000,
569.0000,5416.1507,30.0000,316.6109,0.0941,0.0873,1.5708,5463.5540,-6371000.0000,
569.2500,5408.6507,30.0000,316.8701,0.0941,0.0873,1.5708,5456.0539,-6371000.0000,
569.5000,5401.1507,30.0000,317.1294,0.0941,0.0873,1.5708,5448.5538,-6371000.0000,
569.7500,5393.6507,30.0000,317.3889,0.0941,0.0873,1.5708,5441.0537,-6371000.0000,
570.0000,5386.1507,30.0000,317.6486,0.0941,0.0873,1.5708,5433.5536,-6371000.0000,
570.2500,5378.6507,30.0000,317.9084,0.0940,0.0873,1.5708,5426.0535,-6371000.0000,
570.5000,5371.1507,30.0000,318.1684,0.0940,0.0873,1.5708,5418.5534,-6371000.0000,
570.7500,5363.6507,30.0000,318.4285,0.0940,0.0873,1.5708,5411.0533,-6371000.0000,
571.0000,5356.1507,30.0000,318.6888,0.0940,0.0873,1.5708,5403.5532,-6371000.0000,
571.2500,5348.6507,30.0000,318.9493,0.0940,0.0873,1.5708,5396.0530,-6371000.0000,
571.5000,5341.1507,30.0000,319.2099,0.0940,0.0873,1.5708,5388.5529,-6371000.0000,
571.7500,5333.6507,30.0000,319.4707,0.0940,0.0873,1.5708,5381.0528,-6371000.0000,
572.0000,5326.1507,30.0000,319.7317,0.0940,0.0873,1.5708,5373.5527,-6371000.0000,
572.2500,5318.6507,30.0000,319.9928,0.0940,0.0873,1.5708,5366.0526,-6371000.0000,
572.5000,5311.1507,30.0000,320.2541,0.0940,0.0873,1.5708,5358.5525,-6371000.0000,
572.7500,5303.6507,30.0000,320.5156,0.0940,0.0873,1.5708,5351.0524,-6371000.0000,
573.0000,5296.1507,30.0000,320.7772,0.0940,0.0873,1.5708,5343.5523,-6371000.0000,
573.2500,5288.6507,30.0000,321.0390,0.0939,0.0873,1.5708,5336.0522,-6371000.0000,
573.5000,5281.1507,30.0000,321.3009,0.0939,0.0873,1.5708,5328.5521,-6371000.0000,
573.7500,5273.6507,30.0000,321.5630,0.0939,0.0873,1.5708,5321.0520,-6371000.0000,
574.0000,5266.1507,30.0000,321.8253,0.0939,0.0873,1.5708,5313.5519,-6371000.0000,
574.2500,5258.6507,30.0000,322.0878,0.0939,0.0873,1.5708,5306.0517,-6371000.0000,
574.5000,5251.1507,30.0000,322.3504,0.0939,0.0873,1.5708,5298.5516,-6371000.0000,
574.7500,5243.6507,30.0000,322.6132,0.0939,0.0873,1.5708,5291.0515,-6371000.0000,
575.0000,5236.1507,30.0000,322.8761,0.0939,0.0873,1.5708,5283.5514,-6371000.0000,
575.2500,5228.6507,30.0000,323.1392,0.0939,0.0873,1.5708,5276.0513,-6371000.0000,
575.5000,5221.1507,30.0000,323.4025,0.0939,0.0873,1.5708,5268.5512,-6371000.0000,
575.7500,5213.6507,30.0000,323.6659,0.0939,0.0873,1.5708,5261.0511,-6371000.0000,
576.0000,5206.1507,30.0000,323.9295,0.0938,0.0873,1.5708,5253.5510,-6371000.0000,
576.2500,5198.6507,30.0000,324.1933,0.0938,0.0873,1.5708,5246.0509,-6371000.0000,
576.5000,5191.1507,30.0000,324.4572,0.0938,0.0873,1.5708,5238.5508,-6371000.0000,
576.7500,5183.6507,30.0000,324.7213,0.0938,0.0873,1.5708,5231.0507,-6371000.0000,
577.0000,5176.1507,30.0000,324.9856,0.0938,0.0873,1.5708,5223.5506,-6371000.0000,
577.2500,5168.6507,30.0000,325.2500,0.0938,0.0873,1.5708,5216.0505,-6371000.0000,
577.5000,5161.1507,30.0000,325.5146,0.0938,0.0873,1.5708,5208.5503,-6371000.0000,
577.7500,5153.6507,30.0000,325.7794,0.0938,0.0873,1.5708,5201.0502,-6371000.0000,
578.0000,5146.1507,30.0000,326.0443,0.0938,0.0873,1.5708,5193.5501,-6371000.0000,
578.2500,5138.6507,30.0000,326.3094,0.0938,0.0873,1.5708,5186.0500,-6371000.0000,
578.5000,5131.1507,30.0000,326.5747,0.0938,0.0873,1.5708,5178.5499,-6371000.0000,
578.7500,5123.6507,30.0000,326.8401,0.0937,0.0873,1.5708,5171.0498,-6371000.0000,
579.0000,5116.1507,30.0000,327.1057,0.0937,0.0873,1.5708,5163.5497,-6371000.0000,
579.2500,5108.6507,30.0000,327.3714,0.0937,0.0873,1.5708,5156.0496,-6371000.0000,
579.5000,5101.1507,30.0000,327.6374,0.0937,0.0873,1.5708,5148.5495,-6371000.0000,
579.7500,5093.6507,30.0000,327.9035,0.0937,0.0873,1.5708,5141.0494,-6371000.0000,
580.0000,5086.1507,30.0000,328.1697,0.0937,0.0873,1.5708,5133.5493,-6371000.0000,
580.2500,5078.6507,30.0000,328.4362,0.0937,0.0873,1.5708,5126.0492,-6371000.0000,
580.5000,5071.1507,30.0000,328.7027,0.0937,0.0873,1.5708,5118.5490,-6371000.0000,
580.7500,5063.6507,30.0000,328.9695,0.0937,0.0873,1.5708,5111.0489,-6371000.0000,
581.0000,5056.1507,30.0000,329.2364,0.0937,0.0873,1.5708,5103.5488,-6371000.0000,
581.2500,5048.6507,30.0000,329.5035,0.0937,0.0873,1.5708,5096.0487,-6371000.0000,
581.5000,5041.1507,30.0000,329.7708,0.0936,0.0873,1.5708,5088.5486,-6371000.0000,
581.7500,5033.6507,30.0000,330.0382,0.0936,0.0873,1.5708,5081.0485,-6371000.0000,
582.0000,5026.1507,30.0000,330.3058,0.0936,0.0873,1.5708,5073.5484,-6371000.0000,
582.2500,5018.6507,30.0000,330.5736,0.0936,0.0873,1.5708,5066.0483,-6371000.0000,
582.5000,5011.1507,30.0000,330.8415,0.0936,0.0873,1.5708,5058.5482,-6371000.0000,
582.7500,5003.6507,30.0000,331.1096,0.0936,0.0873,1.5708,5051.0481,-6371000.0000,
583.0000,4996.1507,30.0000,331.3779,0.0936,0.0873,1.5708,5043.5480,-6371000.0000,
583.2500,4988.6507,30.0000,331.6463,0.0936,0.0873,1.5708,5036.0479,-6371000.0000,
583.5000,4981.1507,30.0000,331.9149,0.0936,0.0873,1.5708,5028.5478,-6371000.0000,
583.7500,4973.6507,30.0000,332.1837,0.0936,0.0873,1.5708,5021.0476,-6371000.0000,
584.0000,4966.1507,30.0000,332.4526,0.0936,0.0873,1.5708,5013.5475,-6371000.0000,
584.2500,4958.6507,30.0000,332.7217,0.0935,0.0873,1.5708,5006.0474,-6371000.0000,
584.5000,4951.1507,30.0000,332.9910,0.0935,0.0873,1.5708,4998.5473,-6371000.0000,
584.7500,4943.6507,30.0000,333.2604,0.0935,0.0873,1.5708,4991.0472,-6371000.0000,
585.0000,4936.1507,30.0000,333.5300,0.0935,0.0873,1.5708,4983.5471,-6371000.0000,
585.2500,4928.6507,30.0000,333.7998,0.0935,0.0873,1.5708,4976.0470,-6371000.0000,
585.5000,4921.1507,30.0000,334.0698,0.0935,0.0873,1.5708,4968.5469,-6371000.0000,
585.7500,4913.6507,30.0000,334.3399,0.0935,0.0873,1.5708,4961.0468,-6371000.0000,
586.0000,4906.1507,30.0000,334.6102,0.0935,0.0873,1.5708,4953.5467,-6371000.0000,
586.2500,4898.6507,30.0000,334.8806,0.0935,0.0873,1.5708,4946.0466,-6371000.0000,
586.5000,4891.1507,30.0000,335.1512,0.0935,0.0873,1.5708,4938.5465,-6371000.0000,
586.7500,4883.6507,30.0000,335.4220,0.0935,0.0873,1.5708,4931.0464,-6371000.0000,
587.0000,4876.1507,30.0000,335.6930,0.0934,0.0873,1.5708,4923.5462,-6371000.0000,
587.2500,4868.6507,30.0000,335.9641,0.0934,0.0873,1.5708,4916.0461,-6371000.0000,
587.5000,4861.1507,30.0000,336.2354,0.0934,0.0873,1.5708,4908.5460,-6371000.0000,
587.7500,4853.6507,30.0000,336.5069,0.0934,0.0873,1.5708,4901.0459,-6371000.0000,
588.0000,4846.1507,30.0000,336.7785,0.0934,0.0873,1.5708,4893.5458,-6371000.0000,
588.2500,4838.6507,30.0000,337.0503,0.0934,0.0873,1.5708,4886.0457,-6371000.0000,
588.5000,4831.1507,30.0000,337.3223,0.0934,0.0873,1.5708,4878.5456,-6371000.0000,
588.7500,4823.6507,30.0000,337.5944,0.0934,0.0873,1.5708,4871.0455,-6371000.0000,
589.0000,4816.1507,30.0000,337.8667,0.0934,0.0873,1.5708,4863.5454,-6371000.0000,
589.2500,4808.6507,30.0000,338.1392,0.0934,0.0873,1.5708,4856.0453,-6371000.0000,
589.5000,4801.1507,30.0000,338.4118,0.0934,0.0873,1.5708,4848.5452,-6371000.0000,
589.7500,4793.6507,30.0000,338.6846,0.0934,0.0873,1.5708,4841.0451,-6371000.0000,
590.0000,4786.1507,30.0000,338.9576,0.0933,0.0873,1.5708,4833.5449,-6371000.0000,
590.2500,4778.6507,30.0000,339.2308,0.0933,0.0873,1.5708,4826.0448,-6371000.0000,
590.5000,4771.1507,30.0000,339.5041,0.0933,0.0873,1.5708,4818.5447,-6371000.0000,
590.7500,4763.6507,30.0000,339.7776,0.0933,0.0873,1.5708,4811.0446,-6371000.0000,
591.0000,4756.1507,30.0000,340.0513,0.0933,0.0873,1.5708,4803.5445,-6371000.0000,
591.2500,4748.6507,30.0000,340.3251,0.0933,0.0873,1.5708,4796.0444,-6371000.0000,
591.5000,4741.1507,30.0000,340.5991,0.0933,0.0873,1.5708,4788.5443,-6371000.0000,
591.7500,4733.6507,30.0000,340.8733,0.0933,0.0873,1.5708,4781.0442,-6371000.0000,
592.0000,4726.1507,30.0000,341.1476,0.0933,0.0873,1.5708,4773.5441,-6371000.0000,
592.2500,4718.6507,30.0000,341.4222,0.0933,0.0873,1.5708,4766.0440,-6371000.0000,
592.5000,4711.1507,30.0000,341.6969,0.0933,0.0873,1.5708,4758.5439,-6371000.0000,
592.7500,4703.6507,30.0000,341.9717,0.0932,0.0873,1.5708,4751.0438,-6371000.0000,
593.0000,4696.1507,30.0000,342.2467,0.0932,0.0873,1.5708,4743.5437,-6371000.0000,
593.2500,4688.6507,30.0000,342.5219,0.0932,0.0873,1.5708,4736.0435,-6371000.0000,
593.5000,4681.1507,30.0000,342.7973,0.0932,0.0873,1.5708,4728.5434,-6371000.0000,
593.7500,4673.6507,30.0000,343.0728,0.0932,0.0873,1.5708,4721.0433,-6371000.0000,
594.0000,4666.1507,30.0000,343.3486,0.0932,0.0873,1.5708,4713.5432,-6371000.0000,
594.2500,4658.6507,30.0000,343.6244,0.0932,0.0873,1.5708,4706.0431,-6371000.0000,
594.5000,4651.1507,30.0000,343.9005,0.0932,0.0873,1.5708,4698.5430,-6371000.0000,
594.7500,4643.6507,30.0000,344.1767,0.0932,0.0873,1.5708,4691.0429,-6371000.0000,
595.0000,4636.1507,30.0000,344.4531,0.0932,0.0873,1.5708,4683.5428,-6371000.0000,
595.2500,4628.6507,30.0000,344.7297,0.0932,0.0873,1.5708,4676.0427,-6371000.0000,
595.5000,4621.1507,30.0000,345.0064,0.0931,0.0873,1.5708,4668.5426,-6371000.0000,
595.7500,4613.6507,30.0000,345.2833,0.0931,0.0873,1.5708,4661.0425,-6371000.0000,
596.0000,4606.1507,30.0000,345.5604,0.0931,0.0873,1.5708,4653.5424,-6371000.0000,
596.2500,4598.6507,30.0000,345.8377,0.0931,0.0873,1.5708,4646.0422,-6371000.0000,
596.5000,4591.1507,30.0000,346.1151,0.0931,0.0873,1.5708,4638.5421,-6371000.0000,
596.7500,4583.6507,30.0000,346.3927,0.0931,0.0873,1.5708,4631.0420,-6371000.0000,
597.0000,4576.1507,30.0000,346.6704,0.0931,0.0873,1.5708,4623.5419,-6371000.0000,
597.2500,4568.6507,30.0000,346.9484,0.0931,0.0873,1.5708,4616.0418,-6371000.0000,
597.5000,4561.1507,30.0000,347.2265,0.0931,0.0873,1.5708,4608.5417,-6371000.0000,
597.7500,4553.6507,30.0000,347.5048,0.0931,0.0873,1.5708,4601.0416,-6371000.0000,
598.0000,4546.1507,30.0000,347.7832,0.0931,0.0873,1.5708,4593.5415,-6371000.0000,
598.2500,4538.6507,30.0000,348.0619,0.0931,0.0873,1.5708,4586.0414,-6371000.0000,
598.5000,4531.1507,30.0000,348.3407,0.0930,0.0873,1.5708,4578.5413,-6371000.0000,
598.7500,4523.6507,30.0000,348.6196,0.0930,0.0873,1.5708,4571.0412,-6371000.0000,
599.0000,4516.1507,30.0000,348.8988,0.0930,0.0873,1.5708,4563.5411,-6371000.0000,
599.2500,4508.6507,30.0000,349.1781,0.0930,0.0873,1.5708,4556.0410,-6371000.0000,
599.5000,4501.1507,30.0000,349.4576,0.0930,0.0873,1.5708,4548.5408,-6371000.0000,
599.7500,4493.6507,30.0000,349.7372,0.0930,0.0873,1.5708,4541.0407,-6371000.0000,
600.0000,4486.1507,30.0000,350.0171,0.0930,0.0873,1.5708,4533.5406,-6371000.0000,
