time,altitude,velocity,q,mach,gimbal,theta,apoapsis,periapsis,theta_error
0.2500,1.4857,11.8966,55.4122,0.0280,0.0000,1.5708,5.5574,-6371000.0000,0.0000
0.5500,7.2066,26.2574,348.4238,0.0701,0.0000,1.5708,34.9352,-6371000.0000,0.0000
0.7500,13.4197,35.8800,685.3975,0.0984,0.0000,1.5708,68.7283,-6371000.0000,0.0000
1.0000,23.8985,47.9600,1267.5778,0.1339,0.0000,1.5708,127.1568,-6371000.0000,0.0000
1.2500,37.4042,60.0942,2029.8114,0.1695,0.0000,1.5708,203.7665,-6371000.0000,0.0000
1.5000,53.9498,72.2790,2972.8859,0.2053,0.0000,1.5708,298.7498,-6371000.0000,0.0000
1.7500,73.5476,84.5108,4097.0480,0.2413,0.0000,1.5708,412.2814,-6371000.0000,0.0000
2.0000,96.2088,96.7860,5401.9945,0.2775,0.0000,1.5708,544.5174,-6371000.0000,0.0000
2.2500,121.9439,109.1006,6886.8673,0.3138,0.0000,1.5708,695.5951,-6371000.0000,0.0000
2.5500,156.8965,123.9251,8904.1853,0.3575,0.0000,1.5708,901.9245,-6371000.0000,0.0000
2.8000,189.4257,136.3135,10779.1308,0.3941,0.0000,1.5708,1094.8430,-6371000.0000,0.0000
3.0500,225.0555,148.7293,12827.5215,0.4308,0.0000,1.5708,1306.9136,-6371000.0000,0.0000
3.3000,263.7924,161.1689,15046.1820,0.4676,0.0000,1.5708,1538.1932,-6371000.0000,0.0000
3.5500,305.6417,173.6286,17431.4057,0.5046,0.0000,1.5708,1788.7197,-6371000.0000,0.0000
3.8000,350.6080,186.1046,19978.9696,0.5416,0.0000,1.5708,2058.5125,-6371000.0000,0.0000
4.0500,398.6950,198.5933,22684.1521,0.5788,0.0000,1.5708,2347.5733,-6371000.0000,0.0000
4.3000,449.9054,211.0913,25541.7533,0.6160,0.0000,1.5708,2655.8864,-6371000.0000,0.0000
4.5500,504.2412,223.5952,28546.1183,0.6534,0.0000,1.5708,2983.4195,-6371000.0000,0.0000
4.8000,561.7032,236.1015,31691.1625,0.6908,0.0000,1.5708,3330.1248,-6371000.0000,0.0000
5.0500,622.2918,248.6071,34970.4000,0.7282,0.0000,1.5708,3695.9399,-6371000.0000,0.0000
5.3000,686.0065,261.1089,38376.9730,0.7658,0.0000,1.5708,4080.7887,-6371000.0000,0.0000
5.5500,752.8454,273.5889,41903.3430,0.8034,0.0000,1.5708,4484.5522,-6371000.0000,0.0000
5.8000,822.7738,285.7690,45470.2871,0.8404,0.0000,1.5708,4900.6436,-6371000.0000,0.0000
6.0500,895.6933,297.5096,48998.4693,0.8762,0.0000,1.5708,5322.1935,-6371000.0000,0.0000
6.3000,971.4881,308.7649,52452.0835,0.9107,0.0000,1.5708,5746.0672,-6371000.0000,0.0000
6.5500,1050.0321,319.4974,55797.5646,0.9438,-0.0016,1.5707,6169.2066,-6371000.0000,0.0000
6.8000,1131.1908,329.6777,59004.6790,0.9753,-0.0009,1.5701,6588.7305,-6370999.9999,-0.0008
7.0500,1214.8233,339.2860,62047.4173,1.0052,-0.0006,1.5690,7002.0225,-6370999.9998,-0.0016
7.3000,1300.7852,348.3115,64904.5895,1.0335,-0.0004,1.5677,7406.7980,-6370999.9995,-0.0020
7.5500,1388.9346,356.8406,67574.7454,1.0602,-0.0003,1.5663,7802.5433,-6370999.9986,-0.0023
7.8000,1479.1983,365.2589,70192.7114,1.0865,-0.0002,1.5648,8201.8875,-6370999.9968,-0.0024
8.0500,1571.5589,373.6160,72792.7768,1.1127,-0.0002,1.5633,8608.2737,-6370999.9934,-0.0025
8.3000,1666.0015,381.9169,75372.9761,1.1388,-0.0002,1.5617,9021.7302,-6370999.9875,-0.0026
8.5500,1762.5129,390.1670,77931.5465,1.1648,-0.0002,1.5600,9442.3061,-6370999.9780,-0.0026
8.8000,1861.0809,398.3714,80466.9127,1.1908,-0.0002,1.5583,9870.0704,-6370999.9635,-0.0027
9.0500,1961.6948,406.5355,82977.6726,1.2168,-0.0002,1.5566,10305.1118,-6370999.9424,-0.0028
9.3000,2064.3450,414.6643,85462.5825,1.2427,-0.0002,1.5549,10747.5379,-6370999.9129,-0.0028
9.5000,2147.9257,421.1455,87431.1551,1.2635,-0.0002,1.5534,11106.8802,-6370999.8816,-0.0029
9.7500,2254.2215,429.2241,89866.8531,1.2895,-0.0002,1.5516,11562.9294,-6370999.8309,-0.0029
10.0000,2362.5339,437.2821,92273.9444,1.3155,-0.0002,1.5498,12026.7624,-6370999.7647,-0.0030
10.2500,2472.8584,445.3246,94651.6638,1.3415,-0.0002,1.5479,12498.5553,-6370999.6797,-0.0030
10.5000,2585.1916,453.3567,96999.3423,1.3676,-0.0002,1.5459,12978.5014,-6370999.5724,-0.0031
10.7500,2699.5314,461.3837,99316.3950,1.3938,-0.0002,1.5440,13466.8108,-6370999.4389,-0.0032
11.0000,2815.8771,469.4105,101602.3105,1.4202,-0.0002,1.5420,13963.7104,-6370999.2748,-0.0032
11.2500,2934.2291,477.4423,103856.6402,1.4466,-0.0002,1.5399,14469.4433,-6370999.0751,-0.0033
11.5000,3054.5891,485.4841,106078.9883,1.4732,-0.0002,1.5379,14984.2692,-6370998.8347,-0.0033
11.7500,3176.9600,493.5409,108269.0025,1.4999,-0.0002,1.5358,15508.4639,-6370998.5475,-0.0034
12.0000,3301.3461,501.6177,110426.3651,1.5268,-0.0002,1.5336,16042.3194,-6370998.2072,-0.0034
12.2500,3427.7526,509.7195,112550.7838,1.5539,-0.0002,1.5314,16586.1438,-6370997.8068,-0.0035
12.5000,3556.1863,517.8511,114641.9847,1.5812,-0.0003,1.5292,17140.2615,-6370997.3387,-0.0036
12.7500,3686.6548,526.0176,116699.7035,1.6088,-0.0003,1.5270,17705.0130,-6370996.7945,-0.0036
13.0000,3819.1673,534.2237,118723.6790,1.6366,-0.0003,1.5247,18280.7552,-6370996.1652,-0.0037
13.2500,3953.7338,542.4744,120713.6461,1.6647,-0.0003,1.5224,18867.8616,-6370995.4410,-0.0037
13.5000,4090.3658,550.7745,122669.3291,1.6931,-0.0003,1.5200,19466.7221,-6370994.6113,-0.0038
13.7500,4229.0759,559.1289,124590.4356,1.7218,-0.0003,1.5176,20077.7437,-6370993.6646,-0.0039
14.0000,4369.8777,567.5423,126476.6511,1.7508,-0.0003,1.5152,20701.3505,-6370992.5885,-0.0039
14.2500,4512.7862,576.0196,128327.6329,1.7801,-0.0003,1.5127,21337.9840,-6370991.3697,-0.0040
14.5000,4657.8173,584.5655,130143.0054,1.8099,-0.0003,1.5102,21988.1034,-6370989.9935,-0.0040
14.7500,4804.9884,593.1849,131922.3554,1.8400,-0.0003,1.5077,22652.1861,-6370988.4444,-0.0041
15.0000,4954.3178,601.8824,133665.2269,1.8705,-0.0003,1.5051,23330.7280,-6370986.7055,-0.0042
15.2500,5105.8250,610.6630,135371.1176,1.9015,-0.0003,1.5025,24024.2440,-6370984.7588,-0.0042
15.5000,5259.5306,619.5313,137039.4741,1.9329,-0.0003,1.4998,24733.2683,-6370982.5847,-0.0043
15.7500,5415.4566,628.4921,138669.6891,1.9648,-0.0003,1.4972,25458.3552,-6370980.1621,-0.0043
16.0000,5573.6257,637.5502,140261.0970,1.9972,-0.0003,1.4944,26200.0795,-6370977.4684,-0.0044
16.2500,5734.0622,646.7104,141812.9715,2.0301,-0.0003,1.4917,26959.0370,-6370974.4793,-0.0045
16.5000,5896.7912,655.9774,143324.5223,2.0635,-0.0003,1.4888,27735.8454,-6370971.1687,-0.0045
16.7500,6061.8392,665.3562,144794.8924,2.0975,-0.0003,1.4860,28531.1447,-6370967.5085,-0.0046
17.0000,6229.2336,674.8514,146223.1557,2.1321,-0.0003,1.4831,29345.5981,-6370963.4683,-0.0047
17.2500,6399.0030,684.4679,147608.3154,2.1673,-0.0003,1.4802,30179.8929,-6370959.0159,-0.0047
17.5000,6571.1773,694.2106,148949.3015,2.2032,-0.0003,1.4772,31034.7408,-6370954.1163,-0.0048
17.7500,6745.7875,704.0844,150244.9695,2.2397,-0.0003,1.4742,31910.8796,-6370948.7322,-0.0049
18.0000,6922.8655,714.0941,151494.0994,2.2769,-0.0003,1.4711,32809.0733,-6370942.8233,-0.0049
18.2500,7102.4447,724.2447,152695.3946,2.3148,-0.0003,1.4680,33730.1137,-6370936.3465,-0.0050
18.5000,7284.5595,734.5413,153847.4811,2.3534,-0.0003,1.4649,34674.8211,-6370929.2557,-0.0051
18.7500,7469.2453,744.9887,154948.9076,2.3928,-0.0003,1.4617,35644.0456,-6370921.5011,-0.0051
19.0000,7656.5390,755.5922,155998.1453,2.4330,-0.0003,1.4584,36638.6683,-6370913.0295,-0.0052
19.2500,7846.4784,766.3567,156993.5884,2.4741,-0.0003,1.4551,37659.6026,-6370903.7838,-0.0053
19.5000,8039.1027,777.2875,157933.5552,2.5160,-0.0003,1.4518,38707.7953,-6370893.7026,-0.0054
19.7500,8234.4521,788.3898,158816.2886,2.5588,-0.0003,1.4484,39784.2284,-6370882.7203,-0.0054
20.0000,8432.5681,799.6688,159639.9586,2.6025,-0.0003,1.4450,40889.9205,-6370870.7664,-0.0055
20.2500,8633.4933,811.1301,160402.6636,2.6472,-0.0004,1.4415,42025.9285,-6370857.7653,-0.0056
20.5000,8837.2719,822.7790,161102.4332,2.6929,-0.0004,1.4380,43193.3492,-6370843.6358,-0.0057
20.7500,9043.9488,834.6210,161737.2310,2.7396,-0.0004,1.4345,44393.3215,-6370828.2912,-0.0057
21.0000,9253.5706,846.6618,162304.9583,2.7873,-0.0004,1.4308,45627.0281,-6370811.6382,-0.0058
21.2500,9466.1850,858.9071,162803.4574,2.8362,-0.0004,1.4272,46895.6980,-6370793.5768,-0.0059
21.5000,9681.8410,871.3628,163230.5161,2.8862,-0.0004,1.4234,48200.6083,-6370774.0000,-0.0060
21.7500,9900.5888,884.0348,163583.8731,2.9374,-0.0004,1.4197,49543.0874,-6370752.7928,-0.0061
22.0000,10122.4803,896.9291,163861.2225,2.9898,-0.0004,1.4158,50924.5170,-6370729.8320,-0.0062
22.2500,10347.5683,910.0521,164060.2202,3.0435,-0.0004,1.4119,52346.3353,-6370704.9854,-0.0063
22.5000,10575.9074,923.4101,164178.4902,3.0985,-0.0004,1.4080,53810.0398,-6370678.1115,-0.0063
22.7500,10807.5533,937.0096,164213.6312,3.1549,-0.0004,1.4040,55317.1908,-6370649.0582,-0.0064
23.0000,11042.5635,950.8648,164163.2245,3.2128,-0.0004,1.3999,56869.4148,-6370617.6626,-0.0065
23.2500,11281.0073,965.0502,162390.7141,3.2609,-0.0004,1.3958,58475.1889,-6370583.6896,-0.0066
23.5000,11522.9628,979.5603,161072.3570,3.3098,-0.0004,1.3916,60136.1923,-6370546.9462,-0.0067
23.7500,11768.5069,994.4000,159711.8783,3.3599,-0.0004,1.3874,61854.2181,-6370507.2232,-0.0068
24.0000,12017.7179,1009.5746,158307.6000,3.4111,-0.0004,1.3831,63631.2589,-6370464.2954,-0.0069
24.2500,12270.6749,1025.0891,156858.0078,3.4634,-0.0004,1.3787,65469.3879,-6370417.9208,-0.0070
24.5000,12527.4582,1040.9493,155361.7530,3.5169,-0.0004,1.3743,67370.7626,-6370367.8397,-0.0071
24.7500,12788.1490,1057.1607,153817.6541,3.5716,-0.0004,1.3698,69337.6280,-6370313.7737,-0.0072
25.0000,13052.8299,1073.7293,152224.6984,3.6275,-0.0004,1.3652,71372.3199,-6370255.4238,-0.0073
25.2500,13321.5845,1090.6613,150582.0444,3.6847,-0.0005,1.3606,73477.2689,-6370192.4692,-0.0075
25.5000,13594.4977,1107.9631,148889.0225,3.7431,-0.0005,1.3559,75655.0042,-6370124.5657,-0.0076
25.7500,13871.6558,1125.6411,147145.1375,3.8027,-0.0005,1.3511,77908.1572,-6370051.3440,-0.0077
26.0000,14153.1461,1143.7023,145350.0690,3.8637,-0.0005,1.3462,80239.4664,-6369972.4076,-0.0078
26.2500,14439.0574,1162.1536,143503.6735,3.9259,-0.0005,1.3413,82651.7809,-6369887.3310,-0.0079
26.5000,14729.4799,1181.0023,141605.9846,3.9895,-0.0005,1.3363,85148.0656,-6369795.6578,-0.0080
26.7500,15024.5051,1200.2560,139657.2138,4.0545,-0.0005,1.3312,87731.4054,-6369696.8979,-0.0082
27.0000,15324.2261,1219.9223,137657.7510,4.1209,-0.0005,1.3261,90405.0102,-6369590.5255,-0.0083
27.2500,15628.7373,1240.0092,135608.1640,4.1887,-0.0005,1.3208,93172.2199,-6369475.9761,-0.0084
27.5000,15938.1347,1260.5249,133509.1986,4.2579,-0.0005,1.3155,96036.5095,-6369352.6441,-0.0086
27.7500,16252.5158,1281.4779,131361.7772,4.3286,-0.0005,1.3101,99001.4943,-6369219.8793,-0.0087
28.0000,16570.1824,1282.6981,126524.0040,4.3552,-0.0015,1.3047,100311.9898,-6369146.5315,-0.0088
28.2500,16887.1623,1284.4558,119433.9533,4.3380,-0.0032,1.2994,99942.1720,-6369138.6081,-0.0094
28.5000,17203.7380,1279.9206,114030.8352,4.3452,-0.0024,1.2938,100509.5087,-6369092.2269,-0.0095
28.7500,17519.5330,1275.8434,107816.0492,4.3311,-0.0019,1.2883,100260.8562,-6369080.0242,-0.0095
29.0000,17834.6554,1272.1972,102019.8395,4.3184,-0.0018,1.2828,100070.0869,-6369066.0894,-0.0097
29.2500,18149.3720,1275.7785,96605.7602,4.3072,-0.0018,1.2772,99933.1636,-6369050.4109,-0.0097
29.5000,18463.4490,1272.9302,91541.3599,4.2972,-0.0018,1.2717,99846.5177,-6369033.0168,0.1210
29.7500,18777.1448,1270.4397,87743.9788,4.3118,-0.0013,1.2661,100679.8455,-6368971.4624,0.1523
30.0000,19090.2141,1268.3035,83255.8038,4.3043,-0.0025,1.2606,100684.9066,-6368949.4910,0.1400
30.2500,19402.4099,1266.5125,78193.8240,4.2747,-0.0025,1.2552,99862.9625,-6368969.9060,0.0457
30.5000,19714.1428,1265.0331,74286.3308,4.2694,-0.0034,1.2498,99952.6938,-6368944.9655,
30.7500,20025.3201,1256.9550,70612.4147,4.2652,-0.0016,1.2441,100079.6779,-6368918.1022,
31.0000,20336.0194,1256.0936,66605.3963,4.2594,-0.0027,1.2387,100247.9158,-6368889.3254,
31.2500,20646.1470,1255.5098,63293.8512,4.2542,-0.0029,1.2332,100451.3709,-6368858.3572,
31.5000,20955.4362,1255.1988,60186.4223,4.2500,-0.0036,1.2278,100688.1608,-6368825.1403,
31.7500,21264.1135,1248.2085,56631.0560,4.2231,-0.0036,1.2225,100092.9614,-6368841.1902,
32.0000,21572.5679,1248.3650,53907.3835,4.2205,-0.0031,1.2169,100388.4129,-6368805.1651,
32.2500,21880.0272,1248.7597,51346.7856,4.2188,-0.0037,1.2116,100712.0969,-6368766.7962,
32.5000,22187.0387,1242.4185,48386.5281,4.1943,-0.0037,1.2062,100204.1087,-6368781.0244,
32.7500,22493.3224,1243.2196,46134.7680,4.1939,-0.0047,1.2009,100576.9358,-6368739.5703,
33.0000,22798.9235,1237.2652,43517.1948,4.1708,-0.0047,1.1956,100121.0564,-6368752.6199,
33.2500,23104.2165,1238.4266,41529.7244,4.1717,-0.0039,1.1901,100536.7563,-6368708.0880,
33.5000,23408.5823,1232.8158,39207.8669,4.1498,-0.0039,1.1848,100126.6959,-6368720.0907,
33.7500,23712.7203,1234.3066,37450.2910,4.1519,-0.0040,1.1793,100580.8330,-6368672.5551,
34.0000,24016.0082,1229.0017,35384.7136,4.1311,-0.0040,1.1740,100211.1939,-6368683.6239,
34.2500,24318.8113,1230.7904,33827.5848,4.1342,-0.0056,1.1687,100698.9980,-6368632.8225,
34.5000,24621.1614,1225.7585,31985.0097,4.1144,-0.0056,1.1635,100365.1305,-6368643.0565,
34.7500,24922.2722,1220.8669,30256.9864,4.0951,-0.0056,1.1587,100050.3888,-6368652.7443,
35.0000,25223.6460,1223.0314,28957.0422,4.0995,-0.0079,1.1532,100579.9584,-6368597.9677,
35.2500,25524.0023,1218.3696,27409.8733,4.0810,-0.0079,1.1481,100294.9000,-6368606.9561,
35.5000,25823.2078,1213.8264,25956.3201,4.0630,-0.0079,1.1434,100025.8163,-6368615.4760,
35.7500,26122.7516,1216.3130,24867.5463,4.0685,-0.0078,1.1376,100589.0749,-6368556.3273,
36.0000,26421.3565,1211.9641,23561.7725,4.0512,-0.0078,1.1322,100344.7645,-6368564.2591,
36.2500,26718.8851,1207.7158,22333.1040,4.0343,-0.0078,1.1271,100113.8777,-6368571.7863,
36.5000,27016.1690,1210.4804,21418.8331,4.0408,-0.0054,1.1217,100704.4201,-6368508.1741,
36.7500,27313.2271,1206.3970,20311.7127,4.0244,-0.0054,1.1159,100494.3108,-6368515.2042,
37.0000,27609.2724,1202.3994,19268.5440,4.0084,-0.0054,1.1106,100295.5427,-6368521.8826,
37.2500,27904.3253,1198.4827,18285.1321,3.9926,-0.0054,1.1058,100107.4281,-6368528.2295,
37.5000,28199.2071,1201.5482,17557.5131,4.0002,-0.0091,1.1007,100726.3737,-6368459.8845,
37.8000,28552.7649,1197.0161,16496.4675,3.9819,-0.0091,1.0946,100521.5013,-6368466.9883,
38.0500,28846.3633,1193.3151,15666.7571,3.9670,-0.0091,1.0899,100360.6584,-6368472.5911,
38.3000,29139.0401,1189.6789,14883.2541,3.9523,-0.0091,1.0856,100208.2390,-6368477.9229,
38.5500,29430.8107,1186.1041,14143.0703,3.9378,-0.0091,1.0817,100063.7529,-6368482.9984,
38.8000,29722.4824,1189.4621,13599.2509,3.9464,-0.0178,1.0771,100706.0792,-6368408.5218,
39.0500,30014.0668,1185.9882,12927.2170,3.9323,-0.0178,1.0720,100573.8353,-6368413.3009,
39.3000,30304.7837,1182.5672,12291.7394,3.9184,-0.0178,1.0673,100448.3843,-6368417.8536,
39.5500,30594.6457,1179.1963,11690.6035,3.9047,-0.0178,1.0630,100329.3408,-6368422.1921,
39.8000,30883.6647,1175.8729,11121.7465,3.8912,-0.0178,1.0591,100216.3443,-6368426.3276,
40.0500,31171.8522,1172.5944,10583.2453,3.8779,-0.0178,1.0555,100109.0567,-6368430.2709,
40.3000,31459.2187,1169.3586,10073.3053,3.8647,-0.0178,1.0522,100007.1611,-6368434.0320,
40.5500,31747.1748,1172.9784,9701.0304,3.8742,-0.0265,1.0458,100664.5723,-6368351.9280,
40.8000,32034.4834,1169.8152,9235.9907,3.8613,-0.0265,1.0395,100570.9899,-6368355.4886,
41.0500,32320.9999,1166.6997,8637.7310,3.8446,-0.0265,1.0338,100483.4910,-6368358.8318,
41.3000,32606.7344,1163.6201,8209.0322,3.8278,-0.0265,1.0286,100400.5305,-6368362.0153,
41.5500,32891.6954,1160.5745,7804.2161,3.8112,-0.0265,1.0238,100321.8014,-6368365.0493,
41.8000,33175.8911,1157.5610,7421.7923,3.7947,-0.0265,1.0194,100247.0613,-6368367.9420,
42.0500,33459.3289,1154.5780,7060.3751,3.7785,-0.0265,1.0153,100176.0832,-6368370.7009,
42.3000,33742.0163,1151.6238,6718.6744,3.7624,-0.0265,1.0116,100108.6548,-6368373.3331,
42.5500,34023.9599,1148.6969,6395.4891,3.7465,-0.0265,1.0081,100044.5769,-6368375.8454,
42.8000,34305.6185,1152.5071,6161.0769,3.7526,-0.0353,1.0029,100700.3675,-6368283.2959,
43.0500,34587.6004,1149.6258,5866.9969,3.7369,-0.0353,0.9937,100641.4443,-6368285.6842,
43.3000,34868.8557,1146.7682,5588.6067,3.7214,-0.0353,0.9846,100585.4074,-6368287.9653,
43.5500,35149.3900,1143.9331,5324.9747,3.7060,-0.0353,0.9755,100532.0988,-6368290.1449,
43.8000,35429.2087,1141.1192,5075.2307,3.6908,-0.0353,0.9665,100481.3701,-6368292.2279,
44.0500,35708.3168,1138.3256,4838.5615,3.6757,-0.0353,0.9576,100433.0818,-6368294.2194,
44.3000,35986.7190,1135.5512,4614.2069,3.6608,-0.0353,0.9488,100387.1030,-6368296.1240,
44.5500,36264.4200,1132.7950,4401.4556,3.6460,-0.0353,0.9401,100343.3105,-6368297.9460,
44.8000,36541.4240,1130.0562,4199.6419,3.6313,-0.0353,0.9314,100301.5883,-6368299.6894,
45.0500,36817.7351,1127.3339,4008.1426,3.6168,-0.0353,0.9228,100261.8275,-6368301.3582,
45.3000,37093.3573,1124.6273,3826.3734,3.6023,-0.0353,0.9143,100223.9252,-6368302.9560,
45.5500,37368.2942,1121.9357,3653.7869,3.5880,-0.0353,0.9059,100187.7848,-6368304.4863,
45.8000,37642.5494,1119.2582,3489.8696,3.5738,-0.0353,0.8975,100153.3151,-6368305.9523,
46.0500,37916.1263,1116.5944,3334.1398,3.5597,-0.0353,0.8892,100120.4302,-6368307.3571,
46.3000,38189.0280,1113.9434,3186.1452,3.5457,-0.0353,0.8810,100089.0490,-6368308.7037,
46.5500,38461.2575,1111.3047,3045.4613,3.5319,-0.0353,0.8728,100059.0952,-6368309.9947,
46.8000,38732.8178,1108.6778,2911.6889,3.5181,-0.0353,0.8647,100030.4965,-6368311.2329,
47.0500,39003.7116,1106.0621,2784.4530,3.5044,-0.0353,0.8567,100003.1848,-6368312.4206,
47.3000,39275.1405,1109.7018,2693.2504,3.5106,-0.0440,0.8419,100586.9781,-6368195.4834,
47.5500,39546.0408,1107.1061,2576.3235,3.4970,-0.0440,0.8264,100561.6561,-6368196.6317,
47.8000,39816.2815,1104.5203,2465.0405,3.4836,-0.0440,0.8110,100537.4603,-6368197.7339,
48.0500,40085.8651,1101.9440,2359.1008,3.4702,-0.0440,0.7958,100514.3353,-6368198.7920,
48.3000,40354.7937,1099.3766,2258.2217,3.4569,-0.0440,0.7807,100492.2283,-6368199.8082,
48.5500,40623.0694,1096.8179,2162.1366,3.4438,-0.0440,0.7658,100471.0897,-6368200.7842,
48.8000,40890.6942,1094.2674,2070.5946,3.4307,-0.0440,0.7510,100450.8723,-6368201.7219,
49.0500,41157.6701,1091.7248,1983.3590,3.4177,-0.0440,0.7363,100431.5318,-6368202.6230,
49.3000,41423.9988,1089.1898,1900.2068,3.4047,-0.0440,0.7217,100413.0258,-6368203.4892,
49.5500,41689.6821,1086.6619,1820.9274,3.3919,-0.0440,0.7072,100395.3145,-6368204.3219,
49.8000,41954.7218,1084.1410,1745.3224,3.3791,-0.0440,0.6929,100378.3601,-6368205.1228,
50.0500,42219.1193,1081.6266,1673.2043,3.3664,-0.0440,0.6787,100362.1267,-6368205.8930,
50.3000,42482.8763,1079.1187,1604.3961,3.3538,-0.0440,0.6646,100346.5802,-6368206.6341,
50.5500,42745.9941,1076.6168,1538.7307,3.3412,-0.0440,0.6507,100331.6886,-6368207.3472,
50.8000,43008.4742,1074.1207,1476.0502,3.3288,-0.0440,0.6368,100317.4212,-6368208.0336,
51.0500,43270.3179,1071.6302,1416.2054,3.3164,-0.0440,0.6231,100303.7490,-6368208.6944,
51.3000,43531.5265,1069.1451,1359.0552,3.3040,-0.0440,0.6095,100290.6445,-6368209.3307,
51.5500,43792.1012,1066.6651,1304.4663,3.2917,-0.0440,0.5961,100278.0817,-6368209.9436,
51.8000,44052.0432,1064.1901,1252.3124,3.2795,-0.0440,0.5827,100266.0356,-6368210.5339,
52.0500,44311.3537,1061.7198,1202.4741,3.2674,-0.0440,0.5695,100254.4829,-6368211.1028,
52.3000,44570.0336,1059.2541,1154.8385,3.2553,-0.0440,0.5563,100243.4010,-6368211.6510,
52.5500,44828.0841,1056.7928,1109.2985,3.2433,-0.0440,0.5433,100232.7687,-6368212.1794,
52.8000,45085.5060,1054.3357,1065.7529,3.2314,-0.0440,0.5304,100222.5659,-6368212.6889,
53.0500,45342.3005,1051.8827,1024.1057,3.2195,-0.0440,0.5176,100212.7733,-6368213.1802,
53.3000,45598.4683,1049.4335,984.2659,3.2077,-0.0440,0.5049,100203.3727,-6368213.6540,
53.5500,45854.0104,1046.9882,946.1474,3.1959,-0.0440,0.4923,100194.3466,-6368214.1111,
53.8000,46108.9276,1044.5465,909.6684,3.1842,-0.0440,0.4799,100185.6786,-6368214.5522,
54.0500,46363.2208,1042.1083,874.7516,3.1726,-0.0440,0.4675,100177.3529,-6368214.9779,
54.3000,46616.8906,1039.6734,841.3235,3.1610,-0.0440,0.4553,100169.3546,-6368215.3888,
54.5500,46869.9378,1037.2418,809.3142,3.1495,-0.0440,0.4431,100161.6694,-6368215.7855,
54.8000,47122.3632,1034.8142,758.2356,3.1392,-0.0440,0.4311,100154.3288,-6368216.1662,
55.0500,47374.1678,1032.3905,731.3786,3.1318,-0.0440,0.4192,100147.4107,-6368216.5268,
55.3000,47625.3523,1029.9695,705.5269,3.1245,-0.0440,0.4073,100140.7480,-6368216.8757,
55.5500,47875.9173,1027.5512,680.6408,3.1171,-0.0440,0.3956,100134.3307,-6368217.2133,
55.8000,48125.8633,1025.1355,656.6824,3.1098,-0.0440,0.3840,100128.1495,-6368217.5402,
56.0500,48375.1910,1022.7224,633.6153,3.1025,-0.0440,0.3724,100122.1951,-6368217.8565,
56.3000,48623.9008,1020.3116,611.4045,3.0952,-0.0440,0.3610,100116.4588,-6368218.1628,
56.5500,48871.9933,1017.9033,590.0167,3.0879,-0.0440,0.3497,100110.9322,-6368218.4593,
56.8000,49119.4690,1015.4972,569.4196,3.0806,-0.0440,0.3385,100105.6072,-6368218.7463,
57.0500,49366.3283,1013.0934,549.5826,3.0733,-0.0440,0.3273,100100.4761,-6368219.0243,
57.3000,49612.5718,1010.6918,530.4762,3.0660,-0.0440,0.3163,100095.5314,-6368219.2935,
57.5500,49858.1998,1008.2923,512.0720,3.0587,-0.0440,0.3053,100090.7660,-6368219.5542,
57.8000,50103.2129,1005.8948,494.3428,3.0515,-0.0440,0.2945,100086.1731,-6368219.8067,
58.0500,50347.6114,1003.4994,477.2626,3.0442,-0.0440,0.2837,100081.7461,-6368220.0513,
58.3000,50591.3958,1001.1059,460.8065,3.0369,-0.0440,0.2731,100077.4787,-6368220.2883,
58.5500,50834.5665,998.7143,444.9504,3.0297,-0.0440,0.2625,100073.3649,-6368220.5178,
58.8000,51077.1238,996.3247,426.6545,3.0229,-0.0440,0.2520,100069.4035,-6368220.7400,
59.0500,51319.0682,993.9370,413.0338,3.0194,-0.0440,0.2416,100065.6030,-6368220.9541,
59.3000,51560.4000,991.5510,399.8468,3.0160,-0.0440,0.2313,100061.9318,-6368221.1621,
59.5500,51801.1196,989.1666,387.0797,3.0125,-0.0440,0.2211,100058.3855,-6368221.3640,
59.8000,52041.2272,986.7838,374.7193,3.0090,-0.0440,0.2110,100054.9599,-6368221.5599,
60.0500,52280.7232,984.4027,362.7525,3.0055,-0.0440,0.2010,100051.6508,-6368221.7502,
60.3000,52519.6080,982.0231,351.1668,3.0020,-0.0440,0.1910,100048.4543,-6368221.9349,
60.5500,52757.8817,979.6450,339.9503,2.9985,-0.0440,0.1812,100045.3666,-6368222.1143,
60.8000,52995.5448,977.2684,329.0912,2.9950,-0.0440,0.1714,100042.3841,-6368222.2884,
61.0500,53232.5974,974.8933,318.5781,2.9914,-0.0440,0.1617,100039.5031,-6368222.4574,
61.3000,53469.0399,972.5196,308.4000,2.9879,-0.0440,0.1521,100036.7202,-6368222.6216,
61.5500,53704.8724,970.1473,298.5464,2.9844,-0.0440,0.1426,100034.0321,-6368222.7809,
61.8000,53940.0954,967.7763,289.0068,2.9808,-0.0440,0.1331,100031.4356,-6368222.9356,
62.0500,54174.7090,965.4068,279.7714,2.9772,-0.0440,0.1238,100028.9276,-6368223.0858,
62.3000,54408.7134,963.0385,270.8304,2.9737,-0.0440,0.1145,100026.5050,-6368223.2316,
62.5500,54642.1090,960.6716,262.1746,2.9701,-0.0440,0.1053,100024.1650,-6368223.3732,
62.8000,54874.8959,958.3059,253.7948,2.9665,-0.0440,0.0962,100021.9048,-6368223.5107,
63.0500,55107.0744,955.9416,245.6824,2.9629,-0.0440,0.0872,100019.7216,-6368223.6442,
63.3000,55338.6447,953.5784,237.8287,2.9593,-0.0440,0.0782,100017.6129,-6368223.7738,
63.5500,55569.6070,951.2165,230.2256,2.9556,-0.0440,0.0693,100015.5762,-6368223.8996,
63.8000,55799.9615,948.8557,222.8651,2.9520,-0.0440,0.0605,100013.6089,-6368224.0218,
64.0500,56029.7085,946.4962,215.7395,2.9483,-0.0440,0.0518,100011.7087,-6368224.1404,
64.3000,56258.8481,944.1378,208.8413,2.9447,-0.0440,0.0431,100009.8734,-6368224.2556,
64.5500,56487.3805,941.7806,202.1634,2.9410,-0.0440,0.0345,100008.1007,-6368224.3674,
64.8000,56715.3059,939.4244,195.6986,2.9373,-0.0440,0.0260,100006.3885,-6368224.4760,
65.0500,56942.6245,937.0694,189.4403,2.9336,-0.0440,0.0176,100004.7348,-6368224.5814,
65.3000,57169.3365,934.7155,183.3818,2.9299,-0.0440,0.0092,100003.1375,-6368224.6838,
65.5500,57395.4420,932.3627,177.5168,2.9262,-0.0440,0.0010,100001.5948,-6368224.7832,
65.8000,57620.9412,930.0109,171.8392,2.9225,-0.0440,-0.0073,100000.1048,-6368224.8797,
66.0500,57845.6261,935.9476,168.6732,2.9391,-0.0091,-0.0337,99885.3214,-6367478.0485,
66.3000,58069.3611,943.7783,166.7451,2.9662,0.0345,-0.0651,99777.6308,-6366407.8346,
66.5500,58292.2957,954.1888,165.6274,3.0007,0.0782,-0.0527,99749.4373,-6365180.9261,
66.8000,58514.8998,968.2774,165.7174,3.0466,0.0547,0.0415,99937.3343,-6363794.2657,
67.0500,58737.2317,966.0455,161.6792,3.0546,0.0460,0.1717,100000.4802,-6363498.0244,
67.3000,58959.2990,968.5305,158.1170,3.0663,0.0373,0.3080,100185.2253,-6363204.1891,
67.5500,59180.9087,966.3075,153.1334,3.0631,0.0373,0.4462,100183.9568,-6363204.4275,
67.8000,59401.9141,964.0860,148.3072,3.0599,0.0373,0.5832,100182.7316,-6363204.6591,
68.0500,59622.3153,961.8660,143.6336,3.0566,0.0373,0.7190,100181.5482,-6363204.8839,
68.3000,59842.1124,959.6476,139.1078,3.0534,0.0373,0.8535,100180.4052,-6363205.1023,
68.5500,60061.3056,957.4308,134.7249,3.0502,0.0373,0.9868,100179.3013,-6363205.3144,
68.8000,60279.8950,955.2155,130.4806,3.0469,0.0373,1.1188,100178.2350,-6363205.5204,
69.0500,60497.8807,953.0017,126.3705,3.0436,0.0373,1.2497,100177.2052,-6363205.7204,
69.3000,60715.2629,950.7894,122.3903,3.0404,0.0373,1.3794,100176.2105,-6363205.9147,
69.5500,60932.0417,948.5786,118.5359,3.0371,0.0373,1.5080,100175.2498,-6363206.1033,
69.8000,61148.2172,946.3694,114.8034,3.0338,0.0373,1.6353,100174.3220,-6363206.2866,
70.0500,61363.7896,944.1616,111.1888,3.0305,0.0373,1.7616,100173.4258,-6363206.4646,
70.3000,61578.7589,941.9554,107.6886,3.0272,0.0373,1.8866,100172.5602,-6363206.6374,
70.5500,61793.1252,939.7506,104.2990,3.0239,0.0373,2.0106,100171.7243,-6363206.8053,
70.8000,62006.8888,937.5473,101.0165,3.0206,0.0373,2.1334,100170.9169,-6363206.9683,
71.0500,62220.0497,935.3455,97.8379,3.0172,0.0373,2.2551,100170.1370,-6363207.1267,
71.3000,62432.6079,933.1452,94.7597,3.0139,0.0373,2.3757,100169.3839,-6363207.2805,
71.5500,62644.5637,930.9464,91.7789,3.0105,0.0373,2.4952,100168.6565,-6363207.4299,
71.8000,62855.9171,928.7491,88.8923,3.0072,0.0373,2.6137,100167.9540,-6363207.5751,
72.0500,63066.6682,926.5532,86.0969,3.0038,0.0373,2.7311,100167.2754,-6363207.7160,
72.3000,63276.8172,924.3588,83.3900,3.0004,0.0373,2.8474,100166.6201,-6363207.8529,
72.5500,63486.3640,922.1659,80.7686,2.9970,0.0373,2.9626,100165.9872,-6363207.9859,
72.8000,63695.3089,919.9745,78.2301,2.9936,0.0373,3.0768,100165.3760,-6363208.1151,
73.0500,63903.6518,917.7845,75.7719,2.9902,0.0373,3.1900,100164.7856,-6363208.2406,
73.3000,64111.3930,915.5960,73.3914,2.9868,0.0373,3.3022,100164.2154,-6363208.3625,
73.5500,64318.5325,913.4090,71.0862,2.9834,0.0373,3.4133,100163.6648,-6363208.4809,
73.8000,64525.0703,911.2235,68.8538,2.9799,0.0373,3.5234,100163.1330,-6363208.5959,
74.0500,64731.0066,909.0395,66.6920,2.9765,0.0373,3.6326,100162.6193,-6363208.7076,
74.3000,64936.3414,906.8569,64.5985,2.9730,0.0373,3.7407,100162.1233,-6363208.8162,
74.5500,65141.0749,904.6758,62.5713,2.9695,0.0373,3.8479,100161.6442,-6363208.9216,
74.8000,65345.2070,902.4962,60.6081,2.9661,0.0373,3.9541,100161.1815,-6363209.0240,
75.0500,65548.7380,900.3180,58.7069,2.9626,0.0373,4.0593,100160.7346,-6363209.1236,
75.3000,65751.6678,898.1414,56.8659,2.9591,0.0373,4.1636,100160.3030,-6363209.2202,
75.5500,65953.9966,895.9662,55.0830,2.9555,0.0373,4.2670,100159.8862,-6363209.3142,
75.8000,66155.7244,893.7926,53.3565,2.9520,0.0373,4.3694,100159.4837,-6363209.4054,
76.0500,66356.8514,891.6204,51.6846,2.9485,0.0373,4.4709,100159.0949,-6363209.4941,
76.3000,66557.3775,889.4497,50.0655,2.9450,0.0373,4.5714,100158.7195,-6363209.5802,
76.5500,66757.3028,887.2805,48.4975,2.9414,0.0373,4.6711,100158.3569,-6363209.6639,
76.8000,66956.6274,885.1129,46.9791,2.9378,0.0373,4.7698,100158.0066,-6363209.7452,
77.0500,67155.3515,882.9467,45.5087,2.9343,0.0373,4.8677,100157.6684,-6363209.8242,
77.3000,67353.4750,880.7820,44.0847,2.9307,0.0373,4.9647,100157.3418,-6363209.9009,
77.5500,67550.9980,878.6189,42.7057,2.9271,0.0373,5.0608,100157.0263,-6363209.9755,
77.8000,67747.9206,876.4573,41.3702,2.9235,0.0373,5.1560,100156.7216,-6363210.0480,
78.0500,67944.2429,874.2971,40.0770,2.9199,0.0373,5.2504,100156.4274,-6363210.1184,
78.3000,68139.9649,872.1386,38.8246,2.9163,0.0373,5.3439,100156.1432,-6363210.1868,
78.5500,68335.0867,869.9815,37.6117,2.9126,0.0373,5.4365,100155.8688,-6363210.2533,
78.8000,68529.6083,867.8260,36.4371,2.9090,0.0373,5.5284,100155.6037,-6363210.3179,
79.0500,68723.5298,865.6721,35.2996,2.9053,0.0373,5.6194,100155.3477,-6363210.3807,
79.3000,68916.8513,863.5197,34.1980,2.9017,0.0373,5.7095,100155.1005,-6363210.4417,
79.5500,69109.5728,861.3688,33.1312,2.8980,0.0373,5.7989,100154.8618,-6363210.5010,
79.8000,69301.6945,859.2195,32.0980,2.8943,0.0373,5.8874,100154.6312,-6363210.5586,
80.0500,69493.2162,857.0718,31.0975,2.8906,0.0373,5.9752,100154.4085,-6363210.6146,
80.3000,69684.1382,854.9257,30.1285,2.8869,0.0373,6.0622,100154.1934,-6363210.6690,
80.5500,69874.4604,852.7811,29.1901,2.8832,0.0373,6.1483,100153.9856,-6363210.7219,
80.8000,70064.1830,850.6381,28.2813,2.8794,0.0373,6.2337,100153.7850,-6363210.7733,
81.0500,70253.3059,848.4968,27.4011,2.8757,0.0373,6.3183,100153.5913,-6363210.8233,
81.3000,70441.8292,846.3570,26.5487,2.8720,0.0373,6.4022,100153.4041,-6363210.8718,
81.5500,70629.7530,844.2188,25.7232,2.8682,0.0373,6.4853,100153.2234,-6363210.9190,
81.8000,70817.0774,842.0823,24.9237,2.8644,0.0373,6.5676,100153.0489,-6363210.9649,
82.0500,71003.8023,839.9474,24.1494,2.8606,0.0373,6.6492,100152.8803,-6363211.0095,
82.3000,71189.9279,837.8142,22.0787,2.8560,0.0373,6.7301,100152.7251,-6363211.0508,
82.5500,71375.4541,835.6827,21.3757,2.8512,0.0373,6.8102,100152.5767,-6363211.0905,
82.8000,71560.3812,833.5528,20.6958,2.8464,0.0373,6.8896,100152.4335,-6363211.1291,
83.0500,71744.7091,831.4246,20.0382,2.8416,0.0373,6.9683,100152.2953,-6363211.1667,
83.3000,71928.4378,829.2981,19.4022,2.8368,0.0373,7.0463,100152.1620,-6363211.2031,
83.5500,72111.5674,827.1732,18.7871,2.8320,0.0373,7.1235,100152.0332,-6363211.2385,
83.8000,72294.0980,825.0500,18.1921,2.8272,0.0373,7.2001,100151.9089,-6363211.2729,
84.0500,72476.0296,822.9285,17.6167,2.8223,0.0373,7.2760,100151.7889,-6363211.3063,
84.3000,72657.3622,820.8087,17.0600,2.8175,0.0373,7.3511,100151.6731,-6363211.3388,
84.5500,72838.0959,818.6906,16.5216,2.8126,0.0373,7.4257,100151.5613,-6363211.3703,
84.8000,73018.2308,816.5742,16.0007,2.8077,0.0373,7.4995,100151.4534,-6363211.4010,
85.0500,73197.7669,814.4596,15.4968,2.8028,0.0373,7.5727,100151.3492,-6363211.4308,
85.3000,73376.7041,812.3467,15.0094,2.7980,0.0373,7.6452,100151.2486,-6363211.4598,
85.5500,73555.0427,810.2355,14.5379,2.7931,0.0373,7.7170,100151.1515,-6363211.4879,
85.8000,73732.7826,808.1261,14.0817,2.7882,0.0373,7.7882,100151.0578,-6363211.5153,
86.0500,73909.9238,806.0185,13.6403,2.7833,0.0373,7.8588,100150.9672,-6363211.5419,
86.3000,74086.4664,803.9127,13.2133,2.7783,0.0373,7.9287,100150.8798,-6363211.5678,
86.5500,74262.4105,801.8086,12.8002,2.7734,0.0373,7.9980,100150.7954,-6363211.5929,
86.8000,74437.7560,799.7064,12.4004,2.7685,0.0373,8.0666,100150.7140,-6363211.6173,
87.0500,74612.5031,797.6059,12.0137,2.7635,0.0373,8.1346,100150.6353,-6363211.6411,
87.3000,74786.6517,795.5073,11.6394,2.7586,0.0373,8.2021,100150.5593,-6363211.6642,
87.5500,74960.2020,793.4106,11.2773,2.7536,0.0373,8.2689,100150.4859,-6363211.6867,
87.8000,75133.1539,791.3156,10.9268,2.7487,0.0373,8.3351,100150.4151,-6363211.7085,
88.0500,75305.5074,789.2226,10.5877,2.7437,0.0373,8.4007,100150.3467,-6363211.7297,
88.3000,75477.2627,787.1314,10.2595,2.7387,0.0373,8.4657,100150.2806,-6363211.7504,
88.5500,75648.4198,785.0421,9.9420,2.7337,0.0373,8.5301,100150.2168,-6363211.7705,
88.8000,75818.9787,782.9547,9.6346,2.7287,0.0373,8.5940,100150.1552,-6363211.7900,
89.0500,75988.9394,780.8692,9.3371,2.7237,0.0373,8.6572,100150.0956,-6363211.8090,
89.3000,76158.3020,778.7856,9.0492,2.7187,0.0373,8.7199,100150.0382,-6363211.8275,
89.5500,76327.0665,776.7039,8.7706,2.7137,0.0373,8.7820,100149.9826,-6363211.8454,
89.8000,76495.2329,774.6242,8.5009,2.7086,0.0373,8.8436,100149.9290,-6363211.8629,
90.0500,76662.8014,772.5465,8.2398,2.7036,0.0373,8.9046,100149.8772,-6363211.8799,
90.3000,76829.7718,770.4707,7.9871,2.6986,0.0373,8.9651,100149.8272,-6363211.8965,
90.5500,76996.1444,768.3969,7.7425,2.6935,0.0373,9.0250,100149.7788,-6363211.9126,
90.8000,77161.9190,766.3251,7.5057,2.6884,0.0373,9.0843,100149.7321,-6363211.9282,
91.0500,77327.0958,764.2554,7.2764,2.6834,0.0373,9.1432,100149.6870,-6363211.9435,
91.3000,77491.6747,762.1876,7.0545,2.6783,0.0373,9.2015,100149.6435,-6363211.9583,
91.5500,77655.6558,760.1219,6.8397,2.6732,0.0373,9.2592,100149.6014,-6363211.9727,
91.8000,77819.0392,758.0583,6.6317,2.6681,0.0373,9.3165,100149.5607,-6363211.9868,
92.0500,77981.8249,755.9967,6.4303,2.6630,0.0373,9.3732,100149.5214,-6363212.0005,
92.3000,78144.0129,753.9373,6.2353,2.6579,0.0373,9.4294,100149.4835,-6363212.0138,
92.5500,78305.6032,751.8799,6.0465,2.6528,0.0373,9.4851,100149.4468,-6363212.0267,
92.8000,78466.5959,749.8246,5.8637,2.6477,0.0373,9.5403,100149.4113,-6363212.0393,
93.0500,78626.9910,747.7715,5.6866,2.6426,0.0373,9.5950,100149.3771,-6363212.0516,
93.3000,78786.7885,745.7205,5.5152,2.6375,0.0373,9.6492,100149.3440,-6363212.0635,
93.5500,78945.9885,743.6717,5.3492,2.6323,0.0373,9.7030,100149.3120,-6363212.0752,
93.8000,79104.5911,741.6250,5.1885,2.6272,0.0373,9.7562,100149.2811,-6363212.0865,
94.0500,79262.5962,739.5805,5.0328,2.6220,0.0373,9.8089,100149.2513,-6363212.0975,
94.3000,79420.0038,737.5383,4.8820,2.6169,0.0373,9.8612,100149.2224,-6363212.1082,
94.5500,79576.8141,735.4983,4.7359,2.6117,0.0373,9.9130,100149.1946,-6363212.1187,
94.8000,79733.0270,733.4605,4.5945,2.6065,0.0373,9.9643,100149.1676,-6363212.1289,
95.0500,79888.6426,731.4250,4.4575,2.6014,0.0373,10.0152,100149.1416,-6363212.1388,
95.3000,80043.6609,729.3917,4.3248,2.5962,0.0373,10.0656,100149.1164,-6363212.1484,
95.5500,80198.0820,727.3608,4.1962,2.5910,0.0373,10.1156,100149.0921,-6363212.1578,
95.8000,80351.9058,725.3322,4.0717,2.5858,0.0373,10.1651,100149.0685,-6363212.1670,
96.0500,80505.1324,723.3058,3.9511,2.5806,0.0373,10.2141,100149.0458,-6363212.1759,
96.3000,80657.7618,721.2819,3.8342,2.5754,0.0373,10.2627,100149.0238,-6363212.1846,
96.5500,80809.7941,719.2603,3.7210,2.5702,0.0373,10.3109,100149.0026,-6363212.1931,
96.8000,80961.2293,717.2410,3.6113,2.5650,0.0373,10.3586,100148.9821,-6363212.2014,
97.0500,81112.0674,715.2242,3.5050,2.5597,0.0373,10.4059,100148.9622,-6363212.2094,
97.3000,81262.3084,713.2098,3.4020,2.5545,0.0373,10.4528,100148.9430,-6363212.2172,
97.5500,81411.9525,711.1978,3.3022,2.5493,0.0373,10.4992,100148.9245,-6363212.2249,
97.8000,81560.9995,709.1883,3.2055,2.5440,0.0373,10.5453,100148.9066,-6363212.2323,
98.0500,81709.4496,707.1813,3.1118,2.5388,0.0373,10.5909,100148.8892,-6363212.2396,
98.3000,81857.3028,705.1767,3.0211,2.5335,0.0373,10.6361,100148.8724,-6363212.2466,
98.5500,82004.5591,703.1747,2.9331,2.5283,0.0373,10.6809,100148.8562,-6363212.2535,
98.8000,82151.2185,701.1752,2.8478,2.5230,0.0373,10.7252,100148.8406,-6363212.2602,
99.0500,82297.2810,699.1783,2.7651,2.5177,0.0373,10.7692,100148.8254,-6363212.2668,
99.3000,82442.7468,697.1839,2.6850,2.5124,0.0373,10.8128,100148.8108,-6363212.2732,
99.5500,82587.6158,695.1921,2.6074,2.5072,0.0373,10.8560,100148.7966,-6363212.2794,
99.8000,82731.8880,693.2029,2.5321,2.5019,0.0373,10.8988,100148.7829,-6363212.2855,
100.0500,82875.5634,691.2164,2.4592,2.4966,0.0373,10.9412,100148.7696,-6363212.2914,
100.3000,83018.6422,689.2325,2.3885,2.4913,0.0373,10.9832,100148.7568,-6363212.2971,
100.5500,83161.1243,687.2513,2.3199,2.4860,0.0373,11.0249,100148.7444,-6363212.3028,
100.8000,83303.0098,685.2728,2.2535,2.4807,0.0373,11.0662,100148.7324,-6363212.3083,
101.0500,83444.2987,683.2970,2.1891,2.4754,0.0373,11.1071,100148.7208,-6363212.3136,
101.3000,83584.9909,681.3240,2.1266,2.4701,0.0373,11.1476,100148.7096,-6363212.3188,
101.5500,83725.0866,679.3537,2.0660,2.4648,0.0373,11.1878,100148.6988,-6363212.3239,
101.8000,83864.5858,677.3862,2.0073,2.4594,0.0373,11.2275,100148.6883,-6363212.3289,
102.0500,84003.4885,675.4215,1.9504,2.4541,0.0373,11.2670,100148.6781,-6363212.3338,
102.3000,84141.7947,673.4597,1.8951,2.4488,0.0373,11.3061,100148.6683,-6363212.3385,
102.5500,84279.5044,671.5007,1.8416,2.4434,0.0373,11.3448,100148.6588,-6363212.3431,
102.8000,84416.6177,669.5446,1.7897,2.4381,0.0373,11.3832,100148.6496,-6363212.3476,
103.0500,84553.1346,667.5913,1.7393,2.4328,0.0373,11.4212,100148.6407,-6363212.3520,
103.3000,84689.0551,665.6411,1.6905,2.4274,0.0373,11.4589,100148.6321,-6363212.3563,
103.5500,84824.3793,663.6937,1.6431,2.4221,0.0373,11.4962,100148.6238,-6363212.3605,
103.8000,84959.1072,661.7494,1.5036,2.4157,0.0373,11.5332,100148.6160,-6363212.3644,
104.0500,85093.2388,659.8080,1.4595,2.4086,0.0373,11.5699,100148.6087,-6363212.3682,
104.3000,85226.7741,657.8697,1.4168,2.4015,0.0373,11.6063,100148.6016,-6363212.3719,
104.5500,85359.7131,655.9344,1.3755,2.3944,0.0373,11.6423,100148.5947,-6363212.3754,
104.8000,85492.0560,654.0022,1.3355,2.3874,0.0373,11.6780,100148.5881,-6363212.3789,
105.0500,85623.8026,652.0731,1.2968,2.3804,0.0373,11.7133,100148.5817,-6363212.3823,
105.3000,85754.9531,650.1471,1.2594,2.3733,0.0373,11.7484,100148.5755,-6363212.3856,
105.5500,85885.5075,648.2243,1.2231,2.3663,0.0373,11.7831,100148.5695,-6363212.3889,
105.8000,86015.4657,646.3046,1.1880,2.3593,0.0373,11.8175,100148.5637,-6363212.3920,
106.0500,86144.8278,644.3882,1.1541,2.3523,0.0373,11.8516,100148.5581,-6363212.3951,
106.3000,86273.5939,642.4749,1.1212,2.3453,0.0373,11.8854,100148.5527,-6363212.3981,
106.5500,86401.7639,640.5650,1.0894,2.3384,0.0373,11.9189,100148.5475,-6363212.4011,
106.8000,86529.3379,638.6583,1.0586,2.3314,0.0373,11.9521,100148.5424,-6363212.4039,
107.0500,86656.3159,636.7550,1.0287,2.3244,0.0373,11.9850,100148.5375,-6363212.4067,
107.3000,86782.6980,634.8550,0.9998,2.3175,0.0373,12.0175,100148.5328,-6363212.4095,
107.5500,86908.4841,632.9584,0.9719,2.3106,0.0373,12.0498,100148.5282,-6363212.4121,
107.8000,87033.6743,631.0651,0.9447,2.3037,0.0373,12.0818,100148.5238,-6363212.4147,
108.0500,87158.2685,629.1753,0.9185,2.2968,0.0373,12.1135,100148.5195,-6363212.4173,
108.3000,87282.2670,627.2890,0.8930,2.2899,0.0373,12.1450,100148.5153,-6363212.4198,
108.5500,87405.6695,625.4062,0.8684,2.2830,0.0373,12.1761,100148.5113,-6363212.4222,
108.8000,87528.4762,623.5268,0.8445,2.2762,0.0373,12.2070,100148.5074,-6363212.4246,
109.0500,87650.6871,621.6511,0.8214,2.2693,0.0373,12.2375,100148.5036,-6363212.4269,
109.3000,87772.3023,619.7789,0.7989,2.2625,0.0373,12.2678,100148.5000,-6363212.4292,
109.5500,87893.3217,617.9103,0.7772,2.2557,0.0373,12.2979,100148.4965,-6363212.4314,
109.8000,88013.7453,616.0454,0.7561,2.2489,0.0373,12.3276,100148.4931,-6363212.4336,
110.0500,88133.5732,614.1841,0.7357,2.2421,0.0373,12.3571,100148.4898,-6363212.4357,
110.3000,88252.8054,612.3266,0.7159,2.2353,0.0373,12.3863,100148.4866,-6363212.4378,
110.5500,88371.4420,610.4727,0.6967,2.2285,0.0373,12.4153,100148.4835,-6363212.4398,
110.8000,88489.4829,608.6227,0.6781,2.2218,0.0373,12.4440,100148.4805,-6363212.4418,
111.0500,88606.9282,606.7765,0.6600,2.2150,0.0373,12.4724,100148.4776,-6363212.4437,
111.3000,88723.7779,604.9341,0.6425,2.2083,0.0373,12.5006,100148.4747,-6363212.4456,
111.5500,88840.0320,603.0956,0.6256,2.2016,0.0373,12.5285,100148.4720,-6363212.4475,
111.8000,88955.6906,601.2610,0.6091,2.1949,0.0373,12.5562,100148.4694,-6363212.4493,
112.0500,89070.7536,599.4303,0.5931,2.1882,0.0373,12.5836,100148.4668,-6363212.4511,
112.3000,89185.2211,597.6036,0.5776,2.1816,0.0373,12.6108,100148.4643,-6363212.4528,
112.5500,89299.0931,595.7809,0.5626,2.1749,0.0373,12.6377,100148.4620,-6363212.4545,
112.8000,89412.3696,593.9623,0.5480,2.1683,0.0373,12.6644,100148.4596,-6363212.4562,
113.0500,89525.0507,592.1478,0.5339,2.1616,0.0373,12.6908,100148.4574,-6363212.4578,
113.3000,89637.1363,590.3373,0.5201,2.1550,0.0373,12.7170,100148.4552,-6363212.4594,
113.5500,89748.6266,588.5311,0.5068,2.1484,0.0373,12.7430,100148.4531,-6363212.4610,
113.8000,89859.5214,586.7290,0.4939,2.1419,0.0373,12.7687,100148.4510,-6363212.4625,
114.0500,89969.8209,584.9311,0.4813,2.1353,0.0373,12.7942,100148.4491,-6363212.4640,
114.3000,90079.5250,583.1375,0.4691,2.1288,0.0373,12.8195,100148.4471,-6363212.4655,
114.5500,90188.6338,581.3483,0.4573,2.1222,0.0373,12.8445,100148.4453,-6363212.4669,
114.8000,90297.1473,579.5633,0.4458,2.1157,0.0373,12.8693,100148.4435,-6363212.4683,
115.0500,90405.0655,577.7828,0.4346,2.1092,0.0373,12.8939,100148.4417,-6363212.4697,
115.3000,90512.3885,576.0067,0.4238,2.1027,0.0373,12.9183,100148.4400,-6363212.4710,
115.5500,90619.1162,574.2350,0.4133,2.0963,0.0373,12.9424,100148.4384,-6363212.4724,
115.8000,90725.2486,572.4679,0.4031,2.0898,0.0373,12.9663,100148.4368,-6363212.4737,
116.0500,90830.7859,570.7053,0.3932,2.0834,0.0373,12.9900,100148.4353,-6363212.4750,
116.3000,90935.7280,568.9472,0.3835,2.0770,0.0373,13.0135,100148.4338,-6363212.4762,
116.5500,91040.0749,567.1938,0.3742,2.0706,0.0373,13.0368,100148.4323,-6363212.4774,
116.8000,91143.8266,565.4451,0.3651,2.0642,0.0373,13.0599,100148.4309,-6363212.4786,
117.0500,91246.9833,563.7011,0.3562,2.0578,0.0373,13.0827,100148.4296,-6363212.4798,
117.3000,91349.5448,561.9618,0.3476,2.0515,0.0373,13.1054,100148.4282,-6363212.4810,
117.5500,91451.5112,560.2273,0.3393,2.0451,0.0373,13.1278,100148.4269,-6363212.4821,
117.8000,91552.8826,558.4977,0.3312,2.0388,0.0373,13.1501,100148.4257,-6363212.4832,
118.0500,91653.6589,556.7729,0.3233,2.0325,0.0373,13.1721,100148.4245,-6363212.4843,
118.3000,91753.8401,555.0531,0.3156,2.0262,0.0373,13.1940,100148.4233,-6363212.4854,
118.5500,91853.4264,553.3382,0.3082,2.0200,0.0373,13.2156,100148.4222,-6363212.4864,
118.8000,91952.4176,551.6284,0.3009,2.0137,0.0373,13.2371,100148.4211,-6363212.4875,
119.0500,92050.8139,549.9236,0.2939,2.0075,0.0373,13.2583,100148.4200,-6363212.4885,
119.3000,92148.6152,548.2239,0.2871,2.0013,0.0373,13.2794,100148.4190,-6363212.4895,
119.5500,92245.8216,546.5294,0.2804,1.9951,0.0373,13.3003,100148.4180,-6363212.4904,
119.8000,92342.4330,544.8401,0.2739,1.9890,0.0373,13.3210,100148.4170,-6363212.4914,
120.0500,92438.4496,543.1560,0.2676,1.9828,0.0373,13.3415,100148.4161,-6363212.4923,
120.3000,92533.8712,541.4772,0.2615,1.9767,0.0373,13.3618,100148.4152,-6363212.4933,
120.5500,92628.6980,539.8038,0.2556,1.9706,0.0373,13.3819,100148.4143,-6363212.4942,
120.8000,92722.9299,538.1357,0.2498,1.9645,0.0373,13.4019,100148.4134,-6363212.4951,
121.0500,92816.5670,536.4731,0.2441,1.9584,0.0373,13.4216,100148.4126,-6363212.4959,
121.3000,92909.6093,534.8160,0.2387,1.9524,0.0373,13.4412,100148.4118,-6363212.4968,
121.5500,93002.0567,533.1644,0.2333,1.9463,0.0373,13.4606,100148.4110,-6363212.4977,
121.8000,93093.9094,531.5184,0.2281,1.9403,0.0373,13.4799,100148.4102,-6363212.4985,
122.0500,93185.1673,529.8781,0.2231,1.9343,0.0373,13.4989,100148.4095,-6363212.4993,
122.3000,93275.8305,528.2434,0.2182,1.9284,0.0373,13.5178,100148.4088,-6363212.5001,
122.5500,93365.8989,526.6145,0.2134,1.9224,0.0373,13.5365,100148.4081,-6363212.5009,
122.8000,93455.3727,524.9914,0.2087,1.9165,0.0373,13.5551,100148.4074,-6363212.5017,
123.0500,93544.2517,523.3742,0.2042,1.9106,0.0373,13.5735,100148.4068,-6363212.5024,
123.3000,93632.5360,521.7628,0.1998,1.9047,0.0373,13.5917,100148.4061,-6363212.5032,
123.5500,93720.2257,520.1574,0.1955,1.8989,0.0373,13.6097,100148.4055,-6363212.5039,
123.8000,93807.3207,518.5580,0.1913,1.8930,0.0373,13.6276,100148.4049,-6363212.5046,
124.0500,93893.8210,516.9647,0.1872,1.8872,0.0373,13.6453,100148.4043,-6363212.5054,
124.3000,93979.7268,515.3775,0.1833,1.8814,0.0373,13.6629,100148.4038,-6363212.5061,
124.5500,94065.0379,513.7965,0.1794,1.8756,0.0373,13.6803,100148.4032,-6363212.5068,
124.8000,94149.7545,512.2217,0.1757,1.8699,0.0373,13.6976,100148.4027,-6363212.5074,
125.0500,94233.8765,510.6532,0.1720,1.8641,0.0373,13.7146,100148.4022,-6363212.5081,
125.3000,94317.4039,509.0910,0.1684,1.8584,0.0373,13.7316,100148.4017,-6363212.5088,
125.5500,94400.3368,507.5353,0.1650,1.8528,0.0373,13.7484,100148.4012,-6363212.5094,
125.8000,94482.6752,505.9860,0.1616,1.8471,0.0373,13.7650,100148.4007,-6363212.5101,
126.0500,94564.4190,504.4432,0.1583,1.8415,0.0373,13.7815,100148.4003,-6363212.5107,
126.3000,94645.5684,502.9070,0.1551,1.8359,0.0373,13.7978,100148.3998,-6363212.5113,
126.5500,94726.1233,501.3774,0.1519,1.8303,0.0373,13.8140,100148.3994,-6363212.5119,
126.8000,94806.0837,499.8546,0.1489,1.8247,0.0373,13.8300,100148.3990,-6363212.5125,
127.0500,94885.4496,498.3385,0.1459,1.8192,0.0373,13.8459,100148.3986,-6363212.5131,
127.3000,94964.2212,496.8292,0.1430,1.8137,0.0373,13.8617,100148.3982,-6363212.5137,
127.5500,95042.3983,495.3268,0.1402,1.8082,0.0373,13.8773,100148.3978,-6363212.5143,
127.8000,95119.9810,493.8313,0.1375,1.8027,0.0373,13.8928,100148.3974,-6363212.5148,
128.0500,95196.9693,492.3428,0.1348,1.7973,0.0373,13.9081,100148.3971,-6363212.5154,
128.3000,95273.3632,490.8614,0.1322,1.7919,0.0373,13.9233,100148.3967,-6363212.5159,
128.5500,95349.1627,489.3872,0.1296,1.7865,0.0373,13.9383,100148.3964,-6363212.5165,
128.8000,95424.3679,487.9201,0.1271,1.7811,0.0373,13.9532,100148.3961,-6363212.5170,
129.0500,95498.9788,486.4603,0.1247,1.7758,0.0373,13.9680,100148.3957,-6363212.5175,
129.3000,95572.9953,485.0078,0.1224,1.7705,0.0373,13.9827,100148.3954,-6363212.5180,
129.5500,95646.4176,483.5626,0.1200,1.7652,0.0373,13.9972,100148.3951,-6363212.5186,
129.8000,95719.2455,482.1250,0.1178,1.7600,0.0373,14.0116,100148.3948,-6363212.5191,
130.0500,95791.4792,480.6948,0.1156,1.7548,0.0373,14.0258,100148.3946,-6363212.5196,
130.3000,95863.1186,479.2723,0.1135,1.7496,0.0373,14.0399,100148.3943,-6363212.5200,
130.5500,95934.1637,477.8573,0.1114,1.7444,0.0373,14.0539,100148.3940,-6363212.5205,
130.8000,96004.6146,476.4501,0.1094,1.7392,0.0373,14.0678,100148.3938,-6363212.5210,
131.0500,96074.4712,475.0507,0.1074,1.7341,0.0373,14.0815,100148.3935,-6363212.5215,
131.3000,96143.7337,473.6591,0.1055,1.7291,0.0373,14.0952,100148.3933,-6363212.5219,
131.5500,96212.4019,472.2755,0.1036,1.7240,0.0373,14.1087,100148.3930,-6363212.5224,
131.8000,96280.4759,470.8998,0.1017,1.7190,0.0373,14.1220,100148.3928,-6363212.5229,
132.0500,96347.9558,469.5322,0.0999,1.7140,0.0373,14.1353,100148.3926,-6363212.5233,
132.3000,96414.8415,468.1728,0.0982,1.7090,0.0373,14.1484,100148.3924,-6363212.5237,
132.5500,96481.1330,466.8215,0.0965,1.7041,0.0373,14.1614,100148.3922,-6363212.5242,
132.8000,96546.8304,465.4785,0.0948,1.6992,0.0373,14.1743,100148.3920,-6363212.5246,
133.0500,96611.9337,464.1438,0.0932,1.6943,0.0373,14.1871,100148.3918,-6363212.5250,
133.3000,96676.4428,462.8176,0.0916,1.6895,0.0373,14.1998,100148.3916,-6363212.5255,
133.5500,96740.3579,461.4998,0.0901,1.6846,0.0373,14.2123,100148.3914,-6363212.5259,
133.8000,96803.6788,460.1906,0.0886,1.6799,0.0373,14.2247,100148.3912,-6363212.5263,
134.0500,96866.4057,458.8900,0.0871,1.6751,0.0373,14.2371,100148.3910,-6363212.5267,
134.3000,96928.5385,457.5981,0.0856,1.6704,0.0373,14.2493,100148.3909,-6363212.5271,
134.5500,96990.0772,456.3150,0.0842,1.6657,0.0373,14.2614,100148.3907,-6363212.5275,
134.8000,97051.0219,455.0407,0.0829,1.6610,0.0373,14.2734,100148.3905,-6363212.5279,
135.0500,97111.3725,453.7753,0.0815,1.6564,0.0373,14.2853,100148.3904,-6363212.5283,
135.3000,97171.1291,452.5190,0.0802,1.6518,0.0373,14.2970,100148.3902,-6363212.5286,
135.5500,97230.2917,451.2717,0.0790,1.6473,0.0373,14.3087,100148.3901,-6363212.5290,
135.8000,97288.8603,450.0335,0.0777,1.6427,0.0373,14.3203,100148.3900,-6363212.5294,
136.0500,97346.8349,448.8046,0.0765,1.6383,0.0373,14.3317,100148.3898,-6363212.5298,
136.3000,97404.2156,447.5849,0.0753,1.6338,0.0373,14.3431,100148.3897,-6363212.5301,
136.5500,97461.0022,446.3746,0.0742,1.6294,0.0373,14.3543,100148.3896,-6363212.5305,
136.8000,97517.1949,445.1738,0.0730,1.6250,0.0373,14.3655,100148.3895,-6363212.5308,
137.0500,97572.7936,443.9824,0.0719,1.6206,0.0373,14.3765,100148.3893,-6363212.5312,
137.3000,97627.7984,442.8007,0.0708,1.6163,0.0373,14.3875,100148.3892,-6363212.5315,
137.5500,97682.2093,441.6286,0.0698,1.6120,0.0373,14.3983,100148.3891,-6363212.5319,
137.8000,97736.0262,440.4663,0.0688,1.6078,0.0373,14.4091,100148.3890,-6363212.5322,
138.0500,97789.2492,439.3138,0.0678,1.6036,0.0373,14.4197,100148.3889,-6363212.5326,
138.3000,97841.8784,438.1712,0.0668,1.5994,0.0373,14.4303,100148.3888,-6363212.5329,
138.5500,97893.9136,437.0386,0.0658,1.5953,0.0373,14.4408,100148.3887,-6363212.5332,
138.8000,97945.3550,435.9160,0.0649,1.5912,0.0373,14.4511,100148.3886,-6363212.5336,
139.0500,97996.2024,434.8035,0.0640,1.5871,0.0373,14.4614,100148.3885,-6363212.5339,
139.3000,98046.4560,433.7013,0.0631,1.5831,0.0373,14.4716,100148.3884,-6363212.5342,
139.5500,98096.1158,432.6093,0.0622,1.5791,0.0373,14.4817,100148.3883,-6363212.5345,
139.8000,98145.1817,431.5277,0.0614,1.5751,0.0373,14.4917,100148.3883,-6363212.5348,
140.0500,98193.6538,430.4566,0.0606,1.5712,0.0373,14.5016,100148.3882,-6363212.5351,
140.3000,98241.5320,429.3959,0.0598,1.5673,0.0373,14.5114,100148.3881,-6363212.5355,
140.5500,98288.8165,428.3459,0.0590,1.5635,0.0373,14.5211,100148.3880,-6363212.5358,
140.8000,98335.5071,427.3065,0.0582,1.5597,0.0373,14.5308,100148.3879,-6363212.5361,
141.0500,98381.6039,426.2779,0.0574,1.5559,0.0373,14.5403,100148.3879,-6363212.5364,
141.3000,98427.1069,425.2601,0.0567,1.5522,0.0373,14.5498,100148.3878,-6363212.5367,
141.5500,98472.0162,424.2531,0.0560,1.5485,0.0373,14.5592,100148.3877,-6363212.5370,
141.8000,98516.3316,423.2572,0.0553,1.5449,0.0373,14.5685,100148.3877,-6363212.5373,
142.0500,98560.0533,422.2723,0.0546,1.5413,0.0373,14.5777,100148.3876,-6363212.5375,
142.3000,98603.1813,421.2986,0.0539,1.5377,0.0373,14.5868,100148.3876,-6363212.5378,
142.5500,98645.7154,420.3361,0.0533,1.5342,0.0373,14.5959,100148.3875,-6363212.5381,
142.8000,98687.6559,419.3848,0.0527,1.5307,0.0373,14.6048,100148.3875,-6363212.5384,
143.0500,98729.0026,418.4449,0.0520,1.5273,0.0373,14.6137,100148.3874,-6363212.5387,
143.3000,98769.7556,417.5165,0.0514,1.5239,0.0373,14.6225,100148.3874,-6363212.5390,
143.5500,98809.9148,416.5996,0.0508,1.5205,0.0373,14.6312,100148.3873,-6363212.5392,
143.8000,98849.4803,415.6942,0.0503,1.5172,0.0373,14.6399,100148.3873,-6363212.5395,
144.0500,98888.4522,414.8005,0.0497,1.5140,0.0373,14.6485,100148.3872,-6363212.5398,
144.3000,98926.8303,413.9186,0.0492,1.5107,0.0373,14.6569,100148.3872,-6363212.5401,
144.5500,98964.6147,413.0485,0.0486,1.5075,0.0373,14.6654,100148.3871,-6363212.5403,
144.8000,99001.8055,412.1902,0.0481,1.5044,0.0373,14.6737,100148.3871,-6363212.5406,
145.0500,99038.4026,411.3439,0.0476,1.5013,0.0373,14.6820,100148.3870,-6363212.5409,
145.3000,99074.4060,410.5097,0.0471,1.4983,0.0373,14.6901,100148.3870,-6363212.5411,
145.5500,99109.8157,409.6876,0.0466,1.4953,0.0373,14.6983,100148.3870,-6363212.5414,
145.8000,99144.6318,408.8776,0.0462,1.4923,0.0373,14.7063,100148.3869,-6363212.5416,
146.0500,99178.8542,408.0799,0.0457,1.4894,0.0373,14.7143,100148.3869,-6363212.5419,
146.3000,99212.4830,407.2945,0.0453,1.4865,0.0373,14.7222,100148.3869,-6363212.5422,
146.5500,99245.5181,406.5216,0.0448,1.4837,0.0373,14.7300,100148.3868,-6363212.5424,
146.8000,99277.9596,405.7610,0.0444,1.4809,0.0373,14.7377,100148.3868,-6363212.5427,
147.0500,99309.8075,405.0131,0.0440,1.4781,0.0373,14.7454,100148.3868,-6363212.5429,
147.3000,99341.0617,404.2777,0.0436,1.4755,0.0373,14.7530,100148.3868,-6363212.5432,
147.5500,99371.7224,403.5550,0.0432,1.4728,0.0373,14.7606,100148.3867,-6363212.5434,
147.8000,99401.7894,402.8450,0.0428,1.4702,0.0373,14.7680,100148.3867,-6363212.5437,
148.0500,99431.2628,402.1478,0.0424,1.4677,0.0373,14.7755,100148.3867,-6363212.5439,
148.3000,99460.1426,401.4636,0.0421,1.4651,0.0373,14.7828,100148.3867,-6363212.5441,
148.5500,99488.4288,400.7922,0.0417,1.4627,0.0373,14.7901,100148.3866,-6363212.5444,
148.8000,99516.1215,400.1339,0.0414,1.4603,0.0373,14.7973,100148.3866,-6363212.5446,
149.0500,99543.2205,399.4886,0.0410,1.4579,0.0373,14.8044,100148.3866,-6363212.5449,
149.3000,99569.7260,398.8564,0.0407,1.4556,0.0373,14.8115,100148.3866,-6363212.5451,
149.5500,99595.6379,398.2375,0.0404,1.4533,0.0373,14.8185,100148.3866,-6363212.5453,
149.8000,99620.9562,397.6318,0.0401,1.4511,0.0373,14.8255,100148.3866,-6363212.5456,
150.0500,99645.6810,397.0394,0.0398,1.4489,0.0373,14.8324,100148.3865,-6363212.5458,
150.3000,99669.8121,396.4603,0.0395,1.4468,0.0373,14.8392,100148.3865,-6363212.5460,
150.5500,99693.3498,395.8947,0.0393,1.4447,0.0373,14.8459,100148.3865,-6363212.5463,
150.7500,99711.7525,395.4520,0.0390,1.4431,0.0373,14.8513,100148.3865,-6363212.5465,
151.0000,99734.2218,394.9107,0.0388,1.4411,0.0373,14.8580,100148.3865,-6363212.5467,
151.2500,99756.0975,394.3830,0.0385,1.4392,0.0373,14.8646,100148.3865,-6363212.5469,
151.5000,99777.3797,393.8690,0.0383,1.4373,0.0373,14.8711,100148.3865,-6363212.5472,
151.7500,99798.0683,393.3686,0.0380,1.4355,0.0373,14.8776,100148.3865,-6363212.5474,
152.0000,99818.1634,392.8820,0.0378,1.4337,0.0373,14.8840,100148.3864,-6363212.5476,
152.2500,99837.6649,392.4092,0.0376,1.4320,0.0373,14.8903,100148.3864,-6363212.5478,
152.5000,99856.5730,391.9503,0.0374,1.4303,0.0373,14.8966,100148.3864,-6363212.5481,
152.7500,99874.8875,391.5052,0.0372,1.4286,0.0373,14.9029,100148.3864,-6363212.5483,
153.0000,99892.6085,391.0741,0.0370,1.4271,0.0373,14.9091,100148.3864,-6363212.5485,
153.2500,99909.7360,390.6570,0.0368,1.4255,0.0373,14.9152,100148.3864,-6363212.5487,
153.5000,99926.2700,390.2539,0.0366,1.4240,0.0373,14.9213,100148.3864,-6363212.5490,
153.7500,99942.2104,389.8649,0.0364,1.4226,0.0373,14.9273,100148.3864,-6363212.5492,
154.0000,99957.5574,389.4900,0.0362,1.4212,0.0373,14.9333,100148.3864,-6363212.5494,
154.2500,99972.3108,389.1292,0.0361,1.4199,0.0373,14.9392,100148.3864,-6363212.5496,
154.5000,99986.4708,388.7827,0.0359,1.4186,0.0373,14.9450,100148.3864,-6363212.5498,
154.7500,100000.0372,388.4504,0.0358,1.4174,0.0373,14.9509,100148.3864,-6363212.5501,
155.0000,100013.0102,388.1323,0.0356,1.4162,0.0373,14.9566,100148.3864,-6363212.5503,
155.2500,100025.3896,387.8286,0.0355,1.4151,0.0373,14.9623,100148.3864,-6363212.5505,
155.5000,100037.1756,387.5392,0.0354,1.4141,0.0373,14.9680,100148.3864,-6363212.5507,
155.7500,100048.3681,387.2642,0.0353,1.4130,0.0373,14.9736,100148.3864,-6363212.5509,
156.0000,100058.9671,387.0036,0.0351,1.4121,0.0373,14.9791,100148.3864,-6363212.5511,
156.2500,100068.9726,386.7574,0.0350,1.4112,0.0373,14.9846,100148.3863,-6363212.5513,
156.5000,100078.3846,386.5257,0.0349,1.4103,0.0373,14.9901,100148.3863,-6363212.5516,
156.7500,100087.2032,386.3085,0.0348,1.4095,0.0373,14.9955,100148.3863,-6363212.5518,
157.0000,100095.4283,386.1058,0.0347,1.4088,0.0373,15.0008,100148.3863,-6363212.5520,
157.2500,100103.0599,385.9176,0.0347,1.4081,0.0373,15.0061,100148.3863,-6363212.5522,
157.5000,100110.0980,385.7439,0.0346,1.4074,0.0373,15.0114,100148.3863,-6363212.5524,
157.7500,100116.5426,385.5849,0.0345,1.4068,0.0373,15.0166,100148.3863,-6363212.5526,
158.0000,100122.3938,385.4404,0.0345,1.4063,0.0373,15.0217,100148.3863,-6363212.5528,
158.2500,100127.6515,385.3105,0.0344,1.4058,0.0373,15.0268,100148.3863,-6363212.5531,
158.5000,100132.3157,385.1953,0.0343,1.4054,0.0373,15.0319,100148.3863,-6363212.5533,
158.7500,100136.3864,385.0947,0.0343,1.4050,0.0373,15.0369,100148.3863,-6363212.5535,
159.0000,100139.8637,385.0087,0.0343,1.4047,0.0373,15.0419,100148.3863,-6363212.5537,
159.2500,100142.7475,384.9374,0.0342,1.4044,0.0373,15.0468,100148.3863,-6363212.5539,
159.5000,100145.0378,384.8808,0.0342,1.4042,0.0373,15.0517,100148.3863,-6363212.5541,
159.7500,100146.7347,384.8388,0.0342,1.4040,0.0373,15.0566,100148.3863,-6363212.5543,
160.0000,100147.8381,384.8115,0.0342,1.4039,0.0373,15.0614,100148.3863,-6363212.5545,
160.2500,100148.3480,384.7989,0.0342,1.4039,0.0373,15.0661,100148.3863,-6363212.5548,
160.5000,100148.2645,384.8010,0.0342,1.4039,0.0373,15.0708,100148.3863,-6363212.5550,
160.7500,100147.5875,384.8177,0.0342,1.4039,0.0373,15.0755,100148.3863,-6363212.5552,
161.0000,100146.3170,384.8491,0.0342,1.4040,0.0373,15.0801,100148.3863,-6363212.5554,
161.2500,100144.4531,384.8952,0.0342,1.4042,0.0373,15.0847,100148.3863,-6363212.5556,
161.5000,100141.9957,384.9560,0.0342,1.4044,0.0373,15.0892,100148.3863,-6363212.5558,
161.7500,100138.9448,385.0314,0.0343,1.4046,0.0373,15.0937,100148.3863,-6363212.5560,
162.0000,100135.3004,385.1215,0.0343,1.4050,0.0373,15.0982,100148.3863,-6363212.5562,
162.2500,100131.0626,385.2262,0.0343,1.4053,0.0373,15.1026,100148.3863,-6363212.5565,
162.5000,100126.2313,385.3455,0.0344,1.4058,0.0373,15.1070,100148.3863,-6363212.5567,
162.7500,100120.8066,385.4795,0.0344,1.4062,-0.0873,15.1114,100148.3863,-6363212.5569,
163.0000,100114.7883,385.6281,0.0345,1.4068,-0.0873,15.1157,100148.3863,-6363212.5571,
163.2500,100108.1766,385.7912,0.0346,1.4074,-0.0873,15.1199,100148.3863,-6363212.5573,
163.5000,100100.9714,385.9690,0.0347,1.4080,-0.0873,15.1241,100148.3863,-6363212.5575,
163.7500,100093.1727,386.1612,0.0347,1.4087,-0.0873,15.1283,100148.3863,-6363212.5577,
164.0000,100084.7806,386.3680,0.0348,1.4094,-0.0873,15.1325,100148.3863,-6363212.5579,
164.2500,100075.7950,386.5893,0.0349,1.4102,-0.0873,15.1366,100148.3863,-6363212.5582,
164.5000,100066.2159,386.8251,0.0350,1.4111,-0.0873,15.1407,100148.3863,-6363212.5584,
164.7500,100056.0433,387.0753,0.0351,1.4120,-0.0873,15.1447,100148.3863,-6363212.5586,
165.0000,100045.2772,387.3400,0.0352,1.4129,-0.0873,15.1487,100148.3863,-6363212.5588,
165.2500,100033.9176,387.6190,0.0354,1.4139,-0.0873,15.1527,100148.3863,-6363212.5590,
165.5000,100021.9646,387.9125,0.0355,1.4150,-0.0873,15.1566,100148.3863,-6363212.5592,
165.7500,100009.4181,388.2202,0.0356,1.4161,-0.0873,15.1605,100148.3863,-6363212.5595,
166.0000,99996.2780,388.5422,0.0358,1.4173,-0.0873,15.1643,100148.3863,-6363212.5597,
166.2500,99982.5445,388.8786,0.0359,1.4185,-0.0873,15.1682,100148.3863,-6363212.5599,
166.5000,99968.2175,389.2291,0.0361,1.4198,-0.0873,15.1720,100148.3863,-6363212.5601,
166.7500,99953.2969,389.5938,0.0362,1.4211,-0.0873,15.1757,100148.3863,-6363212.5603,
167.0000,99937.7829,389.9727,0.0364,1.4224,-0.0873,15.1794,100148.3863,-6363212.5605,
167.2500,99921.6753,390.3656,0.0366,1.4239,-0.0873,15.1831,100148.3863,-6363212.5608,
167.5000,99904.9743,390.7727,0.0368,1.4253,-0.0873,15.1868,100148.3863,-6363212.5610,
167.7500,99887.6797,391.1937,0.0369,1.4269,-0.0873,15.1904,100148.3863,-6363212.5612,
168.0000,99869.7916,391.6288,0.0371,1.4285,-0.0873,15.1940,100148.3863,-6363212.5614,
168.2500,99851.3101,392.0777,0.0373,1.4301,-0.0873,15.1975,100148.3862,-6363212.5617,
168.5000,99832.2349,392.5406,0.0376,1.4318,-0.0873,15.2010,100148.3862,-6363212.5619,
168.7500,99812.5663,393.0173,0.0378,1.4335,-0.0873,15.2045,100148.3862,-6363212.5621,
169.0000,99792.3041,393.5077,0.0380,1.4353,-0.0873,15.2080,100148.3862,-6363212.5623,
169.2500,99771.4484,394.0119,0.0382,1.4371,-0.0873,15.2114,100148.3862,-6363212.5626,
169.5000,99749.9991,394.5298,0.0385,1.4390,-0.0873,15.2148,100148.3862,-6363212.5628,
169.7500,99727.9564,395.0613,0.0387,1.4409,-0.0873,15.2182,100148.3862,-6363212.5630,
170.0000,99705.3200,395.6064,0.0390,1.4429,-0.0873,15.2215,100148.3862,-6363212.5633,
170.2500,99682.0901,396.1650,0.0393,1.4449,-0.0873,15.2248,100148.3862,-6363212.5635,
170.5000,99658.2667,396.7370,0.0396,1.4470,-0.0873,15.2281,100148.3861,-6363212.5637,
170.7500,99633.8497,397.3225,0.0398,1.4491,-0.0873,15.2313,100148.3861,-6363212.5640,
171.0000,99608.8392,397.9213,0.0401,1.4513,-0.0873,15.2346,100148.3861,-6363212.5642,
171.2500,99583.2350,398.5334,0.0404,1.4535,-0.0873,15.2378,100148.3861,-6363212.5644,
171.5000,99557.0373,399.1587,0.0408,1.4558,-0.0873,15.2409,100148.3861,-6363212.5647,
171.7500,99530.2461,399.7972,0.0411,1.4581,-0.0873,15.2440,100148.3861,-6363212.5649,
172.0000,99502.8612,400.4487,0.0414,1.4605,-0.0873,15.2471,100148.3860,-6363212.5651,
172.2500,99474.8828,401.1133,0.0417,1.4629,-0.0873,15.2502,100148.3860,-6363212.5654,
172.5000,99446.3107,401.7909,0.0421,1.4653,-0.0873,15.2533,100148.3860,-6363212.5656,
172.7500,99417.1451,402.4814,0.0425,1.4679,-0.0873,15.2563,100148.3860,-6363212.5659,
173.0000,99387.3859,403.1847,0.0428,1.4704,-0.0873,15.2593,100148.3860,-6363212.5661,
173.2500,99357.0331,403.9008,0.0432,1.4730,-0.0873,15.2622,100148.3859,-6363212.5664,
173.5000,99326.0866,404.6296,0.0436,1.4757,-0.0873,15.2652,100148.3859,-6363212.5666,
173.7500,99294.5465,405.3711,0.0440,1.4784,-0.0873,15.2681,100148.3859,-6363212.5669,
174.0000,99262.4128,406.1251,0.0444,1.4811,-0.0873,15.2710,100148.3859,-6363212.5671,
174.2500,99229.6855,406.8916,0.0449,1.4839,-0.0873,15.2738,100148.3858,-6363212.5674,
174.5000,99196.3646,407.6705,0.0453,1.4867,-0.0873,15.2767,100148.3858,-6363212.5676,
174.7500,99162.4500,408.4618,0.0457,1.4896,-0.0873,15.2795,100148.3858,-6363212.5679,
175.0000,99127.9417,409.2654,0.0462,1.4925,-0.0873,15.2822,100148.3857,-6363212.5681,
175.2500,99092.8398,410.0813,0.0467,1.4955,-0.0873,15.2850,100148.3857,-6363212.5684,
175.5000,99057.1443,410.9092,0.0471,1.4985,-0.0873,15.2877,100148.3857,-6363212.5686,
175.7500,99020.8550,411.7493,0.0476,1.5016,-0.0873,15.2904,100148.3856,-6363212.5689,
176.0000,98983.9721,412.6013,0.0482,1.5047,-0.0873,15.2931,100148.3856,-6363212.5692,
176.2500,98946.4955,413.4652,0.0487,1.5078,-0.0873,15.2958,100148.3855,-6363212.5694,
176.5000,98908.4253,414.3411,0.0492,1.5110,-0.0873,15.2984,100148.3855,-6363212.5697,
176.7500,98869.7613,415.2286,0.0498,1.5142,-0.0873,15.3010,100148.3855,-6363212.5700,
177.0000,98830.5036,416.1279,0.0503,1.5175,-0.0873,15.3036,100148.3854,-6363212.5703,
177.2500,98790.6522,417.0389,0.0509,1.5208,-0.0873,15.3062,100148.3854,-6363212.5705,
177.5000,98750.2071,417.9613,0.0515,1.5242,-0.0873,15.3087,100148.3853,-6363212.5708,
177.7500,98709.1683,418.8953,0.0521,1.5276,-0.0873,15.3112,100148.3853,-6363212.5711,
178.0000,98667.5358,419.8406,0.0527,1.5310,-0.0873,15.3137,100148.3852,-6363212.5714,
178.2500,98625.3095,420.7973,0.0533,1.5345,-0.0873,15.3162,100148.3852,-6363212.5716,
178.5000,98582.4894,421.7652,0.0540,1.5380,-0.0873,15.3186,100148.3851,-6363212.5719,
178.7500,98539.0756,422.7443,0.0547,1.5416,-0.0873,15.3211,100148.3850,-6363212.5722,
179.0000,98495.0681,423.7345,0.0553,1.5452,-0.0873,15.3235,100148.3850,-6363212.5725,
179.2500,98450.4667,424.7357,0.0560,1.5488,-0.0873,15.3259,100148.3849,-6363212.5728,
179.5000,98405.2716,425.7479,0.0568,1.5525,-0.0873,15.3282,100148.3849,-6363212.5731,
179.7500,98359.4828,426.7709,0.0575,1.5562,-0.0873,15.3306,100148.3848,-6363212.5734,
180.0000,98313.1001,427.8047,0.0583,1.5600,-0.0873,15.3329,100148.3847,-6363212.5737,
180.2500,98266.1236,428.8492,0.0590,1.5638,-0.0873,15.3352,100148.3846,-6363212.5740,
180.5000,98218.5533,429.9044,0.0598,1.5676,-0.0873,15.3374,100148.3846,-6363212.5743,
180.7500,98170.3891,430.9701,0.0606,1.5715,-0.0873,15.3397,100148.3845,-6363212.5746,
181.0000,98121.6312,432.0462,0.0615,1.5754,-0.0873,15.3419,100148.3844,-6363212.5749,
181.2500,98072.2794,433.1328,0.0623,1.5794,-0.0873,15.3442,100148.3843,-6363212.5753,
181.5000,98022.3338,434.2297,0.0632,1.5834,-0.0873,15.3463,100148.3842,-6363212.5756,
181.7500,97971.7943,435.3369,0.0641,1.5874,-0.0873,15.3485,100148.3842,-6363212.5759,
182.0000,97920.6609,436.4542,0.0650,1.5915,-0.0873,15.3507,100148.3841,-6363212.5762,
182.2500,97868.9337,437.5816,0.0659,1.5956,-0.0873,15.3528,100148.3840,-6363212.5765,
182.5000,97816.6125,438.7190,0.0669,1.5997,-0.0873,15.3549,100148.3839,-6363212.5769,
182.7500,97763.6975,439.8664,0.0678,1.6039,-0.0873,15.3570,100148.3838,-6363212.5772,
183.0000,97710.1886,441.0236,0.0688,1.6081,-0.0873,15.3591,100148.3837,-6363212.5776,
183.2500,97656.0858,442.1906,0.0699,1.6124,-0.0873,15.3612,100148.3836,-6363212.5779,
183.5000,97601.3890,443.3673,0.0709,1.6167,-0.0873,15.3632,100148.3834,-6363212.5782,
183.7500,97546.0983,444.5537,0.0720,1.6210,-0.0873,15.3652,100148.3833,-6363212.5786,
184.0000,97490.2137,445.7496,0.0731,1.6253,-0.0873,15.3672,100148.3832,-6363212.5789,
184.2500,97433.7351,446.9550,0.0742,1.6297,-0.0873,15.3692,100148.3831,-6363212.5793,
184.5000,97376.6625,448.1698,0.0754,1.6342,-0.0873,15.3712,100148.3830,-6363212.5797,
184.7500,97318.9960,449.3939,0.0766,1.6386,-0.0873,15.3732,100148.3828,-6363212.5800,
185.0000,97260.7354,450.6273,0.0778,1.6431,-0.0873,15.3751,100148.3827,-6363212.5804,
185.2500,97201.8809,451.8698,0.0791,1.6476,-0.0873,15.3770,100148.3826,-6363212.5808,
185.5000,97142.4324,453.1215,0.0803,1.6522,-0.0873,15.3789,100148.3824,-6363212.5811,
185.7500,97082.3899,454.3822,0.0816,1.6568,-0.0873,15.3808,100148.3823,-6363212.5815,
186.0000,97021.7533,455.6518,0.0830,1.6614,-0.0873,15.3826,100148.3821,-6363212.5819,
186.2500,96960.5227,456.9303,0.0844,1.6661,-0.0873,15.3845,100148.3820,-6363212.5823,
186.5000,96898.6980,458.2177,0.0858,1.6708,-0.0873,15.3863,100148.3818,-6363212.5827,
186.7500,96836.2793,459.5137,0.0872,1.6755,-0.0873,15.3881,100148.3816,-6363212.5831,
187.0000,96773.2665,460.8185,0.0887,1.6802,-0.0873,15.3899,100148.3814,-6363212.5835,
187.2500,96709.6596,462.1318,0.0902,1.6850,-0.0873,15.3917,100148.3813,-6363212.5839,
187.5000,96645.4586,463.4536,0.0917,1.6898,-0.0873,15.3935,100148.3811,-6363212.5843,
187.7500,96580.6635,464.7839,0.0933,1.6947,-0.0873,15.3952,100148.3809,-6363212.5847,
188.0000,96515.2743,466.1226,0.0950,1.6996,-0.0873,15.3970,100148.3807,-6363212.5852,
188.2500,96449.2910,467.4696,0.0966,1.7045,-0.0873,15.3987,100148.3805,-6363212.5856,
188.5000,96382.7135,468.8248,0.0983,1.7094,-0.0873,15.4004,100148.3803,-6363212.5860,
188.7500,96315.5419,470.1881,0.1001,1.7144,-0.0873,15.4021,100148.3801,-6363212.5865,
189.0000,96247.7760,471.5596,0.1019,1.7194,-0.0873,15.4037,100148.3799,-6363212.5869,
189.2500,96179.4161,472.9391,0.1037,1.7244,-0.0873,15.4054,100148.3796,-6363212.5874,
189.5000,96110.4619,474.3265,0.1056,1.7295,-0.0873,15.4070,100148.3794,-6363212.5878,
189.7500,96040.9135,475.7218,0.1075,1.7345,-0.0873,15.4087,100148.3791,-6363212.5883,
190.0000,95970.7708,477.1250,0.1095,1.7397,-0.0873,15.4103,100148.3789,-6363212.5888,
190.2500,95900.0340,478.5359,0.1116,1.7448,-0.0873,15.4119,100148.3786,-6363212.5893,
190.5000,95828.7029,479.9545,0.1137,1.7500,-0.0873,15.4135,100148.3784,-6363212.5897,
190.7500,95756.7776,481.3807,0.1158,1.7552,-0.0873,15.4150,100148.3781,-6363212.5902,
191.0000,95684.2579,482.8144,0.1180,1.7604,-0.0873,15.4166,100148.3778,-6363212.5907,
191.2500,95611.1440,484.2557,0.1202,1.7656,-0.0873,15.4181,100148.3775,-6363212.5912,
191.5000,95537.4358,485.7043,0.1225,1.7709,-0.0873,15.4197,100148.3772,-6363212.5917,
191.7500,95463.1333,487.1603,0.1249,1.7762,-0.0873,15.4212,100148.3769,-6363212.5923,
192.0000,95388.2365,488.6236,0.1273,1.7816,-0.0873,15.4227,100148.3766,-6363212.5928,
192.2500,95312.7453,490.0941,0.1298,1.7869,-0.0873,15.4242,100148.3763,-6363212.5933,
192.5000,95236.6597,491.5718,0.1324,1.7923,-0.0873,15.4256,100148.3759,-6363212.5939,
192.7500,95159.9798,493.0566,0.1350,1.7977,-0.0873,15.4271,100148.3756,-6363212.5944,
193.0000,95082.7056,494.5484,0.1377,1.8032,-0.0873,15.4285,100148.3752,-6363212.5950,
193.2500,95004.8369,496.0472,0.1404,1.8086,-0.0873,15.4300,100148.3748,-6363212.5955,
193.5000,94926.3738,497.5529,0.1433,1.8141,-0.0873,15.4314,100148.3745,-6363212.5961,
193.7500,94847.3163,499.0654,0.1462,1.8196,-0.0873,15.4328,100148.3741,-6363212.5967,
194.0000,94767.6644,500.5848,0.1491,1.8252,-0.0873,15.4342,100148.3737,-6363212.5973,
194.2500,94687.4180,502.1108,0.1522,1.8307,-0.0873,15.4356,100148.3732,-6363212.5979,
194.5000,94606.5771,503.6436,0.1553,1.8363,-0.0873,15.4369,100148.3728,-6363212.5985,
194.7500,94525.1417,505.1829,0.1585,1.8419,-0.0873,15.4383,100148.3724,-6363212.5991,
195.0000,94443.1119,506.7288,0.1618,1.8476,-0.0873,15.4396,100148.3719,-6363212.5997,
195.2500,94360.4875,508.2811,0.1652,1.8532,-0.0873,15.4410,100148.3714,-6363212.6004,
195.5000,94277.2687,509.8400,0.1687,1.8589,-0.0873,15.4423,100148.3710,-6363212.6010,
195.7500,94193.4552,511.4051,0.1723,1.8646,-0.0873,15.4436,100148.3705,-6363212.6017,
196.0000,94109.0473,512.9766,0.1760,1.8703,-0.0873,15.4449,100148.3699,-6363212.6024,
196.2500,94024.0447,514.5544,0.1797,1.8761,-0.0873,15.4462,100148.3694,-6363212.6030,
196.5000,93938.4476,516.1383,0.1836,1.8819,-0.0873,15.4474,100148.3689,-6363212.6037,
196.7500,93852.2558,517.7285,0.1876,1.8877,-0.0873,15.4487,100148.3683,-6363212.6044,
197.0000,93765.4695,519.3247,0.1916,1.8935,-0.0873,15.4500,100148.3677,-6363212.6052,
197.2500,93678.0885,520.9269,0.1958,1.8993,-0.0873,15.4512,100148.3671,-6363212.6059,
197.5000,93590.1128,522.5351,0.2001,1.9052,-0.0873,15.4524,100148.3665,-6363212.6066,
197.7500,93501.5425,524.1493,0.2046,1.9111,-0.0873,15.4536,100148.3659,-6363212.6074,
198.0000,93412.3775,525.7693,0.2091,1.9170,-0.0873,15.4548,100148.3652,-6363212.6081,
198.2500,93322.6178,527.3952,0.2138,1.9229,-0.0873,15.4560,100148.3645,-6363212.6089,
198.5000,93232.2634,529.0268,0.2186,1.9288,-0.0873,15.4572,100148.3638,-6363212.6097,
198.7500,93141.3142,530.6641,0.2235,1.9348,-0.0873,15.4584,100148.3631,-6363212.6105,
199.0000,93049.7703,532.3071,0.2285,1.9408,-0.0873,15.4596,100148.3624,-6363212.6113,
199.2500,92957.6317,533.9558,0.2337,1.9468,-0.0873,15.4607,100148.3616,-6363212.6122,
199.5000,92864.8982,535.6100,0.2391,1.9528,-0.0873,15.4619,100148.3608,-6363212.6130,
199.7500,92771.5700,537.2697,0.2446,1.9589,-0.0873,15.4630,100148.3600,-6363212.6139,
200.0000,92677.6469,538.9348,0.2502,1.9650,-0.0873,15.4641,100148.3592,-6363212.6148,
200.2500,92583.1290,540.6054,0.2560,1.9711,-0.0873,15.4652,100148.3583,-6363212.6156,
200.5000,92488.0162,542.2814,0.2620,1.9772,-0.0873,15.4663,100148.3574,-6363212.6166,
200.7500,92392.3086,543.9627,0.2681,1.9833,-0.0873,15.4674,100148.3565,-6363212.6175,
201.0000,92296.0061,545.6492,0.2744,1.9895,-0.0873,15.4685,100148.3556,-6363212.6184,
201.2500,92199.1087,547.3410,0.2809,1.9956,-0.0873,15.4696,100148.3546,-6363212.6194,
201.5000,92101.6164,549.0379,0.2876,2.0018,-0.0873,15.4706,100148.3536,-6363212.6204,
201.7500,92003.5291,550.7400,0.2945,2.0080,-0.0873,15.4717,100148.3525,-6363212.6214,
202.0000,91904.8469,552.4472,0.3015,2.0142,-0.0873,15.4727,100148.3515,-6363212.6224,
202.2500,91805.5697,554.1594,0.3088,2.0205,-0.0873,15.4737,100148.3504,-6363212.6234,
202.5000,91705.6975,555.8765,0.3162,2.0267,-0.0873,15.4748,100148.3492,-6363212.6245,
202.7500,91605.2303,557.5987,0.3239,2.0330,-0.0873,15.4758,100148.3481,-6363212.6255,
203.0000,91504.1680,559.3257,0.3318,2.0393,-0.0873,15.4768,100148.3469,-6363212.6266,
203.2500,91402.5108,561.0576,0.3399,2.0456,-0.0873,15.4778,100148.3456,-6363212.6277,
203.5000,91300.2584,562.7943,0.3483,2.0520,-0.0873,15.4788,100148.3443,-6363212.6289,
203.7500,91197.4110,564.5358,0.3569,2.0583,-0.0873,15.4797,100148.3430,-6363212.6300,
204.0000,91093.9684,566.2820,0.3658,2.0647,-0.0873,15.4807,100148.3416,-6363212.6312,
204.2500,90989.9308,568.0329,0.3749,2.0711,-0.0873,15.4817,100148.3402,-6363212.6324,
204.5000,90885.2980,569.7885,0.3843,2.0775,-0.0873,15.4826,100148.3388,-6363212.6336,
204.7500,90780.0700,571.5486,0.3939,2.0839,-0.0873,15.4836,100148.3373,-6363212.6349,
205.0000,90674.2469,573.3134,0.4039,2.0903,-0.0873,15.4845,100148.3357,-6363212.6362,
205.2500,90567.8285,575.0826,0.4141,2.0968,-0.0873,15.4854,100148.3341,-6363212.6375,
205.5000,90460.8150,576.8563,0.4247,2.1032,-0.0873,15.4863,100148.3325,-6363212.6388,
205.7500,90353.2062,578.6345,0.4355,2.1097,-0.0873,15.4873,100148.3308,-6363212.6402,
206.0000,90245.0021,580.4170,0.4467,2.1162,-0.0873,15.4882,100148.3290,-6363212.6416,
206.2500,90136.2028,582.2039,0.4582,2.1227,-0.0873,15.4891,100148.3272,-6363212.6430,
206.5000,90026.8081,583.9952,0.4701,2.1293,-0.0873,15.4899,100148.3254,-6363212.6444,
206.7500,89916.8182,585.7907,0.4823,2.1358,-0.0873,15.4908,100148.3234,-6363212.6459,
207.0000,89806.2329,587.5905,0.4949,2.1424,-0.0873,15.4917,100148.3215,-6363212.6474,
207.2500,89695.0523,589.3945,0.5079,2.1490,-0.0873,15.4925,100148.3194,-6363212.6489,
207.5000,89583.2763,591.2027,0.5212,2.1556,-0.0873,15.4934,100148.3173,-6363212.6505,
207.7500,89470.9048,593.0149,0.5350,2.1622,-0.0873,15.4942,100148.3151,-6363212.6521,
208.0000,89357.9380,594.8313,0.5492,2.1688,-0.0873,15.4951,100148.3129,-6363212.6537,
208.2500,89244.3757,596.6518,0.5638,2.1754,-0.0873,15.4959,100148.3105,-6363212.6554,
208.5000,89130.2180,598.4763,0.5789,2.1821,-0.0873,15.4967,100148.3081,-6363212.6571,
208.7500,89015.4648,600.3048,0.5944,2.1887,-0.0873,15.4976,100148.3056,-6363212.6588,
209.0000,88900.1161,602.1372,0.6104,2.1954,-0.0873,15.4984,100148.3031,-6363212.6606,
209.2500,88784.1719,603.9736,0.6269,2.2021,-0.0873,15.4992,100148.3004,-6363212.6624,
209.5000,88667.6321,605.8138,0.6439,2.2088,-0.0873,15.5000,100148.2977,-6363212.6643,
209.7500,88550.4968,607.6579,0.6615,2.2156,-0.0873,15.5007,100148.2949,-6363212.6662,
210.0000,88432.7658,609.5058,0.6796,2.2223,-0.0873,15.5015,100148.2920,-6363212.6681,
210.2500,88314.4393,611.3575,0.6982,2.2291,-0.0873,15.5023,100148.2890,-6363212.6701,
210.5000,88195.5172,613.2130,0.7175,2.2358,-0.0873,15.5031,100148.2859,-6363212.6722,
210.7500,88075.9994,615.0722,0.7373,2.2426,-0.0873,15.5038,100148.2827,-6363212.6742,
211.0000,87955.8859,616.9350,0.7578,2.2494,-0.0873,15.5046,100148.2793,-6363212.6764,
211.2500,87835.1767,618.8015,0.7789,2.2562,-0.0873,15.5053,100148.2759,-6363212.6785,
211.5000,87713.8719,620.6717,0.8007,2.2630,-0.0873,15.5060,100148.2724,-6363212.6808,
211.7500,87591.9713,622.5454,0.8232,2.2699,-0.0873,15.5068,100148.2687,-6363212.6830,
212.0000,87469.4749,624.4227,0.8464,2.2767,-0.0873,15.5075,100148.2650,-6363212.6854,
212.2500,87346.3828,626.3036,0.8703,2.2836,-0.0873,15.5082,100148.2611,-6363212.6877,
212.5000,87222.6948,628.1879,0.8951,2.2904,-0.0873,15.5089,100148.2570,-6363212.6902,
212.7500,87098.4110,630.0757,0.9206,2.2973,-0.0873,15.5096,100148.2529,-6363212.6927,
213.0000,86973.5314,631.9670,0.9469,2.3042,-0.0873,15.5103,100148.2486,-6363212.6952,
213.2500,86848.0559,633.8616,0.9741,2.3111,-0.0873,15.5110,100148.2441,-6363212.6978,
213.5000,86721.9846,635.7597,1.0021,2.3180,-0.0873,15.5117,100148.2395,-6363212.7005,
213.7500,86595.3173,637.6610,1.0311,2.3250,-0.0873,15.5124,100148.2348,-6363212.7033,
214.0000,86468.0540,639.5658,1.0610,2.3319,-0.0873,15.5131,100148.2298,-6363212.7061,
214.2500,86340.1948,641.4738,1.0919,2.3389,-0.0873,15.5137,100148.2248,-6363212.7089,
214.5000,86211.7397,643.3851,1.1238,2.3459,-0.0873,15.5144,100148.2195,-6363212.7119,
214.7500,86082.6885,645.2996,1.1568,2.3528,-0.0873,15.5151,100148.2141,-6363212.7149,
215.0000,85953.0413,647.2173,1.1908,2.3598,-0.0873,15.5157,100148.2085,-6363212.7180,
215.2500,85822.7981,649.1383,1.2260,2.3668,-0.0873,15.5163,100148.2027,-6363212.7211,
215.5000,85691.9587,651.0623,1.2623,2.3739,-0.0873,15.5170,100148.1967,-6363212.7244,
215.7500,85560.5233,652.9896,1.2998,2.3809,-0.0873,15.5176,100148.1905,-6363212.7277,
216.0000,85428.4918,654.9199,1.3386,2.3879,-0.0873,15.5182,100148.1840,-6363212.7311,
216.2500,85295.8641,656.8533,1.3787,2.3950,-0.0873,15.5189,100148.1774,-6363212.7346,
216.5000,85162.6402,658.7897,1.4201,2.4020,-0.0873,15.5195,100148.1705,-6363212.7382,
216.7500,85028.8201,660.7292,1.4629,2.4091,-0.0873,15.5201,100148.1634,-6363212.7419,
217.0000,84894.4039,662.6717,1.5072,2.4162,-0.0873,15.5207,100148.1561,-6363212.7456,
217.2500,84759.3914,664.6172,1.6468,2.4225,-0.0873,15.5213,100148.1483,-6363212.7496,
217.5000,84623.7826,666.5656,1.6943,2.4278,-0.0873,15.5219,100148.1399,-6363212.7538,
217.7500,84487.5775,668.5169,1.7433,2.4332,-0.0873,15.5225,100148.1313,-6363212.7581,
218.0000,84350.7762,670.4712,1.7937,2.4385,-0.0873,15.5231,100148.1224,-6363212.7625,
218.2500,84213.3785,672.4283,1.8458,2.4438,-0.0873,15.5236,100148.1132,-6363212.7670,
218.5000,84075.3844,674.3882,1.8995,2.4492,-0.0873,15.5242,100148.1036,-6363212.7716,
218.7500,83936.7940,676.3511,1.9548,2.4545,-0.0873,15.5248,100148.0938,-6363212.7764,
219.0000,83797.6071,678.3167,2.0119,2.4598,-0.0873,15.5253,100148.0836,-6363212.7812,
219.2500,83657.8239,680.2851,2.0707,2.4651,-0.0873,15.5259,100148.0731,-6363212.7862,
219.5000,83517.4441,682.2563,2.1315,2.4704,-0.0873,15.5264,100148.0622,-6363212.7913,
219.7500,83376.4679,684.2302,2.1941,2.4758,-0.0873,15.5270,100148.0510,-6363212.7965,
220.0000,83234.8952,686.2068,2.2587,2.4811,-0.0873,15.5275,100148.0393,-6363212.8019,
220.2500,83092.7260,688.1861,2.3253,2.4864,-0.0873,15.5281,100148.0273,-6363212.8074,
220.5000,82949.9602,690.1681,2.3940,2.4917,-0.0873,15.5286,100148.0149,-6363212.8130,
220.7500,82806.5978,692.1528,2.4649,2.4970,-0.0873,15.5291,100148.0020,-6363212.8188,
221.0000,82662.6388,694.1400,2.5380,2.5022,-0.0873,15.5296,100147.9888,-6363212.8247,
221.2500,82518.0832,696.1299,2.6134,2.5075,-0.0873,15.5302,100147.9750,-6363212.8308,
221.5000,82372.9309,698.1224,2.6912,2.5128,-0.0873,15.5307,100147.9608,-6363212.8371,
221.7500,82227.1820,700.1175,2.7715,2.5181,-0.0873,15.5312,100147.9461,-6363212.8435,
222.0000,82080.8363,702.1150,2.8544,2.5233,-0.0873,15.5317,100147.9309,-6363212.8500,
222.2500,81933.8940,704.1152,2.9399,2.5286,-0.0873,15.5322,100147.9152,-6363212.8568,
222.5000,81786.3548,706.1178,3.0281,2.5339,-0.0873,15.5327,100147.8989,-6363212.8637,
222.7500,81638.2189,708.1229,3.1191,2.5391,-0.0873,15.5332,100147.8821,-6363212.8707,
223.0000,81489.4862,710.1305,3.2130,2.5444,-0.0873,15.5337,100147.8648,-6363212.8780,
223.2500,81340.1566,712.1405,3.3099,2.5496,-0.0873,15.5341,100147.8468,-6363212.8855,
223.5000,81190.2302,714.1529,3.4099,2.5548,-0.0873,15.5346,100147.8282,-6363212.8931,
223.7500,81039.7070,716.1678,3.5131,2.5601,-0.0873,15.5351,100147.8089,-6363212.9010,
224.0000,80888.5868,718.1850,3.6197,2.5653,-0.0873,15.5356,100147.7890,-6363212.9090,
224.2500,80736.8696,720.2046,3.7296,2.5705,-0.0873,15.5360,100147.7684,-6363212.9173,
224.5000,80584.5555,722.2266,3.8431,2.5757,-0.0873,15.5365,100147.7472,-6363212.9258,
224.7500,80431.6445,724.2509,3.9603,2.5809,-0.0873,15.5369,100147.7251,-6363212.9345,
225.0000,80278.1364,726.2775,4.0812,2.5861,-0.0873,15.5374,100147.7023,-6363212.9434,
225.2500,80124.0313,728.3064,4.2060,2.5913,-0.0873,15.5378,100147.6788,-6363212.9526,
225.5000,79969.3291,730.3376,4.3349,2.5965,-0.0873,15.5383,100147.6544,-6363212.9620,
225.7500,79814.0298,732.3710,4.4679,2.6017,-0.0873,15.5387,100147.6291,-6363212.9717,
226.0000,79658.1335,734.4067,4.6052,2.6068,-0.0873,15.5392,100147.6030,-6363212.9816,
226.2500,79501.6399,736.4446,4.7470,2.6120,-0.0873,15.5396,100147.5760,-6363212.9918,
226.5000,79344.5493,738.4847,4.8934,2.6172,-0.0873,15.5400,100147.5480,-6363213.0023,
226.7500,79186.8614,740.5270,5.0445,2.6223,-0.0873,15.5404,100147.5191,-6363213.0131,
227.0000,79028.5763,742.5714,5.2006,2.6275,-0.0873,15.5409,100147.4892,-6363213.0241,
227.2500,78869.6940,744.6181,5.3617,2.6326,-0.0873,15.5413,100147.4582,-6363213.0355,
227.5000,78710.2144,746.6668,5.5281,2.6377,-0.0873,15.5417,100147.4261,-6363213.0471,
227.7500,78550.1375,748.7177,5.7000,2.6429,-0.0873,15.5421,100147.3930,-6363213.0591,
228.0000,78389.4633,750.7707,5.8774,2.6480,-0.0873,15.5425,100147.3586,-6363213.0714,
228.2500,78228.1917,752.8257,6.0606,2.6531,-0.0873,15.5429,100147.3231,-6363213.0840,
228.5000,78066.3228,754.8829,6.2499,2.6582,-0.0873,15.5433,100147.2863,-6363213.0970,
228.7500,77903.8565,756.9421,6.4453,2.6633,-0.0873,15.5437,100147.2483,-6363213.1103,
229.0000,77740.7927,759.0033,6.6472,2.6684,-0.0873,15.5441,100147.2089,-6363213.1240,
229.2500,77577.1315,761.0666,6.8557,2.6735,-0.0873,15.5445,100147.1681,-6363213.1381,
229.5000,77412.8729,763.1318,7.0710,2.6785,-0.0873,15.5449,100147.1259,-6363213.1525,
229.7500,77248.0167,765.1991,7.2934,2.6836,-0.0873,15.5452,100147.0822,-6363213.1674,
230.0000,77082.5630,767.2683,7.5232,2.6887,-0.0873,15.5456,100147.0370,-6363213.1827,
230.2500,76916.5118,769.3395,7.7605,2.6937,-0.0873,15.5460,100146.9902,-6363213.1984,
230.5000,76749.8629,771.4127,8.0057,2.6988,-0.0873,15.5464,100146.9417,-6363213.2145,
230.7500,76582.6165,773.4878,8.2590,2.7038,-0.0873,15.5467,100146.8916,-6363213.2311,
231.0000,76414.7724,775.5648,8.5206,2.7088,-0.0873,15.5471,100146.8396,-6363213.2481,
231.2500,76246.3307,777.6436,8.7909,2.7139,-0.0873,15.5474,100146.7859,-6363213.2656,
231.5000,76077.2914,779.7244,9.0702,2.7189,-0.0873,15.5478,100146.7302,-6363213.2836,
231.7500,75907.6543,781.8071,9.3588,2.7239,-0.0873,15.5482,100146.6726,-6363213.3022,
232.0000,75737.4194,783.8916,9.6569,2.7289,-0.0873,15.5485,100146.6129,-6363213.3212,
232.2500,75566.5869,785.9779,9.9649,2.7339,-0.0873,15.5489,100146.5511,-6363213.3408,
232.5000,75395.7469,777.5450,10.0443,2.7070,-0.0873,15.5231,99911.6350,-6363734.8151,
232.7500,75224.9802,772.7597,10.1842,2.6883,-0.0873,15.4705,99716.9250,-6364098.9702,
233.0000,75054.3787,767.5968,10.3153,2.6684,-0.0873,15.3928,99481.5502,-6364447.8857,
233.2500,74884.1233,761.9186,10.4328,2.6469,-0.0873,15.2902,99190.2816,-6364777.2312,
233.5000,74714.4445,755.6364,10.5328,2.6234,-0.0873,15.1627,98830.4170,-6365081.1830,
233.7500,74545.6112,748.7341,10.6130,2.5978,-0.0873,15.0106,98393.3461,-6365352.2791,
234.0000,74377.9140,741.2956,10.6738,2.5703,-0.0873,14.8340,97876.5084,-6365581.4848,
234.2500,74211.6397,733.5348,10.7192,2.5415,-0.0873,14.6331,97285.5560,-6365758.4916,
234.5000,74047.0383,725.8205,10.7582,2.5127,-0.0873,14.4082,96636.3665,-6365872.2782,
234.7500,73884.2810,718.6887,10.8054,2.4856,-0.0873,14.1592,95956.4026,-6365912.0011,
235.0000,73723.4132,712.8268,10.8812,2.4623,-0.0873,13.8865,95284.8421,-6365868.3538,
235.2500,73564.3086,709.0155,11.0113,2.4457,-0.0873,13.5902,94670.9447,-6365735.6147,
235.5000,73406.6314,708.0147,11.2236,2.4383,-0.0873,13.2704,94170.2955,-6365514.6064,
235.7500,73249.8214,710.3981,11.5447,2.4422,-0.0873,12.9273,93838.7864,-6365216.5164,
236.0000,73093.1123,716.3605,11.9938,2.4585,-0.0873,12.5612,93724.3647,-6364866.8438,
236.2500,72935.5975,725.5538,12.5760,2.4862,-0.0873,12.1720,93856.7016,-6364507.6451,
236.5000,72776.3442,737.0112,13.2757,2.5225,-0.0873,11.7601,94235.3040,-6364195.3001,
236.7500,72614.5526,749.2110,14.0532,2.5624,-0.0873,11.3255,94817.8133,-6363991.2162,
237.0000,72449.7315,760.2909,14.8455,2.5997,-0.0873,10.8685,95512.6785,-6363945.3023,
237.2500,72281.8523,768.3911,15.5752,2.6279,-0.0873,10.3892,96183.2000,-6364076.5241,
237.5000,72111.4265,772.0789,16.1665,2.6417,-0.0873,9.8877,96670.3191,-6364359.0824,
237.7500,71939.4570,770.7875,16.5694,2.6385,-0.0873,9.3642,96835.9030,-6364722.8470,
238.0000,71767.2353,765.1739,16.7826,2.6198,-0.0873,8.8189,96616.0610,-6365070.5260,
238.2500,71596.0041,757.2495,16.8692,2.5914,-0.0873,8.2519,96061.4270,-6365305.0468,
238.5000,71426.5635,750.0889,16.9524,2.5635,-0.0873,7.6634,95339.5342,-6365356.5842,
238.7500,71258.9523,746.9655,17.1843,2.5473,-0.0873,7.0535,94689.5877,-6365203.5540,
239.0000,71092.4804,748.5448,17.6405,2.5475,0.0873,6.4398,94274.5190,-6364905.6670,
239.2500,70926.0488,755.7906,19.4564,2.5663,0.0873,5.8581,94220.4370,-6364534.4088,
239.5000,70758.2095,767.0864,20.4936,2.5999,0.0873,5.3092,94567.0117,-6364195.8168,
239.7500,70587.8124,779.5586,21.6821,2.6394,0.0873,4.7929,95203.9366,-6363993.8434,
240.0000,70414.2878,790.5490,22.8781,2.6753,0.0873,4.3089,95960.0435,-6363981.0380,
240.2500,70237.6973,798.2502,23.9579,2.7009,0.0873,3.8571,96657.1659,-6364151.0914,
240.5000,70058.6150,801.8552,24.8418,2.7128,0.0873,3.4371,97153.4386,-6364454.2841,
240.7500,69877.9253,801.4078,25.4993,2.7108,0.0873,3.0487,97367.5045,-6364823.0698,
241.0000,69696.6143,797.5323,25.9422,2.6966,0.0873,2.6917,97281.4107,-6365194.2891,
241.2500,69515.6026,791.1564,26.2112,2.6734,0.0873,2.3659,96927.2344,-6365521.3644,
241.5000,69335.6416,783.2833,26.3612,2.6446,0.0873,2.0710,96366.3205,-6365776.9247,
241.7500,69157.2684,774.8316,26.4488,2.6133,0.0873,1.8068,95669.2504,-6365949.7094,
242.0000,68980.8087,766.5416,26.5244,2.5822,0.0873,1.5731,94901.2332,-6366039.5684,
242.2500,68806.4081,758.9372,26.6269,2.5532,0.0873,1.3696,94114.0643,-6366052.8624,
242.5000,68634.0769,752.3278,26.7826,2.5275,0.0873,1.1961,93343.5319,-6365999.1049,
242.7500,68463.7376,746.8359,27.0058,2.5057,0.0873,1.0524,92610.3415,-6365888.8432,
243.0000,68295.2674,742.4356,27.3005,2.4876,0.0873,0.9383,91922.7705,-6365732.4792,
243.2500,68128.5329,738.9931,27.6625,2.4728,0.0873,0.8536,91279.8011,-6365539.7312,
243.5000,67963.4161,736.3019,28.0811,2.4608,0.0873,0.7979,90674.0409,-6365319.5241,
243.7500,67799.8321,734.1108,28.5408,2.4507,0.0873,0.7711,90094.1651,-6365080.1753,
244.0000,67637.7405,732.1436,29.0225,2.4416,0.0873,0.7730,89526.8769,-6364829.7918,
244.2500,67477.1496,730.1132,29.5042,2.4325,0.0873,0.8034,88958.5171,-6364576.8059,
244.5000,67318.1170,727.7326,29.9618,2.4225,0.0873,0.8620,88376.4982,-6364330.5738,
244.7500,67160.7432,724.7260,30.3700,2.4106,0.0873,0.9486,87770.7282,-6364101.9314,
245.0000,67005.1604,720.8434,30.7036,2.3960,0.0873,1.0631,87135.1304,-6363903.5611,
245.2500,66851.4495,717.0648,31.0142,2.3809,-0.0813,1.1867,86496.6573,-6363712.9118,
245.5000,66699.6754,712.1759,31.2574,2.3636,0.0049,1.2969,85840.9270,-6363552.1988,
245.7500,66549.9542,706.5769,31.4041,2.3431,-0.0404,1.3953,85165.8538,-6363439.7067,
246.0000,66402.3624,700.1515,31.4782,2.3205,0.0432,1.4829,84484.9138,-6363364.7018,
246.2500,66256.9428,693.2987,31.4700,2.2956,-0.0873,1.5616,83804.5336,-6363337.9490,
246.5000,66113.7161,685.8370,31.4179,2.2697,0.0358,1.6314,83131.0728,-6363332.3064,
246.7500,65972.6860,678.1241,31.2984,2.2421,-0.0802,1.6938,82468.4571,-6363368.6864,
247.0000,65833.8437,669.9437,31.1375,2.2137,0.0112,1.7497,81817.7188,-6363426.1426,
247.2500,65697.1758,661.6096,30.9258,2.1843,-0.0873,1.7993,81182.8841,-6363514.8304,
247.5000,65562.6565,652.9373,30.6839,2.1545,0.0679,1.8438,80560.6090,-6363615.3859,
247.7500,65430.2612,644.2070,30.3958,2.1238,-0.0873,1.8837,79959.4330,-6363747.4698,
248.0000,65299.9644,635.2376,30.0860,2.0930,0.0467,1.9188,79367.1332,-6363880.8520,
248.2500,65171.7374,626.2224,29.7380,2.0616,-0.0873,1.9501,78795.7182,-6364039.1828,
248.5000,65045.5531,617.0082,29.3697,2.0301,0.0873,1.9781,78233.2852,-6364197.9700,
248.7500,64921.3867,607.7858,28.9682,1.9982,-0.0873,2.0030,77693.0469,-6364379.2722,
249.0000,64799.2139,598.4174,28.5499,1.9663,0.0487,2.0252,77158.1599,-6364555.3863,
249.2500,64679.0148,589.0326,28.1036,1.9340,-0.0873,2.0447,76644.0392,-6364749.2201,
249.5000,64560.7686,579.5367,27.6419,1.9018,0.0822,2.0619,76133.2217,-6364935.3433,
249.7500,64444.4560,570.0341,27.1557,1.8692,-0.0873,2.0773,75643.7047,-6365137.8537,
250.0000,64330.0627,560.4391,26.6555,1.8368,0.0676,2.0909,75156.1280,-6365331.0493,
250.2500,64217.5751,550.8364,26.1343,1.8041,-0.0873,2.1027,74687.8529,-6365536.8721,
250.5000,64106.9810,541.1589,25.6001,1.7715,0.0873,2.1131,74220.4803,-6365732.3389,
250.7500,63998.2700,531.4715,25.0479,1.7387,-0.0873,2.1223,73772.7289,-6365939.5614,
251.0000,63891.4350,521.7229,24.4840,1.7059,0.0873,2.1301,73324.3612,-6366134.9260,
251.2500,63786.4686,511.9608,23.9047,1.6730,-0.0873,2.1370,72894.7245,-6366340.2142,
251.5000,63683.3669,502.1475,23.3148,1.6401,0.0873,2.1428,72463.7025,-6366532.9548,
251.7500,63582.1260,492.3170,22.7121,1.6071,-0.0873,2.1477,72050.6716,-6366734.1496,
252.0000,63482.7442,482.4440,22.1001,1.5742,0.0873,2.1518,71636.2241,-6366922.7823,
252.2500,63385.2212,472.5497,21.4776,1.5411,-0.0873,2.1552,71238.8240,-6367118.3717,
252.5000,63289.5571,462.6185,20.8472,1.5080,0.0857,2.1579,70839.6524,-6367301.0869,
252.7500,63195.7541,452.6632,20.2086,1.4749,-0.0873,2.1600,70457.0647,-6367489.8095,
253.0000,63103.8150,442.6751,19.5636,1.4417,0.0800,2.1615,70072.7154,-6367665.6519,
253.2500,63013.7439,432.6613,18.9127,1.4085,-0.0873,2.1625,69704.2388,-6367846.4179,
253.5000,62925.5451,422.6181,18.2570,1.3753,0.0805,2.1630,69334.2062,-6368014.4559,
253.7500,62839.2247,412.5465,17.5976,1.3420,-0.0873,2.1631,68979.6326,-6368186.6498,
254.0000,62754.7890,402.4492,16.9351,1.3087,0.0849,2.1627,68623.5137,-6368346.0933,
254.2500,62672.2450,392.3195,16.2712,1.2753,-0.0873,2.1620,68282.5489,-6368509.0637,
254.5000,62591.6012,382.1682,15.6060,1.2419,0.0873,2.1609,67940.2942,-6368659.4583,
254.7500,62512.8657,371.9816,14.9418,1.2084,-0.0873,2.1594,67612.9231,-6368812.8060,
255.0000,62436.0480,361.7764,14.2782,1.1749,0.0834,2.1577,67284.7888,-6368953.9632,
255.2500,62361.1581,351.5341,13.6177,1.1414,-0.0873,2.1557,66970.8927,-6369097.2282,
255.5000,62288.2065,341.2750,12.9598,1.1078,0.0873,2.1533,66656.5413,-6369228.5107,
255.7500,62217.2040,330.9761,12.3073,1.0742,-0.0873,2.1507,66356.3964,-6369361.5650,
256.0000,62148.1623,320.6634,11.6596,1.0405,0.0829,2.1478,66056.4380,-6369483.1011,
256.2500,62081.0936,310.3104,11.0196,1.0067,-0.0873,2.1447,65770.1854,-6369605.7131,
256.5000,62016.0103,299.9442,10.3863,0.9729,0.0848,2.1413,65484.5326,-6369717.0867,
256.7500,61952.9256,289.5353,9.7630,0.9391,-0.0873,2.1376,65212.4051,-6369829.1119,
257.0000,61891.8529,279.1168,9.1487,0.9052,0.0824,2.1337,64941.7039,-6369930.5029,
257.2500,61832.8066,268.6550,8.5466,0.8713,-0.0873,2.1295,64684.2398,-6370032.0464,
257.5000,61775.8011,258.1842,7.9555,0.8373,0.0873,2.1250,64428.5649,-6370123.2049,
257.7500,61720.8515,247.6668,7.3790,0.8033,-0.0873,2.1203,64186.0913,-6370214.2196,
258.0000,61667.9733,237.1444,6.8155,0.7691,0.0873,2.1153,63946.1075,-6370295.3570,
258.2500,61617.1825,226.5735,6.2688,0.7350,-0.0873,2.1100,63719.1271,-6370375.9386,
258.5000,61568.4960,216.0006,5.7374,0.7008,0.0836,2.1044,63495.4930,-6370447.2662,
258.7500,61521.9312,205.3774,5.2247,0.6666,-0.0873,2.0985,63284.4720,-6370517.4884,
259.0000,61477.5054,194.7556,4.7294,0.6322,0.0845,2.0922,63077.6413,-6370579.0695,
259.2500,61435.2372,184.0817,4.2549,0.5979,-0.0873,2.0856,62883.3346,-6370639.2258,
259.5000,61395.1459,173.4127,3.7998,0.5634,0.0873,2.0785,62693.8795,-6370691.2263,
259.7500,61357.2508,162.6899,3.3675,0.5290,-0.0873,2.0710,62516.9945,-6370741.5857,
260.0000,61321.5725,151.9784,2.9565,0.4944,0.0873,2.0630,62345.8006,-6370784.4093,
260.2500,61288.1321,141.2112,2.5703,0.4599,-0.0873,2.0544,62187.0817,-6370825.2853,
260.5000,61256.9521,130.4578,2.2070,0.4253,0.0772,2.0451,62034.9284,-6370859.2802,
260.7500,61228.0556,119.6521,1.8701,0.3907,-0.0873,2.0351,61895.0734,-6370890.9872,
261.0000,61201.4669,108.8709,1.5580,0.3559,0.0873,2.0242,61762.7749,-6370916.5634,
261.2500,61177.2111,98.0315,1.2738,0.3213,-0.0873,2.0123,61642.9486,-6370939.7671,
261.5000,61155.3158,87.2365,1.0159,0.2865,0.0873,1.9991,61531.6667,-6370957.6053,
261.7500,61135.8089,76.3871,0.7873,0.2518,-0.0873,1.9845,61432.9748,-6370972.9774,
262.0000,61118.7243,65.6002,0.5861,0.2170,0.0842,1.9675,61343.7652,-6370983.7670,
262.2500,61104.0938,54.7633,0.4153,0.1825,-0.0873,1.9479,61267.2545,-6370992.0754,
262.5000,61091.9545,44.0566,0.2731,0.1478,0.0873,1.9250,61201.5979,-6370996.9101,
262.7500,61082.3506,33.3505,0.1620,0.1138,-0.0873,1.8969,61149.0835,-6370999.5502,
263.0000,61075.3334,22.8495,0.0801,0.0800,-0.0873,1.8603,61108.8266,-6370999.9503,
263.2500,61070.9763,12.7906,0.0279,0.0471,-0.0704,1.8044,61082.0718,-6370999.2013,
263.5000,61069.3523,6.0894,0.0056,0.0212,-0.0873,1.7172,61069.9809,-6370998.2595,
263.7500,61070.4882,12.9451,0.0156,0.0353,0.0873,1.6185,61073.2241,-6370996.8831,
264.0000,61074.3876,23.2994,0.0577,0.0678,0.0873,1.5551,61092.0040,-6370995.3489,
264.2500,61081.0863,34.1201,0.1310,0.1023,0.0873,1.5279,61126.7526,-6370994.3059,
264.5000,61090.6022,45.1835,0.2368,0.1376,0.0873,1.5367,61177.6461,-6370993.4179,
264.7500,61102.9438,56.4450,0.3761,0.1736,0.0873,1.5810,61244.7134,-6370992.1244,
265.0000,61118.1072,67.8634,0.5499,0.2101,0.0873,1.6607,61327.6252,-6370989.6335,
265.2500,61136.0596,79.3570,0.7578,0.2470,0.0873,1.7752,61425.1166,-6370984.6817,
265.5000,61156.7112,90.7809,0.9973,0.2837,0.0873,1.9243,61534.0973,-6370975.1119,
265.7500,61179.8771,101.9106,1.2623,0.3197,0.0873,2.1077,61648.6158,-6370957.4086,
266.0000,61205.2318,112.4298,1.5420,0.3539,0.0873,2.3250,61759.0465,-6370926.4952,
266.2500,61232.2664,121.9256,1.8199,0.3852,0.0873,2.5758,61852.1290,-6370876.2887,
266.5000,61260.2585,129.8928,2.0733,0.4119,0.0873,2.8599,61912.6386,-6370801.5913,
266.7500,61288.5478,137.4193,2.3193,0.4365,-0.0433,3.1445,61947.9926,-6370703.5831,
267.0000,61316.3493,142.8739,2.5092,0.4549,-0.0873,3.4058,61937.8397,-6370583.0313,
267.2500,61342.7181,146.5035,2.6421,0.4677,-0.0873,3.6480,61889.4244,-6370448.8284,
267.5000,61366.8343,148.4871,2.7235,0.4757,-0.0194,3.8733,61814.2268,-6370311.4609,
267.7500,61388.0073,149.0620,2.7393,0.4778,-0.0873,4.0856,61722.1897,-6370187.7903,
268.0000,61405.7183,148.4644,2.7267,0.4773,-0.0117,4.2853,61631.6019,-6370081.3644,
268.2500,61419.5825,146.8987,2.6631,0.4721,-0.0873,4.4745,61550.2011,-6370010.0001,
268.5000,61429.3640,144.2990,2.5864,0.4656,0.0607,4.6545,61488.2547,-6369968.3202,
268.7500,61434.9522,141.4557,2.4732,0.4555,-0.0873,4.8276,61449.7235,-6369970.3194,
269.0000,61436.3528,137.6850,2.3623,0.4453,0.0873,4.9933,61436.4214,-6370001.3738,
269.2500,61433.6351,134.9461,2.2549,0.4350,-0.0873,5.1389,61447.4524,-6370059.9485,
269.5000,61426.8869,132.4633,2.1714,0.4267,-0.0873,5.2446,61480.8575,-6370135.2976,
269.7500,61416.2457,130.8451,2.1143,0.4207,-0.0873,5.3107,61534.1565,-6370223.6885,
270.0000,61401.8128,130.6986,2.1022,0.4191,-0.0873,5.3378,61606.1159,-6370315.9687,
270.2500,61383.6280,132.5997,2.1539,0.4237,-0.0873,5.3262,61697.3282,-6370404.8670,
270.5000,61361.6586,137.0320,2.2890,0.4362,-0.0873,5.2763,61810.2247,-6370484.7979,
270.7500,61335.8044,144.3084,2.5280,0.4576,-0.0873,5.1885,61948.6360,-6370551.4889,
271.0000,61305.9162,154.5029,2.8911,0.4884,-0.0873,5.0632,62116.8501,-6370601.5438,
271.2500,61271.8312,167.4180,3.3956,0.5281,-0.0873,4.9008,62317.9945,-6370631.9223,
271.5000,61233.4250,182.5844,4.0512,0.5753,-0.0873,4.7016,62551.5634,-6370639.2571,
271.7500,61190.6811,199.2785,4.8543,0.6279,-0.0873,4.4662,62810.1513,-6370619.0311,
272.0000,61143.7730,216.5413,5.7799,0.6830,-0.0873,4.1947,63076.0476,-6370564.9795,
272.2500,61093.1463,233.2028,6.7748,0.7369,-0.0873,3.8877,63319.2850,-6370469.6281,
272.5000,61039.4781,248.7951,7.7878,0.7872,0.0873,3.5598,63520.1984,-6370334.0212,
272.7500,60983.4126,262.2988,8.7661,0.8320,0.0620,3.2638,63659.3894,-6370159.5655,
273.0000,60926.0130,272.9656,9.6049,0.8674,0.0873,2.9977,63697.3263,-6369946.8597,
273.2500,60868.3291,280.4842,10.2602,0.8930,0.0873,2.7566,63635.5110,-6369712.1143,
273.5000,60811.2674,285.5136,10.7499,0.9105,0.0873,2.5397,63497.4432,-6369468.7699,
273.7500,60755.6336,287.6678,11.0275,0.9186,0.0873,2.3409,63288.3463,-6369237.4094,
274.0000,60702.0342,287.6523,11.1474,0.9201,0.0348,2.1617,63038.7447,-6369024.7345,
274.2500,60650.9651,285.6778,11.0851,0.9143,0.0812,1.9980,62759.3433,-6368848.7818,
274.5000,60602.7761,281.6979,10.8699,0.9024,0.0873,1.8473,62469.3218,-6368715.7108,
274.7500,60557.7040,276.1874,10.5519,0.8863,-0.0042,1.7102,62183.5740,-6368619.9985,
275.0000,60515.8959,269.5360,10.1062,0.8648,0.0873,1.5844,61908.1595,-6368576.4645,
275.2500,60477.4226,261.4155,9.5901,0.8402,-0.0069,1.4680,61651.3266,-6368571.1157,
275.5000,60442.2931,252.5132,8.9898,0.8115,0.0873,1.3609,61417.3407,-6368613.2732,
275.7500,60410.4643,242.4430,8.3637,0.7810,-0.0873,1.2616,61206.6786,-6368681.6090,
276.0000,60381.8542,231.9160,7.6729,0.7465,0.0873,1.1689,61023.4751,-6368794.9935,
276.2500,60356.3606,220.4223,6.9868,0.7111,-0.0572,1.0836,60862.6710,-6368922.9501,
276.5000,60333.8532,208.6518,6.2766,0.6729,0.0873,1.0044,60727.0423,-6369079.3340,
276.7500,60314.1877,195.9536,5.5802,0.6336,-0.0821,0.9308,60612.1687,-6369246.2161,
277.0000,60297.2109,183.1633,4.8850,0.5921,0.0873,0.8620,60518.7920,-6369429.5229,
277.2500,60282.7568,169.6411,4.2246,0.5501,-0.0873,0.7966,60441.2451,-6369611.7131,
277.5000,60270.6666,156.0353,3.5813,0.5061,0.0873,0.7355,60381.4495,-6369801.6942,
277.7500,60260.7675,141.8361,2.9858,0.4617,-0.0873,0.6775,60333.4189,-6369982.7349,
278.0000,60252.8891,127.5752,2.4224,0.4157,0.0873,0.6223,60298.8130,-6370162.6585,
278.2500,60246.8603,112.8034,1.9149,0.3694,-0.0748,0.5694,60272.8082,-6370328.3700,
278.5000,60242.5084,97.9996,1.4530,0.3217,0.0873,0.5185,60255.9360,-6370484.5020,
278.7500,60239.6586,82.7643,1.0540,0.2739,-0.0873,0.4689,60244.8767,-6370621.7659,
279.0000,60238.1341,67.5479,0.7103,0.2248,0.0873,0.4201,60239.5106,-6370743.1467,
279.2500,60237.7725,52.2008,0.4350,0.1759,0.0873,0.3738,60237.7510,-6370841.9992,
279.5000,60238.6606,37.5959,0.2337,0.1290,0.0873,0.3615,60239.7239,-6370916.4658,
279.7500,60240.8416,24.8058,0.1046,0.0863,0.0873,0.3933,60245.8192,-6370967.5308,
280.0000,60244.4420,19.0333,0.0525,0.0612,0.0873,0.4687,60257.2872,-6370994.5907,
280.2500,60249.7443,25.9625,0.0808,0.0759,0.0873,0.5870,60277.1315,-6370999.2303,
280.5000,60257.1630,39.3874,0.1898,0.1164,0.0873,0.7479,60310.3219,-6370985.7449,
280.7500,60267.1993,54.4169,0.3758,0.1638,0.0873,0.9507,60363.6306,-6370961.7035,
281.0000,60280.3649,69.4054,0.6278,0.2119,0.0873,1.1951,60444.3222,-6370937.6946,
281.2500,60297.0713,83.4204,0.9246,0.2575,0.0873,1.4804,60556.8665,-6370925.2149,
281.5000,60317.4936,96.0734,1.2417,0.2988,0.0142,1.8001,60698.3274,-6370929.8900,
281.7500,60341.5437,107.0684,1.5657,0.3361,0.0872,2.1034,60859.9014,-6370947.5912,
282.0000,60368.7744,115.9555,1.8447,0.3654,0.0228,2.3851,61019.0046,-6370975.1588,
282.2500,60398.4493,122.3046,2.0686,0.3878,0.0828,2.6472,61154.9219,-6370996.3618,
282.5000,60429.6438,126.9009,2.2262,0.4031,0.0248,2.8929,61248.0992,-6370996.9559,
282.7500,60461.3519,129.8648,2.3212,0.4125,-0.0819,3.1245,61289.0440,-6370967.4254,
283.0000,60492.5354,130.8595,2.3665,0.4174,-0.0091,3.3458,61278.5470,-6370905.1368,
283.2500,60522.2261,130.9181,2.3574,0.4175,-0.0873,3.5561,61217.3630,-6370813.9609,
283.5000,60549.4896,129.5614,2.3289,0.4157,0.0873,3.7604,61124.9922,-6370701.3994,
283.7500,60573.5310,128.1377,2.2534,0.4096,-0.0873,3.9585,61006.1481,-6370583.6848,
284.0000,60593.6724,125.5029,2.1803,0.4035,0.0873,4.1509,60886.5836,-6370468.6458,
284.2500,60609.3644,123.2424,2.0785,0.3944,-0.0873,4.3402,60775.7835,-6370378.2494,
284.5000,60620.2155,120.2847,1.9979,0.3870,0.0873,4.5262,60691.2166,-6370311.3741,
284.7500,60625.9842,118.0792,1.9024,0.3778,-0.0873,4.7091,60640.0374,-6370289.1483,
285.0000,60626.5804,116.1649,1.8386,0.3715,-0.0873,4.8870,60627.6371,-6370299.3270,
285.2500,60621.9972,116.2786,1.8361,0.3711,-0.0873,5.0254,60654.5321,-6370331.0532,
285.5000,60612.3063,118.0373,1.8813,0.3755,-0.0873,5.1133,60718.9592,-6370387.6721,
285.7500,60597.5977,122.2593,2.0042,0.3872,-0.0873,5.1515,60818.9709,-6370455.9051,
286.0000,60577.9110,129.5637,2.2355,0.4084,-0.0873,5.1405,60954.8006,-6370524.4654,
286.2500,60553.2099,140.2826,2.6076,0.4404,-0.0873,5.0810,61129.3715,-6370584.4796,
286.5000,60523.3899,154.4155,3.1533,0.4833,-0.0873,4.9737,61347.3024,-6370629.0644,
286.7500,60488.3165,171.6268,3.9015,0.5363,-0.0873,4.8191,61612.3593,-6370652.3823,
287.0000,60447.8986,191.2580,4.8693,0.5975,-0.0873,4.6180,61923.1098,-6370648.2256,
287.2500,60402.1924,212.3290,6.0499,0.6640,-0.0873,4.3708,62266.8763,-6370608.2677,
287.5000,60351.5304,233.5284,7.3977,0.7318,-0.0873,4.0783,62613.3545,-6370520.8304,
287.7500,60296.6377,253.5213,8.8135,0.7958,0.0873,3.7430,62911.5041,-6370372.3424,
288.0000,60238.2702,271.5836,10.2825,0.8561,-0.0711,3.4270,63169.5399,-6370176.4949,
288.2500,60177.6893,286.4915,11.5629,0.9042,0.0873,3.1408,63279.2767,-6369911.8818,
288.5000,60116.2256,297.5977,12.6852,0.9431,-0.0564,2.8852,63276.1190,-6369599.5646,
288.7500,60055.1774,305.6742,13.5024,0.9689,0.0873,2.6529,63133.3375,-6369261.8576,
289.0000,59995.6413,309.8871,14.0389,0.9839,0.0873,2.4411,62889.7344,-6368924.5480,
289.2500,59938.5247,311.2771,14.3192,0.9898,0.0873,2.2480,62577.2103,-6368607.0526,
289.5000,59884.5512,310.1116,14.3698,0.9879,0.0491,2.0712,62224.0054,-6368325.1407,
289.7500,59834.2644,306.4314,14.1483,0.9768,0.0873,1.9076,61847.6883,-6368108.4684,
290.0000,59788.0382,300.5628,13.7625,0.9603,-0.0104,1.7562,61477.5470,-6367946.9294,
290.2500,59746.1100,293.0821,13.1578,0.9363,0.0873,1.6174,61124.4541,-6367868.9600,
290.5000,59708.6108,283.9214,12.4578,0.9086,0.0230,1.4884,60802.3434,-6367845.2902,
290.7500,59675.5692,273.0765,11.6289,0.8759,-0.0792,1.3682,60517.0072,-6367893.0002,
291.0000,59646.9353,261.6031,10.6956,0.8383,0.0873,1.2572,60273.2426,-6368008.6728,
291.2500,59622.5875,248.5238,9.7340,0.7984,-0.0212,1.1516,60069.3998,-6368165.2785,
291.5000,59602.3813,234.8591,8.7159,0.7544,0.0873,1.0552,59906.6481,-6368374.1315,
291.7500,59586.0946,219.9915,7.7117,0.7088,-0.0430,0.9612,59779.0262,-6368606.3852,
292.0000,59573.5190,204.7646,6.6921,0.6597,0.0873,0.8739,59686.2684,-6368872.3510,
292.2500,59564.3785,188.5160,5.7222,0.6096,-0.0528,0.7887,59620.7437,-6369143.4503,
292.5000,59558.4199,172.0698,4.7738,0.5565,0.0873,0.7091,59580.8733,-6369428.3203,
292.7500,59555.3318,154.7119,3.9019,0.5030,-0.0873,0.6310,59559.8852,-6369702.6008,
293.0000,59554.8576,137.7907,3.0974,0.4481,0.0873,0.5611,59554.8238,-6369967.0577,
293.2500,59557.0261,121.4689,2.4173,0.3959,0.0873,0.5412,59563.6127,-6370200.8922,
293.5000,59561.8149,106.4882,1.8572,0.3472,0.0873,0.5772,59586.5560,-6370406.1098,
293.7500,59569.3913,94.6121,1.4501,0.3069,0.0873,0.6682,59627.0463,-6370575.0426,
294.0000,59580.1364,88.3359,1.2290,0.2827,0.0873,0.8135,59692.7309,-6370703.9822,
294.2500,59594.5864,90.0125,1.2261,0.2827,0.0873,1.0121,59794.7312,-6370792.6030,
294.5000,59613.3228,100.0162,1.4665,0.3095,0.0873,1.2634,59944.7501,-6370843.1598,
294.7500,59636.8010,116.2906,1.9562,0.3580,0.0873,1.5664,60148.2087,-6370857.8035,
295.0000,59665.1197,135.7538,2.6657,0.4187,0.0873,1.9204,60393.0499,-6370833.3040,
295.2500,59697.8633,155.7201,3.5220,0.4823,-0.0873,2.3037,60651.2157,-6370765.4116,
295.5000,59734.2417,174.3170,4.4373,0.5427,-0.0873,2.6473,60880.3401,-6370641.4805,
295.7500,59772.7654,189.8638,5.2869,0.5939,-0.0873,2.9602,61018.9194,-6370443.5632,
296.0000,59811.8165,202.2949,6.0588,0.6375,0.0873,3.2450,61068.0425,-6370179.0546,
296.2500,59849.7725,211.9734,6.6490,0.6696,0.0242,3.5065,61004.8270,-6369863.3916,
296.5000,59885.1561,218.5061,7.0837,0.6928,0.0652,3.7497,60863.2353,-6369524.3514,
296.7500,59916.7233,223.0083,7.3368,0.7066,-0.0873,3.9758,60669.2973,-6369199.6806,
297.0000,59943.4603,224.8766,7.4734,0.7145,-0.0511,4.1886,60464.3239,-6368910.2017,
297.2500,59964.6118,224.2356,7.4769,0.7158,0.0873,4.3911,60273.6226,-6368688.6353,
297.5000,59979.6842,222.9673,7.3443,0.7102,-0.0873,4.5798,60121.6419,-6368561.6009,
297.7500,59988.3993,219.1839,7.1575,0.7016,0.0873,4.7614,60025.4042,-6368517.9390,
298.0000,59990.6852,215.1393,6.8571,0.6869,-0.0873,4.9374,59990.8549,-6368584.5549,
298.2500,59986.5692,211.9176,6.6583,0.6767,-0.0873,5.0705,60018.0795,-6368685.5079,
298.5000,59976.1476,209.4724,6.4960,0.6680,-0.0873,5.1393,60104.2813,-6368840.6852,
298.7500,59959.5114,209.3854,6.4661,0.6658,-0.0873,5.1449,60247.4992,-6369014.1990,
299.0000,59936.6410,213.1823,6.6651,0.6749,-0.0873,5.0882,60450.7487,-6369175.5211,
299.2500,59907.4005,222.1189,7.1916,0.6997,-0.0873,4.9705,60721.3147,-6369298.4313,
299.5000,59871.5979,236.8495,8.1409,0.7427,-0.0873,4.7926,61066.0431,-6369358.5114,
299.7500,59829.1151,257.1189,9.5867,0.8038,-0.0873,4.5556,61482.0803,-6369330.2690,
300.0000,59780.1031,281.6155,11.5469,0.8792,-0.0873,4.2605,61943.3394,-6369185.0666,
300.2500,59725.2202,308.0029,13.9359,0.9624,-0.0873,3.9084,62387.0797,-6368893.1561,
300.5000,59665.5669,333.9179,16.5833,1.0456,-0.0341,3.5397,62769.1233,-6368470.9404,
300.7500,59602.5939,357.2442,19.2129,1.1207,0.0873,3.2122,62982.6826,-6367905.4584,
301.0000,59538.2345,376.1434,21.5932,1.1830,0.0873,2.9226,62998.2453,-6367241.8741,
301.2500,59474.3605,390.2247,23.6477,1.2326,-0.0873,2.6619,62843.1636,-6366527.3974,
301.5000,59412.5834,400.2524,25.0855,1.2642,0.0873,2.4249,62507.1943,-6365841.4551,
301.7500,59354.2000,405.3446,26.1160,1.2847,-0.0516,2.2094,62087.9779,-6365205.4199,
302.0000,59300.2333,407.0726,26.5256,1.2899,0.0873,2.0098,61602.6081,-6364700.2104,
302.2500,59251.3816,405.1211,26.5208,1.2855,0.0873,1.8317,61114.7526,-6364317.0558,
302.5000,59208.1346,399.3438,26.1036,1.2715,-0.0873,1.6642,60650.7180,-6364078.1899,
302.7500,59170.7431,391.7977,25.2075,1.2462,0.0873,1.5114,60232.8436,-6364024.7427,
303.0000,59139.2843,380.8230,24.0782,1.2153,-0.0873,1.3676,59877.3203,-6364093.1378,
303.2500,59113.7075,368.7685,22.6135,1.1756,0.0873,1.2382,59591.4007,-6364322.9662,
303.5000,59093.8205,353.8035,21.0114,1.1316,-0.0873,1.1155,59372.6278,-6364649.6217,
303.7500,59079.3655,338.0811,19.1916,1.0804,0.0873,0.9994,59220.2203,-6365098.7467,
304.0000,59070.0162,320.2534,17.3640,1.0269,-0.0873,0.8914,59122.4260,-6365593.9492,
304.2500,59065.3823,301.7192,15.4015,0.9668,0.0873,0.7897,59075.1551,-6366172.7655,
304.5000,59065.1305,282.7993,13.5689,0.9074,0.0873,0.7077,59065.7939,-6366740.9945,
304.7500,59069.2406,264.5950,11.8820,0.8493,0.0873,0.6957,59092.3000,-6367292.6767,
305.0000,59077.7039,248.2134,10.4211,0.7958,0.0873,0.7553,59155.3993,-6367804.1418,
305.2500,59090.8270,235.8978,9.3301,0.7536,0.0873,0.8852,59264.7723,-6368240.0124,
305.5000,59109.1794,230.3775,8.7624,0.7312,0.0873,1.0839,59438.0886,-6368568.9365,
305.7500,59133.4281,234.1791,8.8734,0.7369,0.0873,1.3500,59694.3805,-6368759.1518,
306.0000,59164.0550,248.2564,9.7824,0.7753,0.0873,1.6824,60038.5795,-6368775.0186,
306.2500,59200.9627,270.9005,11.5003,0.8426,0.0873,2.0796,60436.7022,-6368575.4166,
306.5000,59243.2650,297.3451,13.7927,0.9254,-0.0873,2.5018,60820.2337,-6368163.2674,
306.7500,59289.4022,324.3491,16.3803,1.0116,-0.0873,2.8773,61109.2773,-6367546.5600,
307.0000,59337.0054,348.3981,18.9497,1.0915,0.0511,3.2113,61220.5411,-6366744.6160,
307.2500,59383.6664,368.6877,21.1942,1.1580,-0.0330,3.5091,61136.3600,-6365843.9600,
307.5000,59427.1673,383.6655,23.0077,1.2102,0.0515,3.7817,60906.9755,-6364936.0545,
307.7500,59465.7155,394.5202,24.2361,1.2454,-0.0873,4.0322,60583.3550,-6364129.5994,
308.0000,59497.9595,400.8749,25.0236,1.2684,-0.0873,4.2584,60247.3025,-6363465.1612,
308.2500,59522.9093,402.8403,25.4098,1.2804,0.0873,4.4653,59945.9568,-6362981.3756,
308.5000,59539.9588,401.5530,25.2733,1.2786,0.0873,4.6618,59715.2015,-6362757.7845,
308.7500,59548.8390,397.3202,24.7843,1.2671,0.0873,4.8440,59581.8873,-6362766.2384,
309.0000,59549.5567,391.0199,23.9355,1.2454,-0.0873,5.0142,59552.4790,-6363015.6378,
309.2500,59542.1904,384.6858,23.2054,1.2258,-0.0873,5.1229,59623.7908,-6363342.2121,
309.5000,59526.8603,379.0762,22.5322,1.2067,-0.0873,5.1483,59791.3295,-6363761.0905,
309.7500,59503.5784,376.8516,22.2238,1.1967,-0.0873,5.0922,60057.6687,-6364171.8602,
310.0000,59472.1563,380.6781,22.5928,1.2041,-0.0873,4.9564,60435.4122,-6364484.5641,
310.2500,59432.3088,392.8005,23.9534,1.2367,-0.0873,4.7426,60937.2991,-6364611.6688,
310.5000,59383.9080,414.1926,26.5718,1.2984,-0.0873,4.4526,61553.5630,-6364462.3897,
310.7500,59327.3776,443.6259,30.5476,1.3870,-0.0873,4.0880,62218.3070,-6363947.1300,
311.0000,59263.9743,476.9267,35.5912,1.4908,-0.0873,3.6777,62830.5101,-6363067.9983,
311.2500,59195.5573,510.4021,41.2155,1.5970,0.0873,3.3070,63236.3239,-6361834.2752,
311.5000,59124.8385,539.8999,46.7311,1.6924,0.0873,2.9782,63326.6345,-6360356.2478,
311.7500,59054.4918,564.3122,51.7516,1.7725,0.0873,2.6890,63131.4193,-6358777.9407,
312.0000,58986.9493,582.1470,55.8001,1.8320,0.0873,2.4253,62674.7969,-6357260.6110,
312.2500,58924.1039,593.7894,58.7631,1.8720,0.0873,2.1871,62059.0198,-6355926.5786,
312.5000,58867.3999,598.9304,60.5849,1.8933,-0.0171,1.9717,61373.9148,-6354868.5045,
312.7500,58817.8445,599.4984,61.1446,1.8955,0.0873,1.7757,60691.5288,-6354183.3706,
313.0000,58776.0533,594.4839,60.8756,1.8858,-0.0873,1.5960,60079.4976,-6353796.9791,
313.2500,58742.3116,586.5950,59.4568,1.8593,0.0873,1.4343,59566.7319,-6353830.9889,
313.5000,58716.6278,573.4325,57.3819,1.8232,-0.0873,1.2826,59172.7160,-6354152.2728,
313.7500,58698.8216,558.2947,54.4475,1.7737,0.0873,1.1408,58902.5712,-6354827.7239,
314.0000,58688.5438,539.1997,51.1805,1.7183,-0.0873,1.0101,58743.8698,-6355687.9487,
314.2500,58685.3118,518.4040,47.2705,1.6508,0.0873,0.8877,58686.7309,-6356819.9713,
314.5000,58688.8740,497.9004,43.6492,1.5866,0.0873,0.8257,58713.6774,-6357929.7656,
314.7500,58699.1704,478.4157,40.2058,1.5236,0.0873,0.8597,58823.0695,-6359051.9101,
315.0000,58716.4397,463.3538,37.4678,1.4724,0.0873,0.9873,59027.1751,-6360041.8233,
315.2500,58741.3383,456.7312,35.9856,1.4453,0.0873,1.2061,59356.7099,-6360763.4455,
315.5000,58774.6394,462.5291,36.3262,1.4552,0.0873,1.5136,59841.3517,-6361070.6560,
315.7500,58816.6791,482.7711,38.9258,1.5104,0.0873,1.9077,60465.5040,-6360806.5337,
316.0000,58866.6938,513.9583,43.6563,1.6048,-0.0873,2.3671,61127.1085,-6359896.1561,
316.2500,58922.8460,550.8516,49.7340,1.7193,-0.0873,2.7829,61669.0640,-6358411.8200,
316.5000,58981.9831,587.4153,56.3008,1.8365,-0.0873,3.1462,61912.4916,-6356437.2060,
316.7500,59040.5832,619.2502,62.5277,1.9431,0.0545,3.4731,61836.3199,-6354216.9609,
317.0000,59095.5157,645.4619,67.6250,2.0284,-0.0873,3.7641,61458.2829,-6352032.7730,
317.2500,59144.1433,664.5323,71.5506,2.0935,-0.0873,4.0258,60930.5697,-6350070.5412,
317.5000,59184.4676,676.8865,74.1480,2.1373,-0.0873,4.2655,60358.6540,-6348504.6107,
317.7500,59215.1429,681.6386,75.4607,2.1609,0.0873,4.4798,59848.2712,-6347442.3136,
318.0000,59235.3051,682.0458,75.4468,2.1639,0.0080,4.6813,59471.8483,-6346980.6313,
318.2500,59244.5995,677.4876,74.3678,2.1501,-0.0873,4.8586,59274.0292,-6347085.3009,
318.5000,59243.0439,668.5234,72.5933,2.1244,-0.0873,5.0248,59263.3919,-6347645.7273,
318.7500,59230.6941,659.8611,70.8552,2.0973,-0.0873,5.1020,59436.7245,-6348419.8655,
319.0000,59207.6000,653.2068,69.4500,2.0735,-0.0873,5.0672,59792.3214,-6349308.0475,
319.2500,59173.5643,653.4513,69.3989,2.0683,-0.0873,4.9237,60348.3601,-6350000.4503,
319.5000,59128.2086,665.2574,71.7451,2.0968,-0.0873,4.6747,61127.9804,-6350193.7916,
319.7500,59071.4698,691.5526,77.4129,2.1701,-0.0873,4.3234,62100.8563,-6349579.9276,
320.0000,59004.3626,730.1227,86.6783,2.2862,0.0873,3.8841,63107.1993,-6347935.4889,
320.2500,58929.0956,775.1291,98.4330,2.4242,0.0873,3.4646,63923.4105,-6345408.3089,
320.5000,58849.2317,819.5260,111.5243,2.5666,-0.0873,3.1023,64323.8258,-6342140.7091,
320.7500,58768.8978,859.0109,124.0316,2.6920,0.0873,2.7762,64124.0378,-6338530.9961,
321.0000,58691.7136,890.4801,135.1374,2.7953,0.0873,2.4868,63512.4072,-6334988.9201,
321.2500,58620.7450,912.8421,143.8646,2.8701,0.0873,2.2258,62594.1716,-6331879.1797,
321.5000,58558.2639,926.8217,150.0369,2.9184,0.0873,1.9946,61559.6493,-6329405.7053,
321.7500,58505.8571,931.2190,153.5437,2.9415,-0.0873,1.7826,60553.7624,-6327713.0349,
322.0000,58464.5020,930.5410,154.0733,2.9379,0.0873,1.5886,59683.0853,-6326974.2216,
322.2500,58434.6278,920.9340,152.4497,2.9161,-0.0873,1.4202,59025.6343,-6327007.4300,
322.5000,58416.2653,907.2332,148.1685,2.8709,0.0873,1.2593,58607.3735,-6327980.9981,
322.7500,58409.1170,886.5630,142.5156,2.8138,-0.0873,1.1056,58421.8859,-6329512.1235,
323.0000,58412.8470,866.3210,135.7875,2.7469,0.0873,1.0111,58452.3793,-6331504.6819,
323.2500,58427.4306,846.8786,129.3852,2.6836,0.0873,1.0510,58691.1429,-6333548.1182,
323.5000,58453.2036,834.9920,124.8072,2.6398,0.0873,1.2204,59164.5838,-6335234.2295,
323.7500,58490.9647,837.9434,124.0940,2.6385,0.0873,1.5148,59926.0035,-6336010.8684,
324.0000,58541.1496,861.4981,129.0980,2.6998,0.0873,1.9297,60964.7260,-6335298.9257,
324.2500,58602.7048,902.2600,139.8800,2.8216,-0.0873,2.4083,62092.2415,-6332855.0691,
324.5000,58672.6599,953.8897,154.6409,2.9804,-0.0873,2.8334,62973.1316,-6328845.9212,
324.7500,58746.2583,1006.7214,170.9460,3.1491,-0.0873,3.2096,63311.3112,-6323700.5707,
325.0000,58818.5068,1054.1863,186.3742,3.3043,-0.0873,3.5387,63051.4221,-6318127.1136,
325.2500,58884.8203,1092.9586,199.4313,3.4337,-0.0873,3.8336,62320.6986,-6312768.3936,
325.5000,58941.5540,1120.0687,209.4022,3.5325,0.0873,4.1022,61349.4678,-6308144.0663,
325.7500,58985.9854,1139.4690,215.6290,3.5961,-0.0702,4.3449,60362.9208,-6304751.8175,
326.0000,59016.3427,1146.4508,218.7698,3.6303,0.0873,4.5578,59582.4687,-6302655.5836,
326.2500,59031.5985,1146.6194,218.2179,3.6302,-0.0873,4.7594,59125.8029,-6302198.2555,
326.5000,59031.4088,1138.4519,215.6461,3.6095,-0.0873,4.9437,59052.4748,-6302917.8050,
326.7500,59015.6719,1129.9461,212.8473,3.5829,-0.0873,4.9998,59372.9080,-6304250.2055,
327.0000,58984.2562,1126.4326,211.5904,3.5655,-0.0873,4.8963,60099.9923,-6305641.6030,
327.2500,58936.7580,1137.8366,215.6582,3.5889,-0.0873,4.6401,61272.1656,-6305941.2653,
327.5000,58873.1957,1171.9434,228.6157,3.6801,-0.0873,4.2377,62834.7111,-6304009.5029,
327.7500,58794.3230,1251.1258,255.9522,3.8742,-0.0873,3.7692,64873.5323,-6298285.6246,
328.0000,58697.2526,1388.6805,319.2377,4.2994,0.0873,3.3392,67455.6148,-6282340.2056,
328.2500,58592.0712,1527.3385,393.9824,4.7428,-0.0873,2.9619,68235.8166,-6261571.3550,
328.5000,58492.5137,1653.0802,469.2164,5.1406,0.0873,2.6116,66411.2932,-6238426.1256,
328.7500,58411.0312,1754.0054,540.1182,5.4836,-0.0873,2.3169,63268.3016,-6215360.7908,
329.0000,58358.0654,1834.9869,595.9488,5.7372,0.0873,2.0462,59976.9499,-6196411.5972,
329.2500,58341.5573,1886.1299,638.9149,5.9307,-0.0873,1.7951,58360.8434,-6182325.1098,
329.5000,58366.8542,1940.8289,670.7280,6.0834,0.0873,1.7475,59654.6946,-6173496.6918,
329.7500,58435.7038,2039.1191,728.0612,6.3637,-0.0873,2.1500,64312.9833,-6158863.8195,
330.0000,58543.3190,2210.4366,833.2280,6.8540,0.0873,2.6306,70957.6888,-6129426.8705,
330.2500,58674.6747,2419.0135,982.4170,7.5067,-0.0873,3.0687,75237.4892,-6080924.7328,
330.5000,58808.8285,2626.1357,1146.2549,8.1827,0.0873,3.4663,74954.8787,-6020060.9158,
330.7500,58923.5658,2811.7790,1298.6253,8.7805,-0.0873,3.8246,69369.2230,-5955668.5447,
331.0000,58998.5243,2953.1433,1434.2043,9.2802,0.0873,4.1455,62516.1355,-5895655.3547,
331.2500,59038.7145,2975.1509,1469.7510,9.4220,0.0873,4.3945,60525.3895,-5877995.4400,
331.5000,59077.6340,2973.4506,1460.9966,9.4186,0.0855,4.6070,60523.5679,-5878557.5389,
331.7500,59116.0163,2971.7613,1452.3978,9.4153,0.0510,4.7955,60521.8062,-5879115.9485,
332.0000,59153.8617,2970.0827,1443.9525,9.4120,0.0208,4.9627,60520.1030,-5879670.7344,
332.2500,59191.1705,2968.4149,1435.6584,9.4087,-0.0055,5.1110,60518.4568,-5880221.9611,
332.5000,59227.9429,2966.7575,1427.5135,9.4054,-0.0284,5.2425,60516.8663,-5880769.6922,
332.7500,59264.1794,2965.1104,1419.5156,9.4021,-0.0483,5.3591,60515.3300,-5881313.9901,
333.0000,59299.8801,2963.4735,1411.6627,9.3988,-0.0654,5.4625,60513.8467,-5881854.9166,
333.2500,59335.0453,2961.8466,1403.9529,9.3955,-0.0801,5.5543,60512.4151,-5882392.5321,
333.5000,59369.6754,2960.2296,1396.3842,9.3922,-0.0873,5.6357,60511.0337,-5882926.8964,
333.7500,59403.7706,2958.6223,1388.9546,9.3890,-0.0873,5.7078,60509.7015,-5883458.0684,
334.0000,59437.3311,2957.0245,1381.6624,9.3857,-0.0873,5.7718,60508.4172,-5883986.1058,
334.2500,59470.3573,2955.4362,1374.5057,9.3824,-0.0873,5.8286,60507.1795,-5884511.0659,
334.5000,59502.8494,2953.8572,1367.4827,9.3791,-0.0873,5.8790,60505.9874,-5885033.0048,
334.7500,59534.8077,2952.2873,1360.5916,9.3758,-0.0873,5.9236,60504.8396,-5885551.9779,
335.0000,59566.2324,2950.7264,1353.8309,9.3725,-0.0873,5.9632,60503.7349,-5886068.0397,
335.2500,59597.1238,2949.1744,1347.1987,9.3693,-0.0873,5.9983,60502.6724,-5886581.2442,
335.5000,59627.4821,2947.6311,1340.6936,9.3660,-0.0873,6.0295,60501.6509,-5887091.6443,
335.7500,59657.3076,2946.0964,1334.3138,9.3627,-0.0873,6.0571,60500.6694,-5887599.2924,
336.0000,59686.6006,2944.5701,1328.0578,9.3594,-0.0873,6.0816,60499.7268,-5888104.2399,
336.2500,59715.3612,2943.0522,1321.9242,9.3561,-0.0873,6.1034,60498.8220,-5888606.5376,
336.5000,59743.5896,2941.5425,1315.9113,9.3528,-0.0873,6.1227,60497.9541,-5889106.2358,
336.7500,59771.2863,2940.0408,1310.0178,9.3495,-0.0873,6.1398,60497.1221,-5889603.3839,
337.0000,59798.4512,2938.5471,1304.2423,9.3462,-0.0873,6.1549,60496.3250,-5890098.0305,
337.2500,59825.0848,2937.0612,1298.5833,9.3429,-0.0873,6.1684,60495.5618,-5890590.2239,
337.5000,59851.1872,2935.5830,1293.0394,9.3396,-0.0873,6.1803,60494.8317,-5891080.0114,
337.7500,59876.7586,2934.1124,1287.6094,9.3362,-0.0873,6.1909,60494.1337,-5891567.4400,
338.0000,59901.7993,2932.6493,1282.2920,9.3329,-0.0873,6.2003,60493.4669,-5892052.5558,
338.2500,59926.3095,2931.1935,1277.0859,9.3296,-0.0873,6.2086,60492.8305,-5892535.4044,
338.5000,59950.2894,2929.7449,1271.9898,9.3263,-0.0873,6.2160,60492.2235,-5893016.0310,
338.7500,59973.7392,2928.3034,1267.0025,9.3229,-0.0873,6.2225,60491.6451,-5893494.4800,
339.0000,59996.6590,2926.8689,1262.1229,9.3196,-0.0873,6.2283,60491.0945,-5893970.7952,
339.2500,60019.0493,2925.4413,1257.3497,9.3162,-0.0873,6.2335,60490.5708,-5894445.0201,
339.5000,60040.9100,2924.0204,1252.6819,9.3129,-0.0873,6.2380,60490.0733,-5894917.1974,
339.7500,60062.2415,2922.6062,1248.1184,9.3095,-0.0873,6.2421,60489.6011,-5895387.3695,
340.0000,60083.0439,2921.1985,1243.6581,9.3061,-0.0873,6.2457,60489.1535,-5895855.5782,
340.2500,60103.3175,2919.7973,1239.2999,9.3027,-0.0873,6.2489,60488.7296,-5896321.8648,
340.5000,60123.0624,2918.4024,1235.0429,9.2993,-0.0873,6.2517,60488.3288,-5896786.2700,
340.7500,60142.2788,2917.0137,1230.8859,9.2959,-0.0873,6.2542,60487.9503,-5897248.8342,
341.0000,60160.9669,2915.6311,1226.8281,9.2925,-0.0873,6.2564,60487.5933,-5897709.5972,
341.2500,60179.1269,2914.2545,1222.8685,9.2891,-0.0873,6.2584,60487.2571,-5898168.5986,
341.5000,60196.7591,2912.8838,1219.0061,9.2857,-0.0873,6.2602,60486.9410,-5898625.8772,
341.7500,60213.8635,2911.5189,1215.2401,9.2822,-0.0856,6.2617,60486.6443,-5899081.4715,
342.0000,60230.4404,2910.1597,1211.5695,9.2788,-0.0818,6.2631,60486.3664,-5899535.4198,
342.2500,60246.4899,2908.8061,1207.9936,9.2753,-0.0779,6.2643,60486.1064,-5899987.7597,
342.5000,60262.0123,2907.4581,1204.5115,9.2718,-0.0740,6.2654,60485.8638,-5900438.5285,
342.7500,60277.0077,2906.1154,1201.1223,9.2684,-0.0700,6.2663,60485.6379,-5900887.7631,
343.0000,60291.4763,2904.7780,1197.8253,9.2649,-0.0660,6.2672,60485.4281,-5901335.5000,
343.2500,60305.4183,2903.4458,1194.6197,9.2613,-0.0621,6.2680,60485.2336,-5901781.7754,
343.5000,60318.8338,2902.1187,1191.5048,9.2578,-0.0580,6.2686,60485.0538,-5902226.6251,
343.7500,60331.7231,2900.7966,1188.4797,9.2543,-0.0540,6.2692,60484.8882,-5902670.0844,
344.0000,60344.0863,2899.4794,1185.5439,9.2508,-0.0500,6.2697,60484.7361,-5903112.1885,
344.2500,60355.9235,2898.1671,1182.6966,9.2472,-0.0459,6.2702,60484.5968,-5903552.9722,
344.5000,60367.2350,2896.8595,1179.9372,9.2436,-0.0418,6.2706,60484.4699,-5903992.4698,
344.7500,60378.0208,2895.5565,1177.2650,9.2400,-0.0378,6.2710,60484.3545,-5904430.7153,
345.0000,60388.2813,2894.2580,1174.6793,9.2364,-0.0337,6.2713,60484.2503,-5904867.7427,
345.2500,60398.0165,2892.9640,1172.1796,9.2328,-0.0296,6.2716,60484.1565,-5905303.5854,
345.5000,60407.2267,2891.6744,1169.7652,9.2292,-0.0254,6.2719,60484.0727,-5905738.2765,
345.7500,60415.9119,2890.3890,1167.4356,9.2256,-0.0213,6.2721,60483.9981,-5906171.8489,
346.0000,60424.0724,2889.1078,1165.1903,9.2219,-0.0172,6.2723,60483.9323,-5906604.3352,
346.2500,60431.7082,2887.8307,1163.0286,9.2182,-0.0131,6.2725,60483.8747,-5907035.7678,
346.5000,60438.8197,2886.5576,1160.9502,9.2146,-0.0089,6.2726,60483.8247,-5907466.1787,
346.7500,60445.4069,2885.2884,1158.9543,9.2109,-0.0048,6.2728,60483.7818,-5907895.5998,
347.0000,60451.4699,2884.0230,1157.0407,9.2071,-0.0006,6.2729,60483.7454,-5908324.0625,
347.2500,60457.0091,2882.7614,1155.2087,9.2034,0.0035,6.2730,60483.7150,-5908751.5982,
347.5000,60462.0244,2881.5034,1153.4580,9.1997,0.0077,6.2731,60483.6899,-5909178.2379,
347.7500,60466.5161,2880.2490,1151.7882,9.1959,0.0118,6.2732,60483.6698,-5909604.0125,
348.0000,60470.4844,2878.9980,1150.1987,9.1921,0.0160,6.2733,60483.6540,-5910028.9525,
348.2500,60473.9294,2877.7505,1148.6892,9.1883,0.0202,6.2733,60483.6420,-5910453.0884,
348.5000,60476.8512,2876.5063,1147.2593,9.1845,0.0243,6.2734,60483.6333,-5910876.4504,
348.7500,60479.2500,2875.2652,1145.9086,9.1807,0.0285,6.2735,60483.6273,-5911299.0684,
349.0000,60481.1259,2874.0274,1144.6368,9.1768,0.0327,6.2735,60483.6236,-5911720.9723,
349.2500,60482.4792,2872.7925,1143.4436,9.1730,0.0369,6.2735,60483.6215,-5912142.1915,
349.5000,60483.3100,2871.5607,1142.3285,9.1691,0.0411,6.2736,60483.6207,-5912562.7554,
349.7500,60483.6184,2870.3318,1141.2914,9.1652,0.0453,6.2736,60483.6205,-5912982.6934,
350.0000,60483.4045,2869.1056,1140.3318,9.1612,-0.0873,6.2736,60483.6205,-5913402.0344,
350.2500,60482.6687,2867.8822,1139.4496,9.1573,-0.0873,6.2737,60483.6201,-5913820.8074,
350.5000,60481.4109,2866.6614,1138.6445,9.1533,-0.0873,6.2737,60483.6188,-5914239.0410,
350.7500,60479.6313,2865.4432,1137.9161,9.1494,-0.0873,6.2737,60483.6161,-5914656.7637,
351.0000,60477.3302,2864.2275,1137.2644,9.1454,-0.0873,6.2737,60483.6116,-5915074.0041,
351.2500,60474.5076,2863.0142,1136.6889,9.1413,-0.0873,6.2737,60483.6046,-5915490.7903,
351.5000,60471.1637,2861.8031,1136.1897,9.1373,-0.0873,6.2738,60483.5947,-5915907.1505,
351.7500,60467.2987,2860.5944,1135.7664,9.1332,-0.0873,6.2738,60483.5814,-5916323.1126,
352.0000,60462.9127,2859.3878,1135.4188,9.1292,-0.0873,6.2738,60483.5641,-5916738.7046,
352.2500,60458.0059,2858.1832,1135.1469,9.1251,-0.0873,6.2738,60483.5424,-5917153.9541,
352.5000,60452.5784,2856.9807,1134.9504,9.1210,-0.0873,6.2738,60483.5157,-5917568.8888,
352.7500,60446.6304,2855.7801,1134.8293,9.1168,-0.0873,6.2738,60483.4835,-5917983.5361,
353.0000,60440.1620,2854.5813,1134.7834,9.1127,-0.0873,6.2738,60483.4454,-5918397.9235,
353.2500,60433.1734,2853.3842,1134.8126,9.1085,-0.0873,6.2738,60483.4007,-5918812.0783,
353.5000,60425.6648,2852.1889,1134.9167,9.1043,-0.0873,6.2738,60483.3491,-5919226.0276,
353.7500,60417.6362,2850.9951,1135.0958,9.1000,-0.0873,6.2738,60483.2899,-5919639.7986,
354.0000,60409.0879,2849.8029,1135.3498,9.0958,-0.0873,6.2738,60483.2227,-5920053.4183,
354.2500,60400.0201,2848.6121,1135.6785,9.0915,-0.0873,6.2738,60483.1470,-5920466.9136,
354.5000,60390.4328,2847.4226,1136.0820,9.0872,-0.0873,6.2738,60483.0622,-5920880.3114,
354.7500,60380.3262,2846.2345,1136.5603,9.0829,-0.0873,6.2739,60482.9677,-5921293.6384,
355.0000,60369.7005,2845.0475,1137.1132,9.0786,-0.0873,6.2739,60482.8632,-5921706.9213,
355.2500,60358.5558,2843.8616,1137.7409,9.0742,-0.0873,6.2739,60482.7480,-5922120.1869,
355.5000,60346.8924,2842.6768,1138.4433,9.0699,-0.0873,6.2739,60482.6217,-5922533.4617,
355.7500,60334.7103,2841.4930,1139.2204,9.0654,-0.0873,6.2739,60482.4836,-5922946.7722,
356.0000,60322.0097,2840.3100,1140.0723,9.0610,-0.0873,6.2739,60482.3334,-5923360.1449,
356.2500,60308.7908,2839.1279,1140.9991,9.0566,-0.0873,6.2739,60482.1703,-5923773.6064,
356.5000,60295.0538,2837.9464,1142.0008,9.0521,-0.0873,6.2739,60481.9939,-5924187.1829,
356.7500,60280.7988,2836.7656,1143.0774,9.0476,-0.0873,6.2739,60481.8037,-5924600.9008,
357.0000,60266.0259,2835.5854,1144.2291,9.0431,-0.0873,6.2739,60481.5990,-5925014.7865,
357.2500,60250.7353,2834.4057,1145.4560,9.0385,-0.0873,6.2739,60481.3794,-5925428.8663,
357.5000,60234.9273,2833.2263,1146.7581,9.0340,-0.0873,6.2739,60481.1443,-5925843.1664,
357.7500,60218.6019,2832.0473,1148.1357,9.0294,-0.0873,6.2739,60480.8931,-5926257.7132,
358.0000,60201.7593,2830.8685,1149.5888,9.0247,-0.0873,6.2739,60480.6253,-5926672.5328,
358.2500,60184.3998,2829.6899,1151.1176,9.0201,-0.0873,6.2739,60480.3402,-5927087.6516,
358.5000,60166.5234,2828.5113,1152.7223,9.0154,-0.0873,6.2739,60480.0374,-5927503.0957,
358.7500,60148.1303,2827.3328,1154.4030,9.0107,-0.0873,6.2739,60479.7161,-5927918.8913,
359.0000,60129.2207,2826.1542,1156.1600,9.0060,-0.0873,6.2739,60479.3759,-5928335.0648,
359.2500,60109.7948,2824.9754,1157.9933,9.0012,-0.0873,6.2739,60479.0162,-5928751.6423,
359.5000,60089.8528,2823.7964,1159.9034,8.9965,-0.0873,6.2739,60478.6363,-5929168.6501,
359.7500,60069.3948,2822.6170,1161.8903,8.9917,-0.0873,6.2739,60478.2357,-5929586.1145,
360.0000,60048.4210,2821.4373,1163.9544,8.9868,-0.0873,6.2739,60477.8137,-5930004.0616,
360.2500,60026.9315,2820.2570,1166.0958,8.9820,-0.0873,6.2739,60477.3697,-5930422.5180,
360.5000,60004.9267,2819.0762,1168.3149,8.9771,-0.0873,6.2739,60476.9031,-5930841.5097,
360.7500,59982.4065,2817.8947,1170.6119,8.9722,-0.0873,6.2739,60476.4133,-5931261.0633,
361.0000,59959.3713,2816.7125,1172.9871,8.9673,-0.0873,6.2739,60475.8996,-5931681.2052,
361.2500,59935.8212,2815.5295,1175.4408,8.9623,-0.0873,6.2739,60475.3614,-5932101.9616,
361.5000,59911.7564,2814.3456,1177.9734,8.9573,-0.0873,6.2739,60474.7980,-5932523.3592,
361.7500,59887.1770,2813.1607,1180.5851,8.9523,-0.0873,6.2739,60474.2088,-5932945.4244,
362.0000,59862.0833,2811.9747,1183.2764,8.9472,-0.0873,6.2739,60473.5930,-5933368.1839,
362.2500,59836.4755,2810.7875,1186.0475,8.9422,-0.0873,6.2739,60472.9501,-5933791.6641,
362.5000,59810.3537,2809.5991,1188.8988,8.9371,-0.0873,6.2739,60472.2793,-5934215.8919,
362.7500,59783.7182,2808.4094,1191.8308,8.9319,-0.0873,6.2739,60471.5800,-5934640.8939,
363.0000,59756.5691,2807.2182,1194.8437,8.9268,-0.0873,6.2739,60470.8514,-5935066.6969,
363.2500,59728.9066,2806.0256,1197.9381,8.9216,-0.0873,6.2739,60470.0928,-5935493.3279,
363.5000,59700.7309,2804.8313,1201.1143,8.9164,-0.0873,6.2739,60469.3035,-5935920.8137,
363.7500,59672.0423,2803.6354,1204.3727,8.9111,-0.0873,6.2739,60468.4828,-5936349.1814,
364.0000,59642.8410,2802.4378,1207.7139,8.9058,-0.0873,6.2739,60467.6299,-5936778.4580,
364.2500,59613.1270,2801.2382,1211.1382,8.9005,-0.0873,6.2739,60466.7440,-5937208.6708,
364.5000,59582.9007,2800.0367,1214.6462,8.8952,-0.0873,6.2739,60465.8245,-5937639.8471,
364.7500,59552.1623,2798.8332,1218.2382,8.8898,-0.0873,6.2739,60464.8704,-5938072.0141,
365.0000,59520.9120,2797.6276,1221.9149,8.8844,-0.0873,6.2739,60463.8812,-5938505.1993,
365.2500,59489.1499,2796.4198,1225.6767,8.8790,-0.0873,6.2739,60462.8558,-5938939.4303,
365.5000,59456.8764,2795.2096,1229.5242,8.8735,-0.0873,6.2739,60461.7936,-5939374.7347,
365.7500,59424.0915,2793.9971,1233.4578,8.8680,-0.0873,6.2739,60460.6937,-5939811.1403,
366.0000,59390.7957,2792.7821,1237.4782,8.8625,-0.0873,6.2739,60459.5553,-5940248.6749,
366.2500,59356.9890,2791.5645,1241.5859,8.8570,-0.0873,6.2739,60458.3776,-5940687.3665,
366.5000,59322.6717,2790.3442,1245.7814,8.8514,-0.0873,6.2739,60457.1596,-5941127.2432,
366.7500,59287.8440,2789.1212,1250.0654,8.8458,-0.0873,6.2739,60455.9005,-5941568.3332,
367.0000,59252.5062,2787.8953,1254.4385,8.8401,-0.0873,6.2739,60454.5994,-5942010.6647,
367.2500,59216.6585,2786.6664,1258.9012,8.8344,-0.0873,6.2739,60453.2555,-5942454.2664,
367.5000,59180.3011,2785.4345,1263.4543,8.8287,-0.0873,6.2739,60451.8677,-5942899.1667,
367.7500,59143.4343,2784.1994,1268.0983,8.8230,-0.0873,6.2739,60450.4353,-5943345.3943,
368.0000,59106.0583,2782.9611,1272.8339,8.8172,-0.0873,6.2739,60448.9572,-5943792.9781,
368.2500,59068.1734,2781.7195,1277.6618,8.8114,-0.0873,6.2739,60447.4324,-5944241.9471,
368.5000,59029.7799,2780.4744,1282.5826,8.8055,-0.0873,6.2739,60445.8601,-5944692.3303,
368.7500,58990.8779,2779.2257,1287.5972,8.7997,-0.0873,6.2739,60444.2392,-5945144.1572,
369.0000,58951.4677,2777.9734,1292.7060,8.7938,-0.0873,6.2739,60442.5688,-5945597.4570,
369.2500,58911.5496,2776.7174,1297.9100,8.7878,-0.0873,6.2739,60440.8477,-5946052.2593,
369.5000,58871.1239,2775.4575,1303.2098,8.7818,-0.0873,6.2739,60439.0750,-5946508.5939,
369.7500,58830.1908,2774.1937,1308.6063,8.7758,-0.0873,6.2739,60437.2497,-5946966.4907,
370.0000,58788.7506,2772.9258,1314.1000,8.7698,-0.0873,6.2739,60435.3705,-5947425.9796,
370.2500,58746.8036,2771.6538,1319.6919,8.7637,-0.0873,6.2739,60433.4366,-5947887.0910,
370.5000,58704.3500,2770.3774,1325.3828,8.7576,-0.0873,6.2739,60431.4467,-5948349.8550,
370.7500,58661.3902,2769.0968,1331.1734,8.7514,-0.0873,6.2739,60429.3997,-5948814.3024,
371.0000,58617.9244,2767.8116,1337.0646,8.7452,-0.0873,6.2739,60427.2945,-5949280.4639,
371.2500,58573.9528,2766.5219,1343.0571,8.7390,-0.0873,6.2739,60425.1300,-5949748.3702,
371.5000,58529.4759,2765.2274,1349.1520,8.7327,-0.0873,6.2739,60422.9049,-5950218.0525,
371.7500,58484.4938,2763.9282,1355.3499,8.7264,-0.0873,6.2739,60420.6180,-5950689.5420,
372.0000,58439.0070,2762.6241,1361.6519,8.7201,-0.0873,6.2739,60418.2682,-5951162.8703,
372.2500,58393.0157,2761.3149,1368.0588,8.7137,-0.0873,6.2739,60415.8542,-5951638.0688,
372.5000,58346.5201,2760.0006,1374.5716,8.7073,-0.0873,6.2739,60413.3747,-5952115.1694,
372.7500,58299.5207,2758.6810,1381.1910,8.7009,-0.0873,6.2739,60410.8285,-5952594.2042,
373.0000,58252.0177,2757.3561,1387.9182,8.6944,-0.0873,6.2739,60408.2142,-5953075.2053,
373.2500,58204.0115,2756.0256,1394.7540,8.6879,-0.0873,6.2739,60405.5305,-5953558.2052,
373.5000,58155.5024,2754.6896,1401.6995,8.6813,-0.0873,6.2739,60402.7762,-5954043.2365,
373.7500,58106.4907,2753.3479,1408.7555,8.6747,-0.0873,6.2739,60399.9497,-5954530.3319,
374.0000,58056.9768,2752.0003,1415.9231,8.6681,-0.0873,6.2739,60397.0497,-5955019.5245,
374.2500,58006.9610,2750.6468,1423.2034,8.6614,-0.0873,6.2739,60394.0748,-5955510.8476,
374.5000,57956.4436,2749.2872,1430.5973,8.6547,-0.0873,6.2739,60391.0235,-5956004.3346,
374.7500,57905.4250,2747.9214,1438.1059,8.6480,-0.0873,6.2739,60387.8944,-5956500.0192,
375.0000,57853.9056,2746.5493,1445.7303,8.6412,-0.0873,6.2739,60384.6860,-5956997.9352,
375.2500,57801.8857,2745.1707,1453.4715,8.6344,-0.0873,6.2739,60381.3968,-5957498.1167,
375.5000,57749.3657,2743.7856,1461.3307,8.6275,-0.0873,6.2739,60378.0252,-5958000.5982,
375.7500,57696.3459,2742.3938,1469.3089,8.6206,-0.0873,6.2739,60374.5697,-5958505.4140,
376.0000,57642.8268,2740.9951,1477.4072,8.6136,-0.0873,6.2739,60371.0286,-5959012.5991,
376.2500,57588.8087,2739.5895,1485.6268,8.6066,-0.0873,6.2739,60367.4003,-5959522.1885,
376.5000,57534.2920,2738.1768,1493.9689,8.5996,-0.0873,6.2739,60363.6833,-5960034.2173,
376.7500,57479.2771,2736.7569,1502.4346,8.5925,-0.0873,6.2739,60359.8757,-5960548.7210,
377.0000,57423.7644,2735.3296,1511.0252,8.5854,-0.0873,6.2739,60355.9759,-5961065.7355,
377.2500,57367.7543,2733.8948,1519.7417,8.5783,-0.0873,6.2739,60351.9822,-5961585.2965,
377.5000,57311.2473,2732.4524,1528.5854,8.5711,-0.0873,6.2739,60347.8927,-5962107.4404,
377.7500,57254.2436,2731.0023,1537.5576,8.5638,-0.0873,6.2739,60343.7058,-5962632.2036,
378.0000,57196.7439,2729.5443,1546.6595,8.5565,-0.0873,6.2739,60339.4195,-5963159.6227,
378.2500,57138.7484,2728.0782,1555.8924,8.5492,-0.0873,6.2739,60335.0320,-5963689.7347,
378.5000,57080.2577,2726.6040,1565.2575,8.5419,-0.0873,6.2739,60330.5414,-5964222.5768,
378.7500,57021.2721,2725.1214,1574.7561,8.5344,-0.0873,6.2739,60325.9458,-5964758.1863,
379.0000,56961.7922,2723.6304,1584.3896,8.5270,-0.0873,6.2739,60321.2431,-5965296.6011,
379.2500,56901.8183,2722.1307,1594.1593,8.5195,-0.0873,6.2739,60316.4316,-5965837.8589,
379.5000,56841.3510,2720.6223,1604.0664,8.5119,-0.0873,6.2739,60311.5090,-5966381.9981,
379.7500,56780.3908,2719.1051,1614.1124,8.5043,-0.0873,6.2739,60306.4734,-5966929.0570,
380.0000,56718.9380,2717.5787,1624.2987,8.4967,-0.0873,6.2739,60301.3226,-5967479.0744,
380.2500,56656.9932,2716.0432,1634.6266,8.4890,-0.0873,6.2739,60296.0545,-5968032.0891,
380.5000,56594.5569,2714.4983,1645.0975,8.4813,-0.0873,6.2739,60290.6670,-5968588.1405,
380.7500,56531.6295,2712.9439,1655.7128,8.4735,-0.0873,6.2739,60285.1578,-5969147.2680,
381.0000,56468.2117,2711.3798,1666.4740,8.4657,-0.0873,6.2739,60279.5247,-5969709.5114,
381.2500,56404.3038,2709.8059,1677.3826,8.4578,-0.0873,6.2739,60273.7654,-5970274.9106,
381.5000,56339.9065,2708.2220,1688.4399,8.4499,-0.0873,6.2739,60267.8776,-5970843.5059,
381.7500,56275.0202,2706.6280,1699.6475,8.4420,-0.0873,6.2739,60261.8590,-5971415.3379,
382.0000,56209.6455,2705.0237,1711.0068,8.4340,-0.0873,6.2739,60255.7071,-5971990.4473,
382.2500,56143.7830,2703.4089,1722.5195,8.4259,-0.0873,6.2739,60249.4196,-5972568.8752,
382.5000,56077.4332,2701.7835,1734.1869,8.4178,-0.0873,6.2739,60242.9938,-5973150.6629,
382.7500,56010.5967,2700.1473,1746.0106,8.4096,-0.0873,6.2739,60236.4274,-5973735.8520,
383.0000,55943.2739,2698.5001,1757.9923,8.4014,-0.0873,6.2739,60229.7177,-5974324.4843,
383.2500,55875.4657,2696.8418,1770.1334,8.3932,-0.0873,6.2739,60222.8621,-5974916.6019,
383.5000,55807.1724,2695.1722,1782.4355,8.3849,-0.0873,6.2739,60215.8580,-5975512.2473,
383.7500,55738.3947,2693.4911,1794.9002,8.3765,-0.0873,6.2739,60208.7027,-5976111.4630,
384.0000,55669.1333,2691.7983,1807.5293,8.3681,-0.0873,6.2739,60201.3934,-5976714.2919,
384.2500,55599.3887,2690.0937,1820.3241,8.3597,-0.0873,6.2739,60193.9275,-5977320.7772,
384.5000,55529.1617,2688.3771,1833.2865,8.3512,-0.0873,6.2739,60186.3019,-5977930.9624,
384.7500,55458.4527,2686.6483,1846.4181,8.3426,-0.0873,6.2739,60178.5139,-5978544.8910,
385.0000,55387.2624,2684.9072,1859.7204,8.3340,-0.0873,6.2739,60170.5605,-5979162.6070,
385.2500,55315.5916,2683.1534,1873.1953,8.3253,-0.0873,6.2739,60162.4388,-5979784.1546,
385.5000,55243.4409,2681.3869,1886.8444,8.3166,-0.0873,6.2739,60154.1458,-5980409.5782,
385.7500,55170.8110,2679.6075,1900.6694,8.3078,-0.0873,6.2739,60145.6782,-5981038.9226,
386.0000,55097.7025,2677.8150,1914.6720,8.2990,-0.0873,6.2739,60137.0332,-5981672.2327,
386.2500,55024.1162,2676.0091,1928.8539,8.2901,-0.0873,6.2739,60128.2074,-5982309.5536,
386.5000,54950.0527,2674.1898,1943.2170,8.2812,-0.0873,6.2739,60119.1976,-5982950.9307,
386.7500,54875.5129,2672.3567,1957.7629,8.2722,-0.0873,6.2739,60110.0006,-5983596.4099,
387.0000,54800.4973,2670.5098,1972.4934,8.2632,-0.0873,6.2739,60100.6130,-5984246.0369,
387.2500,54725.0069,2668.6487,1987.4103,8.2541,-0.0873,6.2739,60091.0315,-5984899.8580,
387.5000,54649.0422,2666.7734,2002.5153,8.2449,-0.0873,6.2739,60081.2525,-5985557.9195,
387.7500,54572.6042,2664.8835,2017.8104,8.2357,-0.0873,6.2739,60071.2728,-5986220.2680,
388.0000,54495.6935,2662.9789,2033.2972,8.2264,-0.0873,6.2739,60061.0885,-5986886.9504,
388.2500,54418.3110,2661.0594,2048.9776,8.2171,-0.0873,6.2739,60050.6963,-5987558.0137,
388.5000,54340.4575,2659.1248,2064.8534,8.2077,-0.0873,6.2739,60040.0923,-5988233.5052,
388.7500,54262.1337,2657.1749,2080.9265,8.1983,-0.0873,6.2739,60029.2729,-5988913.4724,
389.0000,54183.3405,2655.2094,2097.1987,8.1888,-0.0873,6.2739,60018.2344,-5989597.9630,
389.2500,54104.0789,2653.2281,2113.6719,8.1792,-0.0873,6.2739,60006.9728,-5990287.0249,
389.5000,54024.3495,2651.2309,2130.3478,8.1696,-0.0873,6.2739,59995.4843,-5990980.7062,
389.7500,53944.1532,2649.2175,2147.2284,8.1599,-0.0873,6.2739,59983.7649,-5991679.0552,
390.0000,53863.4911,2647.1876,2164.3156,8.1502,-0.0873,6.2739,59971.8106,-5992382.1203,
390.2500,53782.3639,2645.1412,2181.6112,8.1404,-0.0873,6.2739,59959.6173,-5993089.9502,
390.5000,53700.7725,2643.0778,2199.1171,8.1305,-0.0873,6.2739,59947.1809,-5993802.5937,
390.7500,53618.7180,2640.9974,2216.8352,8.1206,-0.0873,6.2739,59934.4972,-5994520.0998,
391.0000,53536.2011,2638.8996,2234.7674,8.1106,-0.0873,6.2739,59921.5619,-5995242.5176,
391.2500,53453.2229,2636.7843,2252.9156,8.1005,-0.0873,6.2739,59908.3706,-5995969.8965,
391.5000,53369.7844,2634.6512,2271.2816,8.0904,-0.0873,6.2739,59894.9191,-5996702.2858,
391.7500,53285.8865,2632.5001,2289.8675,8.0802,-0.0873,6.2739,59881.2027,-5997439.7352,
392.0000,53201.5301,2630.3307,2308.6750,8.0700,-0.0873,6.2739,59867.2171,-5998182.2944,
392.2500,53116.7164,2628.1428,2327.7061,8.0596,-0.0873,6.2739,59852.9575,-5998930.0130,
392.5000,53031.4464,2625.9362,2346.9626,8.0493,-0.0873,6.2739,59838.4194,-5999682.9412,
392.7500,52945.7210,2623.7106,2366.4466,8.0388,-0.0873,6.2739,59823.5979,-6000441.1288,
393.0000,52859.5413,2621.4658,2386.1598,8.0283,-0.0873,6.2739,59808.4884,-6001204.6260,
393.2500,52772.9085,2619.2015,2406.1042,8.0177,-0.0873,6.2739,59793.0858,-6001973.4830,
393.5000,52685.8236,2616.9174,2426.2817,8.0071,-0.0873,6.2739,59777.3854,-6002747.7499,
393.7500,52598.2877,2614.6134,2446.6941,7.9964,-0.0873,6.2739,59761.3821,-6003527.4771,
394.0000,52510.3019,2612.2892,2467.3433,7.9856,-0.0873,6.2739,59745.0707,-6004312.7150,
394.2500,52421.8674,2609.9445,2488.2313,7.9747,-0.0873,6.2739,59728.4462,-6005103.5139,
394.5000,52332.9854,2607.5791,2509.3598,7.9638,-0.0873,6.2739,59711.5034,-6005899.9241,
394.7500,52243.6569,2605.1926,2530.7308,7.9528,-0.0873,6.2739,59694.2369,-6006701.9961,
395.0000,52153.8833,2602.7849,2552.3461,7.9417,-0.0873,6.2739,59676.6413,-6007509.7803,
395.2500,52063.6656,2600.3556,2574.2074,7.9306,-0.0873,6.2739,59658.7113,-6008323.3269,
395.5000,51973.0052,2597.9046,2596.3168,7.9194,-0.0873,6.2739,59640.4413,-6009142.6863,
395.7500,51881.9033,2595.4315,2618.6759,7.9081,-0.0873,6.2739,59621.8258,-6009967.9088,
396.0000,51790.3611,2592.9361,2641.2865,7.8967,-0.0873,6.2739,59602.8590,-6010799.0446,
396.2500,51698.3800,2590.4181,2664.1505,7.8853,-0.0873,6.2739,59583.5353,-6011636.1438,
396.5000,51605.9612,2587.8772,2687.2696,7.8738,-0.0873,6.2739,59563.8488,-6012479.2563,
396.7500,51513.1061,2585.3131,2710.6456,7.8622,-0.0873,6.2739,59543.7936,-6013328.4321,
397.0000,51419.8159,2582.7256,2734.2801,7.8506,-0.0873,6.2739,59523.3639,-6014183.7209,
397.2500,51326.0922,2580.1144,2758.1750,7.8388,-0.0873,6.2739,59502.5535,-6015045.1723,
397.5000,51231.9362,2577.4793,2782.3318,7.8270,-0.0873,6.2739,59481.3563,-6015912.8358,
397.7500,51137.3493,2574.8198,2806.7523,7.8151,-0.0873,6.2739,59459.7662,-6016786.7606,
398.0000,51042.3330,2572.1358,2831.4380,7.8031,-0.0873,6.2739,59437.7769,-6017666.9957,
398.2500,50946.8889,2569.4137,2878.4060,7.7924,-0.0873,6.2739,59415.3199,-6018556.0430,
398.5000,50851.0191,2566.6538,2906.6266,7.7841,-0.0873,6.2739,59392.3266,-6019456.3485,
398.7500,50754.7253,2563.8651,2935.2084,7.7757,-0.0873,6.2739,59368.8892,-6020364.0276,
399.0000,50658.0092,2561.0474,2964.1549,7.7671,-0.0873,6.2739,59344.9999,-6021279.1519,
399.2500,50560.8723,2558.2002,2993.4697,7.7585,-0.0873,6.2739,59320.6509,-6022201.7932,
399.5000,50463.3165,2555.3231,3023.1562,7.7498,-0.0873,6.2739,59295.8343,-6023132.0230,
399.7500,50365.3434,2552.4158,3053.2179,7.7410,-0.0873,6.2739,59270.5421,-6024069.9131,
400.0000,50266.9548,2549.4777,3083.6582,7.7321,-0.0873,6.2739,59244.7660,-6025015.5350,
400.2500,50168.1524,2546.5085,3114.4806,7.7231,-0.0873,6.2739,59218.4979,-6025968.9603,
400.5000,50068.9381,2543.5079,3145.6883,7.7141,-0.0873,6.2739,59191.7292,-6026930.2603,
400.7500,49969.3137,2540.4753,3177.2849,7.7049,-0.0873,6.2739,59164.4517,-6027899.5065,
401.0000,49869.2811,2537.4103,3209.2737,7.6956,-0.0873,6.2739,59136.6565,-6028876.7698,
401.2500,49768.8421,2534.3126,3241.6579,7.6862,-0.0873,6.2739,59108.3351,-6029862.1213,
401.5000,49667.9987,2531.1816,3274.4409,7.6768,-0.0873,6.2739,59079.4785,-6030855.6316,
401.7500,49566.7529,2528.0170,3307.6258,7.6672,-0.0873,6.2739,59050.0778,-6031857.3711,
402.0000,49465.1066,2524.8184,3341.2160,7.6575,-0.0873,6.2739,59020.1240,-6032867.4099,
402.2500,49363.0619,2521.5852,3375.2144,7.6477,-0.0873,6.2739,58989.6079,-6033885.8178,
402.5000,49260.6209,2518.3171,3409.6243,7.6378,-0.0873,6.2739,58958.5202,-6034912.6641,
402.7500,49157.7855,2515.0136,3444.4487,7.6278,-0.0873,6.2739,58926.8514,-6035948.0177,
403.0000,49054.5579,2511.6742,3479.6905,7.6177,-0.0873,6.2739,58894.5922,-6036991.9472,
403.2500,48950.9404,2508.2986,3515.3528,7.6075,-0.0873,6.2739,58861.7327,-6038044.5204,
403.5000,48846.9350,2504.8862,3551.4382,7.5972,-0.0873,6.2739,58828.2635,-6039105.8047,
403.7500,48742.5441,2501.4366,3587.9498,7.5868,-0.0873,6.2739,58794.1744,-6040175.8669,
404.0000,48637.7698,2497.9493,3624.8901,7.5762,-0.0873,6.2739,58759.4558,-6041254.7732,
404.2500,48532.6144,2494.4239,3662.2618,7.5656,-0.0873,6.2739,58724.0973,-6042342.5888,
404.5000,48427.0804,2490.8598,3700.0675,7.5548,-0.0873,6.2739,58688.0890,-6043439.3785,
404.7500,48321.1701,2487.2568,3738.3096,7.5439,-0.0873,6.2739,58651.4204,-6044545.2062,
405.0000,48214.8858,2483.6141,3776.9905,7.5328,-0.0873,6.2739,58614.0813,-6045660.1347,
405.2500,48108.2300,2479.9315,3816.1126,7.5217,-0.0873,6.2739,58576.0612,-6046784.2263,
405.5000,48001.2052,2476.2083,3855.6778,7.5104,-0.0873,6.2739,58537.3494,-6047917.5419,
405.7500,47893.8140,2472.4442,3895.6885,7.4991,-0.0873,6.2739,58497.9352,-6049060.1416,
406.0000,47786.0588,2468.6387,3936.1464,7.4875,-0.0873,6.2739,58457.8080,-6050212.0844,
406.2500,47677.9424,2464.7912,3977.0534,7.4759,-0.0873,6.2739,58416.9568,-6051373.4282,
406.5000,47569.4672,2460.9012,4018.4112,7.4641,-0.0873,6.2739,58375.3706,-6052544.2295,
406.7500,47460.6360,2456.9684,4060.2214,7.4522,-0.0873,6.2739,58333.0384,-6053724.5437,
407.0000,47351.4516,2452.9921,4102.4854,7.4402,-0.0873,6.2739,58289.9491,-6054914.4247,
407.2500,47241.9167,2448.9720,4145.2046,7.4280,-0.0873,6.2739,58246.0913,-6056113.9252,
407.5000,47132.0340,2444.9075,4188.3800,7.4157,-0.0873,6.2739,58201.4537,-6057323.0962,
407.7500,47021.8065,2440.7981,4232.0126,7.4033,-0.0873,6.2739,58156.0250,-6058541.9873,
408.0000,46911.2390,2436.5359,4396.8958,7.3930,-0.0873,6.2739,58108.9740,-6059792.3961,
408.2500,46800.3383,2432.2009,4447.0819,7.3842,-0.0873,6.2739,58060.5803,-6061066.3771,
408.5000,46689.1079,2427.8133,4497.9003,7.3751,-0.0873,6.2739,58011.2924,-6062351.6772,
408.7500,46577.5509,2423.3726,4549.3546,7.3659,-0.0873,6.2739,57961.0963,-6063648.3742,
409.0000,46465.6709,2418.8779,4601.4484,7.3566,-0.0873,6.2739,57909.9776,-6064956.5442,
409.2500,46353.4712,2414.3287,4654.1850,7.3471,-0.0873,6.2739,57857.9219,-6066276.2615,
409.5000,46240.9554,2409.7241,4707.5676,7.3374,-0.0873,6.2739,57804.9147,-6067607.5984,
409.7500,46128.1270,2405.0635,4761.5990,7.3276,-0.0873,6.2739,57750.9412,-6068950.6254,
410.0000,46014.9896,2400.3463,4816.2820,7.3175,-0.0873,6.2739,57695.9868,-6070305.4107,
410.2500,45901.5469,2395.5716,4871.6189,7.3074,-0.0873,6.2739,57640.0365,-6071672.0203,
410.5000,45787.8026,2390.7389,4927.6118,7.2970,-0.0873,6.2739,57583.0755,-6073050.5178,
410.7500,45673.7606,2385.8473,4984.2627,7.2865,-0.0873,6.2739,57525.0887,-6074440.9642,
411.0000,45559.4247,2380.8962,5041.5729,7.2757,-0.0873,6.2739,57466.0610,-6075843.4181,
411.2500,45444.7987,2375.8848,5099.5439,7.2648,-0.0873,6.2739,57405.9772,-6077257.9352,
411.5000,45329.8868,2370.8125,5158.1765,7.2538,-0.0873,6.2739,57344.8220,-6078684.5683,
411.7500,45214.6929,2365.6785,5217.4714,7.2425,-0.0873,6.2739,57282.5803,-6080123.3672,
412.0000,45099.2211,2360.4821,5277.4286,7.2310,-0.0873,6.2739,57219.2365,-6081574.3786,
412.2500,44983.4756,2355.2225,5338.0481,7.2194,-0.0873,6.2739,57154.7753,-6083037.6458,
412.5000,44867.4607,2349.8992,5399.3293,7.2075,-0.0873,6.2739,57089.1812,-6084513.2086,
412.7500,44751.1807,2344.5113,5461.2714,7.1955,-0.0873,6.2739,57022.4389,-6086001.1034,
413.0000,44634.6399,2339.0581,5523.8728,7.1832,-0.0873,6.2739,56954.5327,-6087501.3627,
413.2500,44517.8428,2333.5390,5587.1319,7.1707,-0.0873,6.2739,56885.4474,-6089014.0151,
413.5000,44400.7939,2327.9531,5651.0463,7.1581,-0.0873,6.2739,56815.1672,-6090539.0852,
413.7500,44283.4977,2322.2999,5715.6133,7.1452,-0.0873,6.2739,56743.6770,-6092076.5933,
414.0000,44165.9589,2316.5785,5780.8296,7.1321,-0.0873,6.2739,56670.9611,-6093626.5555,
414.2500,44048.1822,2310.7884,5846.6916,7.1188,-0.0873,6.2739,56597.0042,-6095188.9833,
414.5000,43930.1725,2304.9287,5913.1949,7.1053,-0.0873,6.2739,56521.7909,-6096763.8832,
414.7500,43811.9345,2298.9989,5980.3347,7.0915,-0.0873,6.2739,56445.3061,-6098351.2574,
415.0000,43693.4731,2292.9981,6048.1056,7.0775,-0.0873,6.2739,56367.5345,-6099951.1025,
415.2500,43574.7935,2286.9257,6116.5016,7.0633,-0.0873,6.2739,56288.4610,-6101563.4104,
415.5000,43455.9006,2280.7811,6185.5161,7.0489,-0.0873,6.2739,56208.0707,-6103188.1673,
415.7500,43336.7995,2274.5636,6255.1419,7.0342,-0.0873,6.2739,56126.3486,-6104825.3540,
416.0000,43217.4956,2268.2725,6325.3711,7.0193,-0.0873,6.2739,56043.2800,-6106474.9456,
416.2500,43097.9940,2261.9071,6396.1951,7.0042,-0.0873,6.2739,55958.8503,-6108136.9112,
416.5000,42978.3002,2255.4669,6467.6048,6.9888,-0.0873,6.2739,55873.0452,-6109811.2141,
416.7500,42858.4195,2248.9511,6539.5901,6.9732,-0.0873,6.2739,55785.8503,-6111497.8111,
417.0000,42738.3575,2242.3591,6612.1405,6.9573,-0.0873,6.2739,55697.2517,-6113196.6528,
417.2500,42618.1197,2235.6904,6685.2445,6.9412,-0.0873,6.2739,55607.2356,-6114907.6833,
417.5000,42497.7119,2228.9444,6758.8899,6.9249,-0.0873,6.2739,55515.7883,-6116630.8396,
417.7500,42377.1396,2222.1203,6833.0638,6.9082,-0.0873,6.2739,55422.8966,-6118366.0524,
418.0000,42256.4087,2215.2177,6907.7525,6.8914,-0.0873,6.2739,55328.5474,-6120113.2447,
418.2500,42135.5251,2208.2361,6982.9413,6.8742,-0.0873,6.2739,55232.7280,-6121872.3328,
418.5000,42014.4948,2201.1748,7058.6148,6.8568,-0.0873,6.2739,55135.4259,-6123643.2254,
418.7500,41893.3236,2194.0333,7134.7567,6.8392,-0.0873,6.2739,55036.6289,-6125425.8236,
419.0000,41772.0178,2186.8111,7211.3500,6.8212,-0.0873,6.2739,54936.3255,-6127220.0208,
419.2500,41650.5835,2179.5078,7288.3764,6.8030,-0.0873,6.2739,54834.5041,-6129025.7029,
419.5000,41529.0269,2172.1228,7365.8172,6.7846,-0.0873,6.2739,54731.1538,-6130842.7472,
419.7500,41407.3543,2164.6557,7443.6524,6.7658,-0.0873,6.2739,54626.2639,-6132671.0235,
420.0000,41285.5721,2157.1060,7521.8613,6.7468,-0.0873,6.2739,54519.8245,-6134510.3928,
420.2500,41163.6867,2149.4734,7600.4219,6.7275,-0.0873,6.2739,54411.8257,-6136360.7081,
420.5000,41041.7047,2141.7575,7679.3118,6.7079,-0.0873,6.2739,54302.2584,-6138221.8136,
420.7500,40919.6327,2133.9578,7758.5070,6.6881,-0.0873,6.2739,54191.1139,-6140093.5450,
421.0000,40797.4773,2126.0741,7837.9831,6.6679,-0.0873,6.2739,54078.3839,-6141975.7293,
421.2500,40675.2452,2118.1060,7917.7142,6.6475,-0.0873,6.2739,53964.0610,-6143868.1843,
421.5000,40552.9433,2110.0532,7997.6738,6.6268,-0.0873,6.2739,53848.1379,-6145770.7193,
421.7500,40430.5783,2101.9155,8077.8341,6.6058,-0.0873,6.2739,53730.6083,-6147683.1343,
422.0000,40308.1573,2093.6927,8158.1664,6.5845,-0.0873,6.2739,53611.4662,-6149605.2203,
422.2500,40185.6871,2085.3845,8238.6411,6.5629,-0.0873,6.2739,53490.7065,-6151536.7589,
422.5000,40063.1749,2076.9908,8319.2273,6.5410,-0.0873,6.2739,53368.3246,-6153477.5226,
422.7500,39940.6278,2068.5113,8399.8933,6.5188,-0.0873,6.2739,53244.3166,-6155427.2748,
423.0000,39818.0530,2059.9461,8480.6064,6.4964,-0.0873,6.2739,53118.6793,-6157385.7692,
423.2500,39695.4576,2051.2951,8561.3327,6.4736,-0.0873,6.2739,52991.4102,-6159352.7505,
423.5000,39572.8491,2042.5581,8642.0374,6.4505,-0.0873,6.2739,52862.5077,-6161327.9538,
423.7500,39450.2346,2033.7353,8722.6847,6.4272,-0.0873,6.2739,52731.9707,-6163311.1049,
424.0000,39327.6218,2024.8266,8803.2377,6.4035,-0.0873,6.2739,52599.7991,-6165301.9205,
424.2500,39205.0179,2015.8321,8883.6586,6.3795,-0.0873,6.2739,52465.9936,-6167300.1076,
424.5000,39082.4305,2006.7519,8963.9088,6.3553,-0.0873,6.2739,52330.5556,-6169305.3642,
424.7500,38959.8673,1997.5861,9043.9482,6.3307,-0.0873,6.2739,52193.4873,-6171317.3791,
425.0000,38837.3357,1988.3350,9123.7364,6.3058,-0.0873,6.2739,52054.7920,-6173335.8319,
425.2500,38714.8435,1978.9988,9203.2317,6.2806,-0.0873,6.2739,51914.4738,-6175360.3931,
425.5000,38592.3983,1969.5777,9282.3915,6.2551,-0.0873,6.2739,51772.5374,-6177390.7245,
425.7500,38470.0079,1960.0721,9361.1724,6.2294,-0.0873,6.2739,51628.9889,-6179426.4788,
426.0000,38347.6801,1950.4823,9439.5302,6.2033,-0.0873,6.2739,51483.8349,-6181467.3003,
426.2500,38225.4227,1940.8087,9517.4197,6.1769,-0.0873,6.2739,51337.0831,-6183512.8246,
426.5000,38103.2435,1931.0518,9594.7953,6.1502,-0.0873,6.2739,51188.7423,-6185562.6792,
426.7500,37981.1504,1921.2121,9671.6100,6.1232,-0.0873,6.2739,51038.8221,-6187616.4831,
427.0000,37859.1514,1911.2900,9747.8168,6.0959,-0.0873,6.2739,50887.3330,-6189673.8478,
427.2500,37737.2544,1901.2863,9823.3674,6.0683,-0.0873,6.2739,50734.2866,-6191734.3768,
427.5000,37615.4673,1891.2015,9898.2133,6.0404,-0.0873,6.2739,50579.6955,-6193797.6661,
427.7500,37493.7981,1881.0363,9972.3052,6.0122,-0.0873,6.2739,50423.5734,-6195863.3049,
428.0000,37372.2549,1870.7914,10045.5933,5.9837,-0.0873,6.2739,50265.9346,-6197930.8750,
428.2500,37250.8456,1860.4677,10118.0273,5.9549,-0.0873,6.2739,50106.7950,-6199999.9518,
428.5000,37129.5783,1850.0658,10189.5564,5.9259,-0.0873,6.2739,49946.1709,-6202070.1046,
428.7500,37008.4611,1839.5868,10260.1296,5.8965,-0.0873,6.2739,49784.0801,-6204140.8963,
429.0000,36887.5019,1829.0316,10329.6952,5.8669,-0.0873,6.2739,49620.5411,-6206211.8845,
429.2500,36766.7088,1818.4011,10398.2017,5.8369,-0.0873,6.2739,49455.5736,-6208282.6215,
429.5000,36646.0899,1807.6963,10465.5970,5.8067,-0.0873,6.2739,49289.1982,-6210352.6547,
429.7500,36525.6532,1796.9184,10531.8290,5.7762,-0.0873,6.2739,49121.4364,-6212421.5269,
430.0000,36405.4068,1786.0683,10596.8456,5.7454,-0.0873,6.2739,48952.3110,-6214488.7770,
430.2500,36285.3586,1775.1475,10660.5945,5.7144,-0.0873,6.2739,48781.8454,-6216553.9402,
430.5000,36165.5167,1764.1569,10723.0236,5.6830,-0.0873,6.2739,48610.0642,-6218616.5485,
430.7500,36045.8892,1753.0980,10784.0808,5.6514,-0.0873,6.2739,48436.9930,-6220676.1311,
431.0000,35926.4839,1741.9719,10843.7143,5.6196,-0.0873,6.2739,48262.6582,-6222732.2150,
431.2500,35807.3088,1730.7802,10901.8726,5.5875,-0.0873,6.2739,48087.0871,-6224784.3255,
431.5000,35688.3718,1719.5242,10958.5043,5.5551,-0.0873,6.2739,47910.3081,-6226831.9863,
431.7500,35569.6809,1708.2053,11013.5587,5.5224,-0.0873,6.2739,47732.3503,-6228874.7205,
432.0000,35451.2438,1696.8251,11066.9854,5.4896,-0.0873,6.2739,47553.2438,-6230912.0507,
432.2500,35333.0685,1685.3851,11118.7347,5.4564,-0.0873,6.2739,47373.0193,-6232943.5000,
432.5000,35215.1626,1673.8870,11168.7574,5.4230,-0.0873,6.2739,47191.7087,-6234968.5920,
432.7500,35097.5339,1662.3322,11217.0052,5.3894,-0.0873,6.2739,47009.3443,-6236986.8514,
433.0000,34980.1901,1650.7226,11263.4303,5.3556,-0.0873,6.2739,46825.9595,-6238997.8049,
433.2500,34863.1388,1639.0598,11307.9862,5.3215,-0.0873,6.2739,46641.5882,-6241000.9815,
433.5000,34746.3876,1627.3456,11350.6269,5.2872,-0.0873,6.2739,46456.2651,-6242995.9127,
433.7500,34629.9440,1615.5817,11391.3078,5.2527,-0.0873,6.2739,46270.0255,-6244982.1338,
434.0000,34513.8154,1603.7701,11429.9851,5.2180,-0.0873,6.2739,46082.9055,-6246959.1837,
434.2500,34398.0092,1591.9125,11466.6163,5.1831,-0.0873,6.2739,45894.9415,-6248926.6056,
434.5000,34282.5328,1580.0109,11501.1602,5.1480,-0.0873,6.2739,45706.1706,-6250883.9480,
434.7500,34167.3933,1568.0672,11533.5768,5.1126,-0.0873,6.2739,45516.6307,-6252830.7644,
435.0000,34052.5979,1556.0834,11563.8276,5.0771,-0.0873,6.2739,45326.3598,-6254766.6147,
435.2500,33938.1538,1544.0614,11591.8754,5.0414,-0.0873,6.2739,45135.3964,-6256691.0648,
435.5000,33824.0678,1532.0032,11617.6845,5.0056,-0.0873,6.2739,44943.7796,-6258603.6878,
435.7500,33710.3470,1519.9110,11641.2210,4.9695,-0.0873,6.2739,44751.5488,-6260504.0642,
436.0000,33596.9981,1507.7866,11662.4523,4.9333,-0.0873,6.2739,44558.7435,-6262391.7824,
436.2500,33484.0279,1495.6324,11681.3478,4.8970,-0.0873,6.2739,44365.4037,-6264266.4390,
436.5000,33371.4430,1483.4502,11697.8784,4.8605,-0.0873,6.2739,44171.5696,-6266127.6395,
436.7500,33259.2500,1471.2423,11712.0170,4.8238,-0.0873,6.2739,43977.2816,-6267974.9985,
437.0000,33147.4552,1459.0108,11723.7380,4.7870,-0.0873,6.2739,43782.5801,-6269808.1404,
437.2500,33036.0651,1446.7578,11733.0179,4.7501,-0.0873,6.2739,43587.5058,-6271626.6995,
437.5000,32925.0860,1434.4855,11739.8353,4.7130,-0.0873,6.2739,43392.0992,-6273430.3202,
437.7500,32814.5238,1422.1960,11744.1704,4.6759,-0.0873,6.2739,43196.4012,-6275218.6580,
438.0000,32704.3847,1409.8916,11746.0055,4.6386,-0.0873,6.2739,43000.4524,-6276991.3793,
438.2500,32594.6745,1397.5743,11745.3249,4.6012,-0.0873,6.2739,42804.2932,-6278748.1618,
438.5000,32485.3992,1385.2464,11742.1152,4.5637,-0.0873,6.2739,42607.9642,-6280488.6948,
438.7500,32376.5643,1372.9100,11736.3647,4.5262,-0.0873,6.2739,42411.5057,-6282212.6795,
439.0000,32268.1754,1360.5673,11728.0638,4.4885,-0.0873,6.2739,42214.9577,-6283919.8294,
439.2500,32160.2381,1348.2205,11717.2054,4.4508,-0.0873,6.2739,42018.3601,-6285609.8701,
439.5000,32052.7577,1335.8717,11703.7839,4.4130,-0.0873,6.2739,41821.7526,-6287282.5398,
439.7500,31945.7420,1323.4058,11870.6223,4.3743,-0.0873,6.2739,41624.0317,-6288947.1775,
440.0000,31839.2083,1310.8640,11837.3525,4.3340,-0.0873,6.2739,41424.5806,-6290608.8863,
440.2500,31733.1621,1298.3413,11801.5902,4.2936,-0.0873,6.2739,41225.4893,-6292250.1806,
440.5000,31627.6070,1285.8398,11763.3554,4.2533,-0.0873,6.2739,41026.7918,-6293870.9244,
440.7500,31522.5469,1273.3614,11722.6702,4.2131,-0.0873,6.2739,40828.5213,-6295470.9961,
441.0000,31417.9851,1260.9081,11679.5585,4.1729,-0.0873,6.2739,40630.7104,-6297050.2883,
441.2500,31313.9250,1248.4817,11634.0458,4.1328,-0.0873,6.2739,40433.3909,-6298608.7071,
441.5000,31210.3700,1236.0842,11586.1593,4.0927,-0.0873,6.2739,40236.5936,-6300146.1726,
441.7500,31107.3232,1223.7174,11535.9277,4.0528,-0.0873,6.2739,40040.3489,-6301662.6181,
442.0000,31004.7876,1211.3832,11483.3816,4.0129,-0.0873,6.2739,39844.6861,-6303157.9903,
442.2500,30902.7662,1199.0832,11428.5528,3.9731,-0.0873,6.2739,39649.6338,-6304632.2488,
442.5000,30801.2618,1186.8192,11371.4747,3.9334,-0.0873,6.2739,39455.2198,-6306085.3658,
442.7500,30700.2771,1174.5929,11312.1822,3.8938,-0.0873,6.2739,39261.4711,-6307517.3261,
443.0000,30599.8146,1162.4059,11250.7115,3.8543,-0.0873,6.2739,39068.4138,-6308928.1263,
443.2500,30499.8770,1150.2599,11187.1001,3.8149,-0.0873,6.2739,38876.0733,-6310317.7750,
443.5000,30400.4665,1138.1564,11121.3868,3.7757,-0.0873,6.2739,38684.4742,-6311686.2923,
443.7500,30301.5854,1126.0970,11053.6116,3.7365,-0.0873,6.2739,38493.6401,-6313033.7092,
444.0000,30203.2360,1114.0832,10983.8156,3.6975,-0.0873,6.2739,38303.5940,-6314360.0677,
444.2500,30105.4202,1102.1163,10912.0413,3.6587,-0.0873,6.2739,38114.3579,-6315665.4201,
444.5000,30008.1401,1090.1978,10838.3319,3.6199,-0.0873,6.2739,37925.9533,-6316949.8288,
444.7500,29911.3975,1078.3291,10762.7319,3.5813,-0.0873,6.2739,37738.4007,-6318213.3659,
445.0000,29815.1942,1066.5116,10685.2865,3.5429,-0.0873,6.2739,37551.7199,-6319456.1127,
445.2500,29719.5318,1054.7464,10606.0421,3.5046,-0.0873,6.2739,37365.9299,-6320678.1598,
445.5000,29624.4121,1043.0349,10525.0457,3.4665,-0.0873,6.2739,37181.0489,-6321879.6060,
445.7500,29529.8365,1031.3783,10442.3453,3.4285,-0.0873,6.2739,36997.0947,-6323060.5585,
446.0000,29435.8063,1019.7778,10357.9897,3.3907,-0.0873,6.2739,36814.0840,-6324221.1324,
446.2500,29342.3230,1008.2344,10272.0284,3.3530,-0.0873,6.2739,36632.0330,-6325361.4500,
446.5000,29249.3877,996.7494,10184.5115,3.3156,-0.0873,6.2739,36450.9572,-6326481.6411,
446.7500,29157.0017,985.3238,10095.4899,3.2783,-0.0873,6.2739,36270.8714,-6327581.8419,
447.0000,29065.1660,973.9587,10005.0149,3.2412,-0.0873,6.2739,36091.7899,-6328662.1950,
447.2500,28973.8816,962.6549,9913.1388,3.2043,-0.0873,6.2739,35913.7263,-6329722.8493,
447.5000,28883.1494,951.4137,9819.9139,3.1675,-0.0873,6.2739,35736.6935,-6330763.9590,
447.7500,28792.9703,940.2358,9725.3934,3.1310,-0.0873,6.2739,35560.7041,-6331785.6839,
448.0000,28703.3450,929.1222,9629.6307,3.0946,-0.0873,6.2739,35385.7699,-6332788.1886,
448.2500,28614.2743,918.0738,9532.6799,3.0585,-0.0873,6.2739,35211.9022,-6333771.6425,
448.5000,28525.7587,907.0915,9434.5953,3.0225,-0.0873,6.2739,35039.1120,-6334736.2194,
448.7500,28437.7988,896.1760,9335.4315,2.9868,-0.0873,6.2739,34867.4096,-6335682.0969,
449.0000,28350.3950,885.3283,9235.2436,2.9513,-0.0873,6.2739,34696.8050,-6336609.4566,
449.2500,28263.5478,874.5492,9134.0870,2.9159,-0.0873,6.2739,34527.3076,-6337518.4835,
449.5000,28177.2576,863.8393,9032.0172,2.8808,-0.0873,6.2739,34358.9265,-6338409.3657,
449.7500,28091.5245,853.1994,8929.0900,2.8459,-0.0873,6.2739,34191.6704,-6339282.2942,
450.0000,28006.3487,842.6304,8825.3614,2.8112,-0.0873,6.2739,34025.5476,-6340137.4628,
450.2500,27921.7305,832.1328,8720.8877,2.7768,-0.0873,6.2739,33860.5661,-6340975.0677,
450.5000,27837.6698,821.7075,8615.7251,2.7425,-0.0873,6.2739,33696.7334,-6341795.3072,
450.7500,27754.1667,811.3550,8509.9300,2.7085,-0.0873,6.2739,33534.0570,-6342598.3816,
451.0000,27671.2210,801.0761,8403.5590,2.6748,-0.0873,6.2739,33372.5437,-6343384.4931,
451.2500,27588.8326,790.8714,8296.6684,2.6412,-0.0873,6.2739,33212.2004,-6344153.8452,
451.5000,27507.0014,780.7415,8189.3149,2.6079,-0.0873,6.2739,33053.0335,-6344906.6430,
451.7500,27425.7270,770.6872,8081.5548,2.5748,-0.0873,6.2739,32895.0492,-6345643.0929,
452.0000,27345.0092,760.7089,7973.4447,2.5420,-0.0873,6.2739,32738.2536,-6346363.4020,
452.2500,27264.8473,750.8074,7865.0407,2.5094,-0.0873,6.2739,32582.6524,-6347067.7786,
452.5000,27185.2411,740.9833,7756.3991,2.4770,-0.0873,6.2739,32428.2512,-6347756.4317,
452.7500,27106.1899,731.2370,7647.5758,2.4449,-0.0873,6.2739,32275.0554,-6348429.5708,
453.0000,27027.6931,721.5693,7538.6264,2.4130,-0.0873,6.2739,32123.0702,-6349087.4060,
453.2500,26949.7500,711.9808,7429.6066,2.3814,-0.0873,6.2739,31972.3006,-6349730.1479,
453.5000,26872.3598,702.4719,7320.5715,2.3500,-0.0873,6.2739,31822.7514,-6350358.0071,
453.7500,26795.5217,693.0433,7211.5758,2.3189,-0.0873,6.2739,31674.4274,-6350971.1948,
454.0000,26719.2347,683.6955,7102.6740,2.2881,-0.0873,6.2739,31527.3329,-6351569.9219,
454.2500,26643.4978,674.4292,6993.9200,2.2575,-0.0873,6.2739,31381.4725,-6352154.3996,
454.5000,26568.3101,665.2448,6885.3674,2.2271,-0.0873,6.2739,31236.8504,-6352724.8389,
454.7500,26493.6702,656.1430,6777.0690,2.1971,-0.0873,6.2739,31093.4704,-6353281.4510,
455.0000,26419.5769,647.1242,6669.0773,2.1672,-0.0873,6.2739,30951.3367,-6353824.4465,
455.2500,26346.0290,638.1891,6561.4438,2.1377,-0.0873,6.2739,30810.4528,-6354354.0362,
455.5000,26273.0250,629.3382,6454.2197,2.1084,-0.0873,6.2739,30670.8224,-6354870.4303,
455.7500,26200.5635,620.5720,6347.4551,2.0794,-0.0873,6.2739,30532.4489,-6355373.8390,
456.0000,26128.6427,611.8910,6241.1996,2.0507,-0.0873,6.2739,30395.3354,-6355864.4719,
456.2500,26057.2611,603.2958,6135.5018,2.0222,-0.0873,6.2739,30259.4850,-6356342.5383,
456.5000,25986.4170,594.7869,6030.4093,1.9941,-0.0873,6.2739,30124.9006,-6356808.2472,
456.7500,25916.1083,586.3648,5925.9689,1.9661,-0.0873,6.2739,29991.5848,-6357261.8070,
457.0000,25846.3333,578.0300,5822.2263,1.9385,-0.0873,6.2739,29859.5400,-6357703.4257,
457.2500,25777.0898,569.7830,5719.2262,1.9112,-0.0873,6.2739,29728.7684,-6358133.3108,
457.5000,25708.3758,561.6243,5617.0120,1.8841,-0.0873,6.2739,29599.2721,-6358551.6690,
457.7500,25640.1889,553.5544,5515.6262,1.8574,-0.0873,6.2739,29471.0526,-6358958.7068,
458.0000,25572.5269,545.5737,5415.1098,1.8309,-0.0873,6.2739,29344.1115,-6359354.6299,
458.2500,25505.3874,537.6826,5315.5026,1.8047,-0.0873,6.2739,29218.4499,-6359739.6433,
458.5000,25438.7677,529.8817,5216.8432,1.7788,-0.0873,6.2739,29094.0687,-6360113.9514,
458.7500,25372.6653,522.1713,5119.1687,1.7532,-0.0873,6.2739,28970.9685,-6360477.7578,
459.0000,25307.0774,514.5519,5022.5147,1.7279,-0.0873,6.2739,28849.1496,-6360831.2656,
459.2500,25242.0012,507.0238,4926.9156,1.7029,-0.0873,6.2739,28728.6117,-6361174.6767,
459.5000,25177.4338,499.5873,4832.4040,1.6781,-0.0873,6.2739,28609.3546,-6361508.1925,
459.7500,25113.3721,492.2429,4739.0112,1.6537,-0.0873,6.2739,28491.3773,-6361832.0134,
460.0000,25049.8130,484.9908,4646.7667,1.6296,-0.0873,6.2739,28374.6787,-6362146.3386,
460.2500,24986.7533,477.8313,4555.6986,1.6058,-0.0873,6.2739,28259.2573,-6362451.3668,
460.5000,24924.1896,470.7648,4465.8331,1.5823,-0.0873,6.2739,28145.1109,-6362747.2952,
460.7500,24862.1184,463.7914,4377.1952,1.5590,-0.0873,6.2739,28032.2372,-6363034.3201,
461.0000,24800.5363,456.9114,4289.8077,1.5361,-0.0873,6.2739,27920.6335,-6363312.6367,
461.2500,24739.4396,450.1249,4203.6920,1.5135,-0.0873,6.2739,27810.2963,-6363582.4388,
461.5000,24678.8246,443.4322,4118.8678,1.4912,-0.0873,6.2739,27701.2219,-6363843.9188,
461.7500,24618.6874,436.8333,4035.3529,1.4693,-0.0873,6.2739,27593.4062,-6364097.2681,
462.0000,24559.0240,430.3283,3953.1636,1.4476,-0.0873,6.2739,27486.8445,-6364342.6763,
462.2500,24499.8306,423.9173,3872.3144,1.4262,-0.0873,6.2739,27381.5317,-6364580.3316,
462.5000,24441.1030,417.6003,3792.8181,1.4051,-0.0873,6.2739,27277.4622,-6364810.4205,
462.7500,24382.8369,411.3773,3714.6856,1.3844,-0.0873,6.2739,27174.6298,-6365033.1280,
463.0000,24325.0282,405.2483,3637.9266,1.3639,-0.0873,6.2739,27073.0281,-6365248.6373,
463.2500,24267.6724,399.2132,3562.5486,1.3438,-0.0873,6.2739,26972.6499,-6365457.1295,
463.5000,24210.7651,393.2717,3488.5578,1.3240,-0.0873,6.2739,26873.4878,-6365658.7841,
463.7500,24154.3017,387.4239,3415.9586,1.3044,-0.0873,6.2739,26775.5337,-6365853.7785,
464.0000,24098.2778,381.6695,3344.7540,1.2852,-0.0873,6.2739,26678.7792,-6366042.2880,
464.2500,24042.6886,376.0082,3274.9452,1.2663,-0.0873,6.2739,26583.2154,-6366224.4856,
464.5000,23987.5294,370.4397,3206.5321,1.2477,-0.0873,6.2739,26488.8328,-6366400.5423,
464.7500,23932.7954,364.9638,3139.5131,1.2294,-0.0873,6.2739,26395.6215,-6366570.6267,
465.0000,23878.4818,359.5801,3073.8850,1.2114,-0.0873,6.2739,26303.5714,-6366734.9050,
465.2500,23824.5837,354.2882,3009.6433,1.1937,-0.0873,6.2739,26212.6717,-6366893.5410,
465.5000,23771.0960,349.0876,2946.7824,1.1763,-0.0873,6.2739,26122.9112,-6367046.6958,
465.7500,23718.0138,343.9779,2885.2950,1.1592,-0.0873,6.2739,26034.2784,-6367194.5282,
466.0000,23665.3321,338.9586,2825.1728,1.1425,-0.0873,6.2739,25946.7614,-6367337.1941,
466.2500,23613.0458,334.0291,2766.4064,1.1260,-0.0873,6.2739,25860.3479,-6367474.8468,
466.5000,23561.1497,329.1888,2708.9852,1.1098,-0.0873,6.2739,25775.0252,-6367607.6370,
466.7500,23509.6387,324.4371,2652.8974,1.0939,-0.0873,6.2739,25690.7803,-6367735.7123,
467.0000,23458.5077,319.7734,2598.1304,1.0783,-0.0873,6.2739,25607.6000,-6367859.2177,
467.2500,23407.7513,315.1970,2544.6706,1.0629,-0.0873,6.2739,25525.4705,-6367978.2951,
467.5000,23357.3643,310.7238,2492.5505,1.0479,-0.0873,6.2739,25444.4173,-6368093.0287,
467.7500,23307.3241,306.5480,2444.4669,1.0337,-0.0873,6.2739,25366.6822,-6368200.4489,
468.0000,23257.5859,302.6957,2401.5184,1.0207,-0.0873,6.2739,25293.1628,-6368299.6017,
468.2500,23208.1076,299.1335,2363.1121,1.0086,-0.0873,6.2739,25223.3458,-6368391.4848,
468.5000,23158.8519,295.8322,2328.7466,0.9975,-0.0873,6.2739,25156.7946,-6368476.9415,
468.7500,23109.7852,292.7667,2297.9945,0.9871,-0.0873,6.2739,25093.1353,-6368556.6896,
469.0000,23060.8771,289.9149,2270.4892,0.9775,-0.0873,6.2739,25032.0456,-6368631.3438,
469.2500,23012.1006,287.2576,2245.9146,0.9685,-0.0873,6.2739,24973.2457,-6368701.4337,
469.5000,22963.4310,284.7776,2223.9965,0.9602,-0.0873,6.2739,24916.4917,-6368767.4179,
469.7500,22914.8461,282.4598,2204.4958,0.9524,-0.0873,6.2739,24861.5694,-6368829.6957,
470.0000,22866.3256,280.2908,2187.2028,0.9451,-0.0873,6.2739,24808.2900,-6368888.6161,
470.2500,22817.8513,278.2585,2171.9332,0.9383,-0.0873,6.2739,24756.4861,-6368944.4859,
470.5000,22769.4064,276.3521,2158.5240,0.9319,-0.0873,6.2739,24706.0090,-6368997.5753,
470.7500,22720.9759,274.5620,2146.8306,0.9259,-0.0873,6.2739,24656.7255,-6369048.1236,
471.0000,22672.5457,272.8792,2136.7240,0.9202,-0.0873,6.2739,24608.5162,-6369096.3433,
471.2500,22624.1035,271.2959,2128.0891,0.9149,-0.0873,6.2739,24561.2737,-6369142.4237,
471.5000,22575.6376,269.8048,2120.8224,0.9099,-0.0873,6.2739,24514.9006,-6369186.5340,
471.7500,22527.1376,268.3993,2114.8311,0.9053,-0.0873,6.2739,24469.3088,-6369228.8260,
472.0000,22478.5940,267.0733,2110.0309,0.9008,-0.0873,6.2739,24424.4182,-6369269.4359,
472.2500,22429.9980,265.8214,2106.3460,0.8967,-0.0873,6.2739,24380.1556,-6369308.4866,
472.5000,22381.3418,264.6385,2103.7071,0.8927,-0.0873,6.2739,24336.4540,-6369346.0890,
472.7500,22332.6181,263.5200,2102.0515,0.8890,-0.0873,6.2739,24293.2522,-6369382.3434,
473.0000,22283.8205,262.4614,2101.3216,0.8855,-0.0873,6.2739,24250.4935,-6369417.3409,
473.2500,22234.9430,261.4588,2101.4650,0.8822,-0.0873,6.2739,24208.1260,-6369451.1643,
473.5000,22185.9804,260.5086,2102.4334,0.8791,-0.0873,6.2739,24166.1017,-6369483.8890,
473.7500,22136.9277,259.6073,2104.1824,0.8761,-0.0873,6.2739,24124.3761,-6369515.5835,
474.0000,22087.7807,258.7517,2106.6713,0.8733,-0.0873,6.2739,24082.9080,-6369546.3107,
474.2500,22038.5356,257.9390,2109.8623,0.8706,-0.0873,6.2739,24041.6592,-6369576.1281,
474.5000,21989.1888,257.1663,2113.7205,0.8681,-0.0873,6.2739,24000.5941,-6369605.0882,
474.7500,21939.7374,256.4311,2118.2135,0.8656,-0.0873,6.2739,23959.6795,-6369633.2393,
475.0000,21890.1787,255.7310,2123.3113,0.8634,-0.0873,6.2739,23918.8848,-6369660.6258,
475.2500,21840.5103,255.0637,2128.9859,0.8612,-0.0873,6.2739,23878.1809,-6369687.2885,
475.5000,21790.7303,254.4273,2135.2113,0.8591,-0.0873,6.2739,23837.5412,-6369713.2649,
475.7500,21740.8371,253.8196,2141.9632,0.8571,-0.0873,6.2739,23796.9405,-6369738.5897,
476.0000,21690.8291,253.2389,2149.2187,0.8553,-0.0873,6.2739,23756.3553,-6369763.2949,
476.2500,21640.7052,252.6835,2156.9567,0.8535,-0.0873,6.2739,23715.7636,-6369787.4100,
476.5000,21590.4646,252.1517,2165.1572,0.8518,-0.0873,6.2739,23675.1450,-6369810.9623,
476.7500,21540.1066,251.6419,2173.8015,0.8501,-0.0873,6.2739,23634.4803,-6369833.9771,
477.0000,21489.6307,251.1529,2182.8720,0.8486,-0.0873,6.2739,23593.7514,-6369856.4778,
477.2500,21439.0368,250.6832,2192.3522,0.8471,-0.0873,6.2739,23552.9415,-6369878.4861,
477.5000,21388.3247,250.2315,2202.2265,0.8456,-0.0873,6.2739,23512.0351,-6369900.0221,
477.7500,21337.4946,249.7968,2212.4802,0.8442,-0.0873,6.2739,23471.0175,-6369921.1047,
478.0000,21286.5469,249.3778,2223.0995,0.8429,-0.0873,6.2739,23429.8749,-6369941.7511,
478.2500,21235.4820,248.9735,2234.0714,0.8416,-0.0873,6.2739,23388.5947,-6369961.9775,
478.5000,21184.3005,248.5829,2245.3836,0.8404,-0.0873,6.2739,23347.1649,-6369981.7991,
478.7500,21133.0031,248.2051,2257.0243,0.8392,-0.0873,6.2739,23305.5746,-6370001.2298,
479.0000,21081.5907,247.8392,2268.9827,0.8381,-0.0873,6.2739,23263.8136,-6370020.2828,
479.2500,21030.0644,247.4843,2281.2482,0.8370,-0.0873,6.2739,23221.8723,-6370038.9703,
479.5000,20978.4252,247.1398,2293.8112,0.8359,-0.0873,6.2739,23179.7421,-6370057.3037,
479.7500,20926.6744,246.8048,2306.6621,0.8348,-0.0873,6.2739,23137.4148,-6370075.2938,
480.0000,20874.8132,246.4787,2319.7924,0.8338,-0.0873,6.2739,23094.8832,-6370092.9504,
480.2500,20822.8431,246.1608,2333.1936,0.8329,-0.0873,6.2739,23052.1404,-6370110.2829,
480.5000,20770.7655,245.8505,2346.8578,0.8319,-0.0873,6.2739,23009.1802,-6370127.3003,
480.7500,20718.5820,245.5473,2360.7776,0.8310,-0.0873,6.2739,22965.9972,-6370144.0106,
481.0000,20666.2943,245.2506,2374.9460,0.8301,-0.0873,6.2739,22922.5863,-6370160.4218,
481.2500,20613.9039,244.9598,2389.3562,0.8292,-0.0873,6.2739,22878.9430,-6370176.5411,
481.5000,20561.4127,244.6746,2404.0021,0.8283,-0.0873,6.2739,22835.0633,-6370192.3753,
481.7500,20508.8225,244.3944,2418.8776,0.8275,-0.0873,6.2739,22790.9438,-6370207.9311,
482.0000,20456.1350,244.1189,2433.9771,0.8266,-0.0873,6.2739,22746.5813,-6370223.2145,
482.2500,20403.3523,243.8477,2449.2954,0.8258,-0.0873,6.2739,22701.9734,-6370238.2313,
482.5000,20350.4762,243.5804,2464.8275,0.8250,-0.0873,6.2739,22657.1178,-6370252.9871,
482.7500,20297.5086,243.3167,2480.5687,0.8242,-0.0873,6.2739,22612.0129,-6370267.4872,
483.0000,20244.4517,243.0562,2496.5146,0.8234,-0.0873,6.2739,22566.6571,-6370281.7364,
483.2500,20191.3073,242.7986,2512.6610,0.8226,-0.0873,6.2739,22521.0496,-6370295.7396,
483.5000,20138.0775,242.5438,2529.0041,0.8219,-0.0873,6.2739,22475.1898,-6370309.5013,
483.7500,20084.7645,242.2913,2545.5402,0.8211,-0.0873,6.2739,22429.0772,-6370323.0258,
484.0000,20031.3702,242.0410,2562.2659,0.8204,-0.0873,6.2739,22382.7121,-6370336.3172,
484.2500,19977.8971,241.7858,2597.0062,0.8196,-0.0873,6.2739,22336.0200,-6370349.4003,
484.5000,19924.3497,241.5256,2613.1976,0.8187,-0.0873,6.2739,22288.8745,-6370362.3131,
484.7500,19870.7301,241.2703,2629.6223,0.8178,-0.0873,6.2739,22241.5448,-6370374.9848,
485.0000,19817.0395,241.0195,2646.2744,0.8170,-0.0873,6.2739,22194.0279,-6370387.4209,
485.2500,19763.2794,240.7728,2663.1489,0.8161,-0.0873,6.2739,22146.3211,-6370399.6265,
485.5000,19709.4514,240.5299,2680.2406,0.8153,-0.0873,6.2739,22098.4223,-6370411.6068,
485.7500,19655.5568,240.2904,2697.5450,0.8145,-0.0873,6.2739,22050.3295,-6370423.3663,
486.0000,19601.5973,240.0542,2715.0578,0.8137,-0.0873,6.2739,22002.0415,-6370434.9097,
486.2500,19547.5745,239.8209,2732.7750,0.8129,-0.0873,6.2739,21953.5573,-6370446.2413,
486.5000,19493.4898,239.5903,2750.6929,0.8121,-0.0873,6.2739,21904.8761,-6370457.3651,
486.7500,19439.3450,239.3622,2768.8079,0.8114,-0.0873,6.2739,21855.9977,-6370468.2852,
487.0000,19385.1416,239.1363,2787.1169,0.8106,-0.0873,6.2739,21806.9221,-6370479.0054,
487.2500,19330.8812,238.9124,2805.6169,0.8098,-0.0873,6.2739,21757.6496,-6370489.5294,
487.5000,19276.5655,238.6904,2824.3052,0.8091,-0.0873,6.2739,21708.1806,-6370499.8607,
487.7500,19222.1962,238.4701,2843.1794,0.8083,-0.0873,6.2739,21658.5161,-6370510.0027,
488.0000,19167.7748,238.2514,2862.2371,0.8076,-0.0873,6.2739,21608.6571,-6370519.9588,
488.2500,19113.3030,238.0341,2881.4762,0.8068,-0.0873,6.2739,21558.6049,-6370529.7322,
488.5000,19058.7824,237.8181,2900.8950,0.8061,-0.0873,6.2739,21508.3609,-6370539.3259,
488.7500,19004.2148,237.6032,2920.4916,0.8054,-0.0873,6.2739,21457.9269,-6370548.7431,
489.0000,18949.6017,237.3894,2940.2646,0.8047,-0.0873,6.2739,21407.3048,-6370557.9866,
489.2500,18894.9447,237.1766,2960.2126,0.8039,-0.0873,6.2739,21356.4965,-6370567.0594,
489.5000,18840.2454,236.9647,2980.3345,0.8032,-0.0873,6.2739,21305.5044,-6370575.9642,
489.7500,18785.5055,236.7535,3000.6292,0.8025,-0.0873,6.2739,21254.3307,-6370584.7039,
490.0000,18730.7266,236.5431,3021.0958,0.8018,-0.0873,6.2739,21202.9779,-6370593.2809,
490.2500,18675.9101,236.3334,3041.7337,0.8011,-0.0873,6.2739,21151.4485,-6370601.6981,
490.5000,18621.0577,236.1242,3062.5421,0.8004,-0.0873,6.2739,21099.7454,-6370609.9580,
490.7500,18566.1711,235.9124,3083.4786,0.7997,-0.0873,6.2739,21047.8375,-6370618.0682,
491.0000,18511.2538,235.6879,3104.2655,0.7989,-0.0873,6.2739,20995.5098,-6370626.0645,
491.2500,18456.3107,235.4501,3124.8474,0.7981,-0.0873,6.2739,20942.7307,-6370633.9527,
491.5000,18401.3463,235.1991,3145.2180,0.7973,-0.0873,6.2739,20889.5083,-6370641.7325,
491.7500,18346.3653,234.9351,3165.3709,0.7964,-0.0873,6.2739,20835.8508,-6370649.4040,
492.0000,18291.3724,234.6580,3185.3001,0.7954,-0.0873,6.2739,20781.7667,-6370656.9668,
492.2500,18236.3721,234.3682,3204.9996,0.7945,-0.0873,6.2739,20727.2647,-6370664.4210,
492.5000,18181.3688,234.0656,3224.4636,0.7935,-0.0873,6.2739,20672.3535,-6370671.7665,
492.7500,18126.3672,233.7505,3243.6866,0.7924,-0.0873,6.2739,20617.0422,-6370679.0033,
493.0000,18071.3715,233.4230,3262.6632,0.7913,-0.0873,6.2739,20561.3397,-6370686.1315,
493.2500,18016.3861,233.0832,3281.3880,0.7902,-0.0873,6.2739,20505.2555,-6370693.1511,
493.5000,17961.4153,232.7313,3299.8561,0.7890,-0.0873,6.2739,20448.7990,-6370700.0624,
493.7500,17906.4635,232.3674,3318.0627,0.7877,-0.0873,6.2739,20391.9796,-6370706.8655,
494.0000,17851.5347,231.9918,3336.0031,0.7865,-0.0873,6.2739,20334.8070,-6370713.5606,
494.2500,17796.6331,231.6045,3353.6729,0.7852,-0.0873,6.2739,20277.2911,-6370720.1480,
494.5000,17741.7628,231.2058,3371.0678,0.7838,-0.0873,6.2739,20219.4417,-6370726.6281,
494.7500,17686.9278,230.7958,3388.1839,0.7824,-0.0873,6.2739,20161.2687,-6370733.0011,
495.0000,17632.1321,230.3747,3405.0174,0.7810,-0.0873,6.2739,20102.7822,-6370739.2676,
495.2500,17577.3795,229.9427,3421.5647,0.7796,-0.0873,6.2739,20043.9925,-6370745.4279,
495.5000,17522.6740,229.5001,3437.8223,0.7781,-0.0873,6.2739,19984.9096,-6370751.4825,
495.7500,17468.0193,229.0468,3453.7873,0.7766,-0.0873,6.2739,19925.5438,-6370757.4319,
496.0000,17413.4191,228.5833,3469.4566,0.7750,-0.0873,6.2739,19865.9055,-6370763.2767,
496.2500,17358.8771,228.1096,3484.8275,0.7734,-0.0873,6.2739,19806.0051,-6370769.0175,
496.5000,17304.3968,227.6260,3499.8977,0.7718,-0.0873,6.2739,19745.8528,-6370774.6549,
496.7500,17249.9819,227.1326,3514.6647,0.7701,-0.0873,6.2739,19685.4591,-6370780.1896,
497.0000,17195.6356,226.6298,3529.1266,0.7684,-0.0873,6.2739,19624.8345,-6370785.6222,
497.2500,17141.3616,226.1176,3543.2816,0.7667,-0.0873,6.2739,19563.9893,-6370790.9536,
497.5000,17087.1630,225.5963,3557.1280,0.7649,-0.0873,6.2739,19502.9340,-6370796.1845,
497.7500,17033.0431,225.0661,3570.6646,0.7631,-0.0873,6.2739,19441.6791,-6370801.3156,
498.0000,16979.0052,224.5272,3583.8901,0.7613,-0.0873,6.2739,19380.2349,-6370806.3478,
498.2500,16925.0524,223.9799,3596.8037,0.7594,-0.0873,6.2739,19318.6117,-6370811.2820,
498.5000,16871.1877,223.4243,3609.4046,0.7576,-0.0873,6.2739,19256.8200,-6370816.1190,
498.7500,16817.4141,222.8607,3621.6923,0.7557,-0.0873,6.2739,19194.8700,-6370820.8598,
499.0000,16763.7346,222.2892,3633.6665,0.7537,-0.0873,6.2739,19132.7720,-6370825.5053,
499.2500,16710.1520,221.7102,3645.3272,0.7518,-0.0873,6.2739,19070.5361,-6370830.0564,
499.5000,16656.6691,221.1238,3656.6745,0.7498,-0.0873,6.2739,19008.1724,-6370834.5141,
499.7500,16603.2887,220.5302,3667.7086,0.7478,-0.0873,6.2739,18945.6911,-6370838.8795,
500.0000,16550.0134,219.9297,3678.4302,0.7458,-0.0873,6.2739,18883.1020,-6370843.1536,
500.2500,16496.8458,219.3224,3688.8400,0.7437,-0.0873,6.2739,18820.4151,-6370847.3373,
500.5000,16443.7884,218.7087,3698.9389,0.7416,-0.0873,6.2739,18757.6401,-6370851.4319,
500.7500,16390.8437,218.0886,3708.7280,0.7395,-0.0873,6.2739,18694.7867,-6370855.4383,
501.0000,16338.0141,217.4625,3718.2085,0.7374,-0.0873,6.2739,18631.8646,-6370859.3577,
501.2500,16285.3018,216.8306,3727.3820,0.7353,-0.0873,6.2739,18568.8831,-6370863.1911,
501.5000,16232.7092,216.1930,3736.2501,0.7331,-0.0873,6.2739,18505.8516,-6370866.9398,
501.7500,16180.2384,215.5500,3744.8146,0.7309,-0.0873,6.2739,18442.7795,-6370870.6047,
502.0000,16127.8916,214.9018,3753.0775,0.7287,-0.0873,6.2739,18379.6757,-6370874.1872,
502.2500,16075.6708,214.2486,3761.0409,0.7265,-0.0873,6.2739,18316.5492,-6370877.6884,
502.5000,16023.5779,213.5906,3768.7072,0.7243,-0.0873,6.2739,18253.4090,-6370881.1094,
502.7500,15971.6151,212.9281,3776.0787,0.7221,-0.0873,6.2739,18190.2636,-6370884.4514,
503.0000,15919.7840,212.2612,3783.1581,0.7198,-0.0873,6.2739,18127.1218,-6370887.7156,
503.2500,15868.0865,211.5902,3789.9480,0.7175,-0.0873,6.2739,18063.9918,-6370890.9031,
503.5000,15816.5243,210.9152,3796.4515,0.7153,-0.0873,6.2739,18000.8819,-6370894.0153,
503.7500,15765.0992,210.2365,3802.6713,0.7130,-0.0873,6.2739,17937.8004,-6370897.0533,
504.0000,15713.8126,209.5543,3808.6107,0.7106,-0.0873,6.2739,17874.7550,-6370900.0182,
504.2500,15662.6662,208.8687,3814.2729,0.7083,-0.0873,6.2739,17811.7537,-6370902.9114,
504.5000,15611.6614,208.1800,3819.6612,0.7060,-0.0873,6.2739,17748.8040,-6370905.7340,
504.7500,15560.7998,207.4883,3824.7790,0.7036,-0.0873,6.2739,17685.9135,-6370908.4872,
505.0000,15510.0825,206.7939,3829.6299,0.7013,-0.0873,6.2739,17623.0894,-6370911.1722,
505.2500,15459.5110,206.0970,3834.2176,0.6989,-0.0873,6.2739,17560.3388,-6370913.7903,
505.5000,15409.0865,205.3976,3838.5457,0.6966,-0.0873,6.2739,17497.6688,-6370916.3426,
505.7500,15358.8102,204.6961,3842.6180,0.6942,-0.0873,6.2739,17435.0862,-6370918.8303,
506.0000,15308.6832,203.9925,3846.4385,0.6918,-0.0873,6.2739,17372.5976,-6370921.2547,
506.2500,15258.7067,203.2872,3850.0111,0.6894,-0.0873,6.2739,17310.2094,-6370923.6169,
506.5000,15208.8815,202.5802,3853.3398,0.6870,-0.0873,6.2739,17247.9280,-6370925.9181,
506.7500,15159.2088,201.8717,3856.4287,0.6846,-0.0873,6.2739,17185.7595,-6370928.1595,
507.0000,15109.6894,201.1619,3859.2819,0.6822,-0.0873,6.2739,17123.7097,-6370930.3423,
507.2500,15060.3242,200.4509,3861.9036,0.6798,-0.0873,6.2739,17061.7846,-6370932.4676,
507.5000,15011.1140,199.7390,3864.2980,0.6774,-0.0873,6.2739,16999.9897,-6370934.5366,
507.7500,14962.0595,199.0263,3866.4695,0.6750,-0.0873,6.2739,16938.3304,-6370936.5504,
508.0000,14913.1615,198.3129,3868.4222,0.6726,-0.0873,6.2739,16876.8121,-6370938.5101,
508.2500,14864.4207,197.5990,3870.1606,0.6701,-0.0873,6.2739,16815.4397,-6370940.4170,
508.5000,14815.8376,196.8847,3871.6889,0.6677,-0.0873,6.2739,16754.2183,-6370942.2721,
508.7500,14767.4129,196.1703,3873.0117,0.6653,-0.0873,6.2739,16693.1525,-6370944.0765,
509.0000,14719.1470,195.4557,3874.1332,0.6629,-0.0873,6.2739,16632.2471,-6370945.8313,
509.2500,14671.0404,194.7413,3875.0578,0.6605,-0.0873,6.2739,16571.5063,-6370947.5377,
509.5000,14623.0936,194.0271,3875.7900,0.6580,-0.0873,6.2739,16510.9345,-6370949.1966,
509.7500,14575.3069,193.3133,3876.3342,0.6556,-0.0873,6.2739,16450.5358,-6370950.8091,
510.0000,14527.6807,192.5999,3876.6947,0.6532,-0.0873,6.2739,16390.3142,-6370952.3763,
510.2500,14480.2154,191.8872,3876.8761,0.6508,-0.0873,6.2739,16330.2733,-6370953.8992,
510.5000,14432.9110,191.1752,3876.8826,0.6484,-0.0873,6.2739,16270.4168,-6370955.3788,
510.7500,14385.7680,190.4641,3876.7187,0.6460,-0.0873,6.2739,16210.7483,-6370956.8162,
511.0000,14338.7865,189.7539,3876.3887,0.6436,-0.0873,6.2739,16151.2710,-6370958.2123,
511.2500,14291.9665,189.0449,3875.8970,0.6412,-0.0873,6.2739,16091.9881,-6370959.5681,
511.5000,14245.3083,188.3371,3875.2478,0.6388,-0.0873,6.2739,16032.9026,-6370960.8845,
511.7500,14198.8120,187.6306,3874.4456,0.6364,-0.0873,6.2739,15974.0174,-6370962.1626,
512.0000,14152.4774,186.9255,3873.4945,0.6340,-0.0873,6.2739,15915.3353,-6370963.4032,
512.2500,14106.3047,186.2220,3872.3989,0.6316,-0.0873,6.2739,15856.8588,-6370964.6072,
512.5000,14060.2939,185.5201,3871.1628,0.6292,-0.0873,6.2739,15798.5904,-6370965.7757,
512.7500,14014.4448,184.8199,3869.7904,0.6268,-0.0873,6.2739,15740.5324,-6370966.9094,
513.0000,13968.7573,184.1216,3868.2860,0.6245,-0.0873,6.2739,15682.6871,-6370968.0092,
513.2500,13923.2315,183.4252,3866.6535,0.6221,-0.0873,6.2739,15625.0564,-6370969.0760,
513.5000,13877.8670,182.7307,3864.8970,0.6197,-0.0873,6.2739,15567.6423,-6370970.1106,
513.7500,13832.6637,182.0384,3863.0205,0.6174,-0.0873,6.2739,15510.4466,-6370971.1139,
514.0000,13787.6214,181.3482,3861.0279,0.6151,-0.0873,6.2739,15453.4710,-6370972.0867,
514.2500,13742.7399,180.6603,3858.9232,0.6127,-0.0873,6.2739,15396.7171,-6370973.0297,
514.5000,13698.0189,179.9747,3856.7101,0.6104,-0.0873,6.2739,15340.1864,-6370973.9438,
514.7500,13653.4582,179.2915,3854.3925,0.6081,-0.0873,6.2739,15283.8801,-6370974.8297,
515.0000,13609.0573,178.6108,3851.9741,0.6058,-0.0873,6.2739,15227.7995,-6370975.6881,
515.2500,13564.8160,177.9326,3849.4585,0.6035,-0.0873,6.2739,15171.9457,-6370976.5199,
515.5000,13520.7339,177.2570,3846.8495,0.6012,-0.0873,6.2739,15116.3198,-6370977.3257,
515.7500,13476.8106,176.5840,3844.1505,0.5989,-0.0873,6.2739,15060.9227,-6370978.1062,
516.0000,13433.0458,175.9138,3841.3651,0.5966,-0.0873,6.2739,15005.7551,-6370978.8621,
516.2500,13389.4389,175.2464,3838.4967,0.5944,-0.0873,6.2739,14950.8178,-6370979.5942,
516.5000,13345.9896,174.5818,3835.5487,0.5921,-0.0873,6.2739,14896.1115,-6370980.3030,
516.7500,13302.6974,173.9200,3832.5245,0.5899,-0.0873,6.2739,14841.6366,-6370980.9892,
517.0000,13259.5617,173.2612,3829.4272,0.5876,-0.0873,6.2739,14787.3936,-6370981.6535,
517.2500,13216.5822,172.6054,3826.2602,0.5854,-0.0873,6.2739,14733.3829,-6370982.2964,
517.5000,13173.7582,171.9526,3823.0265,0.5832,-0.0873,6.2739,14679.6047,-6370982.9186,
517.7500,13131.0893,171.3029,3819.7292,0.5810,-0.0873,6.2739,14626.0593,-6370983.5207,
518.0000,13088.5749,170.6562,3816.3713,0.5788,-0.0873,6.2739,14572.7467,-6370984.1032,
518.2500,13046.2145,170.0128,3812.9558,0.5766,-0.0873,6.2739,14519.6671,-6370984.6667,
518.5000,13004.0073,169.3725,3809.4856,0.5744,-0.0873,6.2739,14466.8203,-6370985.2118,
518.7500,12961.9530,168.7354,3805.9634,0.5723,-0.0873,6.2739,14414.2064,-6370985.7390,
519.0000,12920.0507,168.1015,3802.3921,0.5701,-0.0873,6.2739,14361.8250,-6370986.2488,
519.2500,12878.3000,167.4710,3798.7744,0.5680,-0.0873,6.2739,14309.6761,-6370986.7417,
519.5000,12836.7002,166.8437,3795.1128,0.5659,-0.0873,6.2739,14257.7593,-6370987.2183,
519.7500,12795.2507,166.2198,3791.4100,0.5637,-0.0873,6.2739,14206.0742,-6370987.6790,
520.0000,12753.9508,165.5992,3787.6685,0.5616,-0.0873,6.2739,14154.6205,-6370988.1243,
520.2500,12712.7998,164.9820,3783.8907,0.5595,-0.0873,6.2739,14103.3976,-6370988.5546,
520.5000,12671.7970,164.3681,3780.0790,0.5575,-0.0873,6.2739,14052.4051,-6370988.9705,
520.7500,12630.9419,163.7577,3776.2357,0.5554,-0.0873,6.2739,14001.6423,-6370989.3724,
521.0000,12590.2336,163.1507,3772.3630,0.5533,-0.0873,6.2739,13951.1088,-6370989.7606,
521.2500,12549.6715,162.5472,3768.4633,0.5513,-0.0873,6.2739,13900.8037,-6370990.1356,
521.5000,12509.2549,161.9471,3764.5386,0.5492,-0.0873,6.2739,13850.7263,-6370990.4979,
521.7500,12468.9830,161.3505,3760.5911,0.5472,-0.0873,6.2739,13800.8760,-6370990.8477,
522.0000,12428.8552,160.7574,3756.6227,0.5452,-0.0873,6.2739,13751.2519,-6370991.1856,
522.2500,12388.8707,160.1677,3752.6354,0.5432,-0.0873,6.2739,13701.8532,-6370991.5118,
522.5000,12349.0288,159.5815,3748.6311,0.5412,-0.0873,6.2739,13652.6789,-6370991.8267,
522.7500,12309.3287,158.9989,3744.6118,0.5392,-0.0873,6.2739,13603.7283,-6370992.1307,
523.0000,12269.7697,158.4197,3740.5791,0.5373,-0.0873,6.2739,13555.0002,-6370992.4242,
523.2500,12230.3510,157.8441,3736.5348,0.5353,-0.0873,6.2739,13506.4939,-6370992.7074,
523.5000,12191.0719,157.2720,3732.4807,0.5334,-0.0873,6.2739,13458.2081,-6370992.9807,
523.7500,12151.9317,156.7034,3728.4184,0.5315,-0.0873,6.2739,13410.1420,-6370993.2445,
524.0000,12112.9295,156.1383,3724.3494,0.5295,-0.0873,6.2739,13362.2944,-6370993.4989,
524.2500,12074.0647,155.5767,3720.2753,0.5276,-0.0873,6.2739,13314.6642,-6370993.7444,
524.5000,12035.3364,155.0186,3716.1976,0.5257,-0.0873,6.2739,13267.2504,-6370993.9812,
524.7500,11996.7438,154.4640,3712.1177,0.5239,-0.0873,6.2739,13220.0517,-6370994.2096,
525.0000,11958.2862,153.9130,3708.0370,0.5220,-0.0873,6.2739,13173.0670,-6370994.4298,
525.2500,11919.9629,153.3654,3703.9568,0.5201,-0.0873,6.2739,13126.2952,-6370994.6422,
525.5000,11881.7730,152.8213,3699.8785,0.5183,-0.0873,6.2739,13079.7350,-6370994.8470,
525.7500,11843.7158,152.2807,3695.8032,0.5164,-0.0873,6.2739,13033.3852,-6370995.0444,
526.0000,11805.7905,151.7436,3691.7322,0.5146,-0.0873,6.2739,12987.2446,-6370995.2348,
526.2500,11767.9963,151.2100,3687.6667,0.5128,-0.0873,6.2739,12941.3119,-6370995.4182,
526.5000,11730.3325,150.6798,3683.6077,0.5110,-0.0873,6.2739,12895.5858,-6370995.5950,
526.7500,11692.7982,150.1530,3679.5564,0.5092,-0.0873,6.2739,12850.0652,-6370995.7654,
527.0000,11655.3927,149.6297,3675.5137,0.5074,-0.0873,6.2739,12804.7486,-6370995.9296,
527.2500,11618.1152,149.1098,3671.4806,0.5057,-0.0873,6.2739,12759.6347,-6370996.0878,
527.5000,11580.9650,148.5934,3667.4581,0.5039,-0.0873,6.2739,12714.7224,-6370996.2401,
527.7500,11543.9412,148.0803,3663.4471,0.5022,-0.0873,6.2739,12670.0101,-6370996.3869,
528.0000,11507.0431,147.5706,3659.4485,0.5005,-0.0873,6.2739,12625.4967,-6370996.5283,
528.2500,11470.2699,147.0643,3655.4631,0.4987,-0.0873,6.2739,12581.1808,-6370996.6645,
528.5000,11433.6209,146.5613,3651.4918,0.4970,-0.0873,6.2739,12537.0610,-6370996.7956,
528.7500,11397.0952,146.0617,3647.5352,0.4953,-0.0873,6.2739,12493.1360,-6370996.9219,
529.0000,11360.6921,145.5654,3643.5941,0.4937,-0.0873,6.2739,12449.4044,-6370997.0435,
529.2500,11324.4109,145.0724,3639.6692,0.4920,-0.0873,6.2739,12405.8649,-6370997.1605,
529.5000,11288.2507,144.5827,3635.7612,0.4903,-0.0873,6.2739,12362.5161,-6370997.2732,
529.7500,11252.2109,144.0963,3631.8706,0.4887,-0.0873,6.2739,12319.3566,-6370997.3816,
530.0000,11216.2906,143.6131,3627.9982,0.4870,-0.0873,6.2739,12276.3852,-6370997.4859,
530.2500,11180.4891,143.1332,3624.1445,0.4854,-0.0873,6.2739,12233.6004,-6370997.5864,
530.5000,11144.8056,142.6565,3620.3099,0.4838,-0.0873,6.2739,12191.0008,-6370997.6830,
530.7500,11109.2394,142.1830,3616.4951,0.4822,-0.0873,6.2739,12148.5851,-6370997.7760,
531.0000,11073.7898,141.7126,3612.7005,0.4806,-0.0873,6.2739,12106.3520,-6370997.8654,
531.2500,11038.4560,141.2455,3608.9266,0.4790,-0.0873,6.2739,12064.3000,-6370997.9514,
531.5000,11003.2373,140.7814,3605.1738,0.4774,-0.0873,6.2739,12022.4279,-6370998.0342,
531.7500,10968.1338,140.3131,3609.7749,0.4757,-0.0873,6.2739,11980.6465,-6370998.1139,
532.0000,10933.1455,139.8509,3601.9298,0.4738,-0.0873,6.2739,11939.0605,-6370998.1905,
532.2500,10898.2707,139.3951,3594.2820,0.4720,-0.0873,6.2739,11897.6979,-6370998.2642,
532.5000,10863.5079,138.9454,3586.8259,0.4703,-0.0873,6.2739,11856.5543,-6370998.3349,
532.7500,10828.8557,138.5017,3579.5556,0.4685,-0.0873,6.2739,11815.6253,-6370998.4028,
533.0000,10794.3125,138.0639,3572.4657,0.4668,-0.0873,6.2739,11774.9064,-6370998.4680,
533.2500,10759.8771,137.6317,3565.5510,0.4651,-0.0873,6.2739,11734.3937,-6370998.5306,
533.5000,10725.5480,137.2052,3558.8062,0.4634,-0.0873,6.2739,11694.0830,-6370998.5907,
533.7500,10691.3239,136.7841,3552.2264,0.4618,-0.0873,6.2739,11653.9704,-6370998.6485,
534.0000,10657.2035,136.3683,3545.8068,0.4601,-0.0873,6.2739,11614.0522,-6370998.7039,
534.2500,10623.1855,135.9576,3539.5426,0.4585,-0.0873,6.2739,11574.3246,-6370998.7571,
534.5000,10589.2687,135.5521,3533.4293,0.4569,-0.0873,6.2739,11534.7841,-6370998.8082,
534.7500,10555.4518,135.1514,3527.4625,0.4553,-0.0873,6.2739,11495.4273,-6370998.8573,
535.0000,10521.7336,134.7556,3521.6379,0.4538,-0.0873,6.2739,11456.2508,-6370998.9044,
535.2500,10488.1131,134.3644,3515.9514,0.4522,-0.0873,6.2739,11417.2513,-6370998.9496,
535.5000,10454.5890,133.9778,3510.3989,0.4507,-0.0873,6.2739,11378.4257,-6370998.9930,
535.7500,10421.1603,133.5958,3504.9766,0.4492,-0.0873,6.2739,11339.7708,-6370999.0347,
536.0000,10387.8258,133.2181,3499.6806,0.4477,-0.0873,6.2739,11301.2838,-6370999.0747,
536.2500,10354.5846,132.8446,3494.5074,0.4462,-0.0873,6.2739,11262.9617,-6370999.1131,
536.5000,10321.4356,132.4753,3489.4533,0.4447,-0.0873,6.2739,11224.8017,-6370999.1499,
536.7500,10288.3778,132.1102,3484.5148,0.4433,-0.0873,6.2739,11186.8011,-6370999.1853,
537.0000,10255.4101,131.7490,3479.6888,0.4419,-0.0873,6.2739,11148.9572,-6370999.2192,
537.2500,10222.5317,131.3917,3474.9718,0.4405,-0.0873,6.2739,11111.2674,-6370999.2518,
537.5000,10189.7416,131.0382,3470.3608,0.4391,-0.0873,6.2739,11073.7293,-6370999.2830,
537.7500,10157.0389,130.6884,3465.8526,0.4377,-0.0873,6.2739,11036.3404,-6370999.3130,
538.0000,10124.4226,130.3422,3461.4445,0.4363,-0.0873,6.2739,10999.0983,-6370999.3418,
538.2500,10091.8920,129.9997,3457.1334,0.4350,-0.0873,6.2739,10962.0008,-6370999.3694,
538.5000,10059.4461,129.6606,3452.9166,0.4336,-0.0873,6.2739,10925.0456,-6370999.3959,
538.7500,10027.0840,129.3249,3448.7915,0.4323,-0.0873,6.2739,10888.2305,-6370999.4213,
539.0000,9994.8051,128.9925,3444.7553,0.4310,-0.0873,6.2739,10851.5534,-6370999.4456,
539.2500,9962.6084,128.6634,3440.8055,0.4297,-0.0873,6.2739,10815.0122,-6370999.4690,
539.5000,9930.4931,128.3375,3436.9398,0.4284,-0.0873,6.2739,10778.6050,-6370999.4914,
539.7500,9898.4586,128.0147,3433.1557,0.4271,-0.0873,6.2739,10742.3298,-6370999.5129,
540.0000,9866.5040,127.6950,3429.4508,0.4258,-0.0873,6.2739,10706.1847,-6370999.5336,
540.2500,9834.6286,127.3783,3425.8230,0.4246,-0.0873,6.2739,10670.1678,-6370999.5533,
540.5000,9802.8316,127.0645,3422.2701,0.4233,-0.0873,6.2739,10634.2774,-6370999.5723,
540.7500,9771.1125,126.7535,3418.7900,0.4221,-0.0873,6.2739,10598.5117,-6370999.5905,
541.0000,9739.4703,126.4454,3415.3805,0.4209,-0.0873,6.2739,10562.8690,-6370999.6079,
541.2500,9707.9046,126.1401,3412.0399,0.4197,-0.0873,6.2739,10527.3475,-6370999.6246,
541.5000,9676.4145,125.8374,3408.7660,0.4185,-0.0873,6.2739,10491.9458,-6370999.6407,
541.7500,9644.9995,125.5374,3405.5571,0.4173,-0.0873,6.2739,10456.6622,-6370999.6560,
542.0000,9613.6589,125.2400,3402.4113,0.4161,-0.0873,6.2739,10421.4952,-6370999.6708,
542.2500,9582.3920,124.9452,3399.3269,0.4149,-0.0873,6.2739,10386.4433,-6370999.6849,
542.5000,9551.1983,124.6528,3396.3022,0.4138,-0.0873,6.2739,10351.5050,-6370999.6984,
542.7500,9520.0772,124.3629,3393.3356,0.4126,-0.0873,6.2739,10316.6789,-6370999.7114,
543.0000,9489.0280,124.0754,3390.4254,0.4115,-0.0873,6.2739,10281.9636,-6370999.7238,
543.2500,9458.0501,123.7902,3387.5701,0.4104,-0.0873,6.2739,10247.3578,-6370999.7357,
543.5000,9427.1430,123.5073,3384.7681,0.4092,-0.0873,6.2739,10212.8601,-6370999.7471,
543.7500,9396.3062,123.2268,3382.0181,0.4081,-0.0873,6.2739,10178.4692,-6370999.7581,
544.0000,9365.5390,122.9484,3379.3187,0.4070,-0.0873,6.2739,10144.1839,-6370999.7685,
544.2500,9334.8409,122.6723,3376.6684,0.4059,-0.0873,6.2739,10110.0029,-6370999.7786,
544.5000,9304.2114,122.3982,3374.0659,0.4049,-0.0873,6.2739,10075.9251,-6370999.7882,
544.7500,9273.6500,122.1263,3371.5099,0.4038,-0.0873,6.2739,10041.9492,-6370999.7974,
545.0000,9243.1562,121.8565,3368.9992,0.4027,-0.0873,6.2739,10008.0741,-6370999.8062,
545.2500,9212.7293,121.5887,3366.5326,0.4017,-0.0873,6.2739,9974.2988,-6370999.8147,
545.5000,9182.3690,121.3229,3364.1089,0.4006,-0.0873,6.2739,9940.6220,-6370999.8228,
545.7500,9152.0748,121.0591,3361.7269,0.3996,-0.0873,6.2739,9907.0428,-6370999.8305,
546.0000,9121.8461,120.7972,3359.3856,0.3985,-0.0873,6.2739,9873.5600,-6370999.8380,
546.2500,9091.6826,120.5372,3357.0839,0.3975,-0.0873,6.2739,9840.1727,-6370999.8451,
546.5000,9061.5836,120.2790,3354.8207,0.3965,-0.0873,6.2739,9806.8799,-6370999.8519,
546.7500,9031.5489,120.0227,3352.5951,0.3955,-0.0873,6.2739,9773.6806,-6370999.8584,
547.0000,9001.5778,119.7683,3350.4060,0.3944,-0.0873,6.2739,9740.5738,-6370999.8646,
547.2500,8971.6701,119.5155,3348.2526,0.3934,-0.0873,6.2739,9707.5585,-6370999.8706,
547.5000,8941.8252,119.2646,3346.1338,0.3925,-0.0873,6.2739,9674.6340,-6370999.8763,
547.7500,8912.0427,119.0153,3344.0489,0.3915,-0.0873,6.2739,9641.7992,-6370999.8818,
548.0000,8882.3222,118.7678,3341.9969,0.3905,-0.0873,6.2739,9609.0533,-6370999.8870,
548.2500,8852.6633,118.5219,3339.9769,0.3895,-0.0873,6.2739,9576.3955,-6370999.8921,
548.5000,8823.0655,118.2777,3337.9883,0.3886,-0.0873,6.2739,9543.8249,-6370999.8969,
548.7500,8793.5285,118.0350,3336.0302,0.3876,-0.0873,6.2739,9511.3406,-6370999.9014,
549.0000,8764.0519,117.7940,3334.1018,0.3866,-0.0873,6.2739,9478.9419,-6370999.9058,
549.2500,8734.6353,117.5545,3332.2025,0.3857,-0.0873,6.2739,9446.6280,-6370999.9100,
549.5000,8705.2782,117.3166,3330.3314,0.3848,-0.0873,6.2739,9414.3981,-6370999.9141,
549.7500,8675.9804,117.0802,3328.4879,0.3838,-0.0873,6.2739,9382.2514,-6370999.9179,
550.0000,8646.7414,116.8453,3326.6713,0.3829,-0.0873,6.2739,9350.1872,-6370999.9216,
550.2500,8617.5609,116.6119,3324.8809,0.3820,-0.0873,6.2739,9318.2047,-6370999.9251,
550.5000,8588.4385,116.3799,3323.1162,0.3811,-0.0873,6.2739,9286.3033,-6370999.9285,
550.7500,8559.3738,116.1494,3321.3764,0.3801,-0.0873,6.2739,9254.4823,-6370999.9317,
551.0000,8530.3665,115.9203,3319.6611,0.3792,-0.0873,6.2739,9222.7409,-6370999.9348,
551.2500,8501.4162,115.6926,3317.9696,0.3783,-0.0873,6.2739,9191.0785,-6370999.9377,
551.5000,8472.5227,115.4662,3316.3013,0.3775,-0.0873,6.2739,9159.4943,-6370999.9405,
551.7500,8443.6855,115.2413,3314.6558,0.3766,-0.0873,6.2739,9127.9879,-6370999.9432,
552.0000,8414.9043,115.0176,3313.0324,0.3757,-0.0873,6.2739,9096.5584,-6370999.9458,
552.2500,8386.1789,114.7953,3311.4307,0.3748,-0.0873,6.2739,9065.2054,-6370999.9483,
552.5000,8357.5088,114.5743,3309.8501,0.3739,-0.0873,6.2739,9033.9281,-6370999.9506,
552.7500,8328.8937,114.3546,3308.2902,0.3731,-0.0873,6.2739,9002.7259,-6370999.9529,
553.0000,8300.3334,114.1362,3306.7505,0.3722,-0.0873,6.2739,8971.5983,-6370999.9550,
553.2500,8271.8274,113.9190,3305.2306,0.3714,-0.0873,6.2739,8940.5447,-6370999.9571,
553.5000,8243.3756,113.7030,3303.7300,0.3705,-0.0873,6.2739,8909.5645,-6370999.9590,
553.7500,8214.9776,113.4883,3302.2483,0.3697,-0.0873,6.2739,8878.6571,-6370999.9609,
554.0000,8186.6330,113.2748,3300.7850,0.3688,-0.0873,6.2739,8847.8220,-6370999.9627,
554.2500,8158.3417,113.0624,3299.3398,0.3680,-0.0873,6.2739,8817.0586,-6370999.9644,
554.5000,8130.1032,112.8513,3297.9122,0.3671,-0.0873,6.2739,8786.3664,-6370999.9661,
554.7500,8101.9174,112.6413,3296.5019,0.3663,-0.0873,6.2739,8755.7449,-6370999.9676,
555.0000,8073.7839,112.4325,3295.1085,0.3655,-0.0873,6.2739,8725.1935,-6370999.9691,
555.2500,8045.7024,112.2248,3293.7317,0.3647,-0.0873,6.2739,8694.7117,-6370999.9705,
555.5000,8017.6726,112.0183,3292.3711,0.3639,-0.0873,6.2739,8664.2991,-6370999.9719,
555.7500,7989.8452,105.8981,3291.0263,0.3631,-0.0873,1.5708,8633.9550,-6370999.9732,
556.0000,7966.3213,84.1484,2027.7388,0.2845,-0.0873,1.5708,8362.9785,-6370999.9843,
556.2500,7947.1109,70.4882,1400.9923,0.2361,-0.0873,1.5708,8221.1462,-6370999.9898,
556.5000,7930.7170,61.2165,1045.5076,0.2037,-0.0873,1.5708,8135.2481,-6370999.9930,
556.7500,7916.2851,54.5874,824.9672,0.1808,-0.0873,1.5708,8077.7095,-6370999.9949,
557.0000,7903.2821,49.6696,679.0979,0.1639,-0.0873,1.5708,8036.1963,-6370999.9962,
557.2500,7891.3537,45.9206,577.8988,0.1510,-0.0873,1.5708,8004.4852,-6370999.9971,
557.5000,7880.2531,43.0027,505.0660,0.1411,-0.0873,1.5708,7979.1416,-6370999.9977,
557.7500,7869.8020,40.6949,451.1149,0.1332,-0.0873,1.5708,7958.1339,-6370999.9982,
558.0000,7859.8677,38.8464,410.2204,0.1270,-0.0873,1.5708,7940.1916,-6370999.9985,
558.2500,7850.3497,37.3506,378.6415,0.1219,-0.0873,1.5708,7924.4832,-6370999.9988,
558.5000,7841.1697,36.1302,353.8849,0.1178,-0.0873,1.5708,7910.4439,-6370999.9990,
558.7500,7832.2666,35.1278,334.2354,0.1144,-0.0873,1.5708,7897.6775,-6370999.9992,
559.0000,7823.5914,34.3000,318.4808,0.1116,-0.0873,1.5708,7885.8985,-6370999.9993,
559.2500,7815.1049,33.6133,305.7439,0.1092,-0.0873,1.5708,7874.8963,-6370999.9994,
559.5000,7806.7752,33.0414,295.3769,0.1073,-0.0873,1.5708,7864.5127,-6370999.9995,
559.7500,7798.5764,32.5637,286.8925,0.1057,-0.0873,1.5708,7854.6266,-6370999.9996,
560.0000,7790.4870,32.1636,279.9185,0.1043,-0.0873,1.5708,7845.1440,-6370999.9997,
560.2500,7782.4893,31.8277,274.1668,0.1032,-0.0873,1.5708,7835.9908,-6370999.9997,
560.5000,7774.5687,31.5453,269.4111,0.1023,-0.0873,1.5708,7827.1084,-6370999.9998,
560.7500,7766.7130,31.3075,265.4722,0.1014,-0.0873,1.5708,7818.4496,-6370999.9998,
561.0000,7758.9119,31.1069,262.2067,0.1008,-0.0873,1.5708,7809.9763,-6370999.9998,
561.2500,7751.1570,30.9375,259.4990,0.1002,-0.0873,1.5708,7801.6573,-6370999.9999,
561.5000,7743.4410,30.7944,257.2549,0.0997,-0.0873,1.5708,7793.4672,-6370999.9999,
561.7500,7735.7580,30.6734,255.3976,0.0993,-0.0873,1.5708,7785.3850,-6370999.9999,
562.0000,7728.1028,30.5710,253.8639,0.0989,-0.0873,1.5708,7777.3933,-6370999.9999,
562.2500,7720.4712,30.4843,252.6015,0.0986,-0.0873,1.5708,7769.4777,-6370999.9999,
562.5000,7712.8595,30.4108,251.5671,0.0984,-0.0873,1.5708,7761.6261,-6370999.9999,
562.7500,7705.2648,30.3486,250.7246,0.0982,-0.0873,1.5708,7753.8285,-6370999.9999,
563.0000,7697.6845,30.2958,250.0439,0.0980,-0.0873,1.5708,7746.0765,-6371000.0000,
563.2500,7690.1163,30.2511,249.4997,0.0978,-0.0873,1.5708,7738.3629,-6371000.0000,
563.5000,7682.5584,30.2131,249.0710,0.0977,-0.0873,1.5708,7730.6819,-6371000.0000,
563.7500,7675.0092,30.1809,248.7399,0.0976,-0.0873,1.5708,7723.0284,-6371000.0000,
564.0000,7667.4675,30.1536,248.4914,0.0975,-0.0873,1.5708,7715.3983,-6371000.0000,
564.2500,7659.9321,30.1304,248.3130,0.0974,-0.0873,1.5708,7707.7878,-6371000.0000,
564.5000,7652.4020,30.1107,248.1939,0.0973,-0.0873,1.5708,7700.1941,-6371000.0000,
564.7500,7644.8765,30.0940,248.1252,0.0972,-0.0873,1.5708,7692.6146,-6371000.0000,
565.0000,7637.3548,30.0798,248.0992,0.0972,-0.0873,1.5708,7685.0471,-6371000.0000,
565.2500,7629.8364,30.0678,248.1094,0.0971,-0.0873,1.5708,7677.4897,-6371000.0000,
565.5000,7622.3208,30.0576,248.1505,0.0971,-0.0873,1.5708,7669.9411,-6371000.0000,
565.7500,7614.8075,30.0489,248.2177,0.0970,-0.0873,1.5708,7662.3997,-6371000.0000,
566.0000,7607.2962,30.0415,248.3071,0.0970,-0.0873,1.5708,7654.8646,-6371000.0000,
566.2500,7599.7866,30.0353,248.4155,0.0970,-0.0873,1.5708,7647.3348,-6371000.0000,
566.5000,7592.2785,30.0299,248.5399,0.0969,-0.0873,1.5708,7639.8094,-6371000.0000,
566.7500,7584.7716,30.0254,248.6780,0.0969,-0.0873,1.5708,7632.2879,-6371000.0000,
567.0000,7577.2657,30.0216,248.8278,0.0969,-0.0873,1.5708,7624.7696,-6371000.0000,
567.2500,7569.7607,30.0183,248.9875,0.0969,-0.0873,1.5708,7617.2540,-6371000.0000,
567.5000,7562.2565,30.0156,249.1556,0.0969,-0.0873,1.5708,7609.7408,-6371000.0000,
567.7500,7554.7529,30.0132,249.3309,0.0968,-0.0873,1.5708,7602.2295,-6371000.0000,
568.0000,7547.2499,30.0112,249.5124,0.0968,-0.0873,1.5708,7594.7200,-6371000.0000,
568.2500,7539.7473,30.0095,249.6991,0.0968,-0.0873,1.5708,7587.2118,-6371000.0000,
568.5000,7532.2451,30.0081,249.8903,0.0968,-0.0873,1.5708,7579.7049,-6371000.0000,
568.7500,7524.7432,30.0069,250.0853,0.0968,-0.0873,1.5708,7572.1990,-6371000.0000,
569.0000,7517.2416,30.0058,250.2835,0.0968,-0.0873,1.5708,7564.6939,-6371000.0000,
569.2500,7509.7403,30.0050,250.4846,0.0967,-0.0873,1.5708,7557.1896,-6371000.0000,
569.5000,7502.2391,30.0042,250.6881,0.0967,-0.0873,1.5708,7549.6860,-6371000.0000,
569.7500,7494.7381,30.0036,250.8937,0.0967,-0.0873,1.5708,7542.1829,-6371000.0000,
570.0000,7487.2373,30.0030,251.1010,0.0967,-0.0873,1.5708,7534.6802,-6371000.0000,
570.2500,7479.7366,30.0026,251.3098,0.0967,-0.0873,1.5708,7527.1779,-6371000.0000,
570.5000,7472.2360,30.0022,251.5200,0.0967,-0.0873,1.5708,7519.6760,-6371000.0000,
570.7500,7464.7355,30.0019,251.7314,0.0967,-0.0873,1.5708,7512.1743,-6371000.0000,
571.0000,7457.2351,30.0016,251.9437,0.0967,-0.0873,1.5708,7504.6728,-6371000.0000,
571.2500,7449.7347,30.0013,252.1569,0.0967,-0.0873,1.5708,7497.1716,-6371000.0000,
571.5000,7442.2344,30.0011,252.3708,0.0966,-0.0873,1.5708,7489.6705,-6371000.0000,
571.7500,7434.7341,30.0010,252.5855,0.0966,-0.0873,1.5708,7482.1696,-6371000.0000,
572.0000,7427.2339,30.0008,252.8007,0.0966,-0.0873,1.5708,7474.6688,-6371000.0000,
572.2500,7419.7337,30.0007,253.0164,0.0966,-0.0873,1.5708,7467.1681,-6371000.0000,
572.5000,7412.2336,30.0006,253.2326,0.0966,-0.0873,1.5708,7459.6675,-6371000.0000,
572.7500,7404.7334,30.0005,253.4493,0.0966,-0.0873,1.5708,7452.1670,-6371000.0000,
573.0000,7397.2333,30.0004,253.6663,0.0966,-0.0873,1.5708,7444.6665,-6371000.0000,
573.2500,7389.7332,30.0004,253.8836,0.0966,-0.0873,1.5708,7437.1661,-6371000.0000,
573.5000,7382.2331,30.0003,254.1013,0.0966,-0.0873,1.5708,7429.6657,-6371000.0000,
573.7500,7374.7331,30.0003,254.3192,0.0966,-0.0873,1.5708,7422.1654,-6371000.0000,
574.0000,7367.2330,30.0002,254.5374,0.0965,-0.0873,1.5708,7414.6651,-6371000.0000,
574.2500,7359.7329,30.0002,254.7559,0.0965,-0.0873,1.5708,7407.1648,-6371000.0000,
574.5000,7352.2329,30.0002,254.9746,0.0965,-0.0873,1.5708,7399.6646,-6371000.0000,
574.7500,7344.7329,30.0001,255.1935,0.0965,-0.0873,1.5708,7392.1643,-6371000.0000,
575.0000,7337.2328,30.0001,255.4126,0.0965,-0.0873,1.5708,7384.6641,-6371000.0000,
575.2500,7329.7328,30.0001,255.6319,0.0965,-0.0873,1.5708,7377.1640,-6371000.0000,
575.5000,7322.2328,30.0001,255.8514,0.0965,-0.0873,1.5708,7369.6638,-6371000.0000,
575.7500,7314.7328,30.0001,256.0711,0.0965,-0.0873,1.5708,7362.1636,-6371000.0000,
576.0000,7307.2327,30.0001,256.2910,0.0965,-0.0873,1.5708,7354.6634,-6371000.0000,
576.2500,7299.7327,30.0001,256.5110,0.0965,-0.0873,1.5708,7347.1633,-6371000.0000,
576.5000,7292.2327,30.0000,256.7312,0.0964,-0.0873,1.5708,7339.6631,-6371000.0000,
576.7500,7284.7327,30.0000,256.9516,0.0964,-0.0873,1.5708,7332.1630,-6371000.0000,
577.0000,7277.2327,30.0000,257.1722,0.0964,-0.0873,1.5708,7324.6629,-6371000.0000,
577.2500,7269.7327,30.0000,257.3929,0.0964,-0.0873,1.5708,7317.1627,-6371000.0000,
577.5000,7262.2327,30.0000,257.6137,0.0964,-0.0873,1.5708,7309.6626,-6371000.0000,
577.7500,7254.7327,30.0000,257.8348,0.0964,-0.0873,1.5708,7302.1625,-6371000.0000,
578.0000,7247.2327,30.0000,258.0559,0.0964,-0.0873,1.5708,7294.6624,-6371000.0000,
578.2500,7239.7327,30.0000,258.2773,0.0964,-0.0873,1.5708,7287.1623,-6371000.0000,
578.5000,7232.2327,30.0000,258.4988,0.0964,-0.0873,1.5708,7279.6621,-6371000.0000,
578.7500,7224.7327,30.0000,258.7204,0.0964,-0.0873,1.5708,7272.1620,-6371000.0000,
579.0000,7217.2327,30.0000,258.9422,0.0964,-0.0873,1.5708,7264.6619,-6371000.0000,
579.2500,7209.7327,30.0000,259.1641,0.0963,-0.0873,1.5708,7257.1618,-6371000.0000,
579.5000,7202.2327,30.0000,259.3862,0.0963,-0.0873,1.5708,7249.6617,-6371000.0000,
579.7500,7194.7327,30.0000,259.6084,0.0963,-0.0873,1.5708,7242.1616,-6371000.0000,
580.0000,7187.2327,30.0000,259.8308,0.0963,-0.0873,1.5708,7234.6615,-6371000.0000,
580.2500,7179.7327,30.0000,260.0534,0.0963,-0.0873,1.5708,7227.1613,-6371000.0000,
580.5000,7172.2327,30.0000,260.2760,0.0963,-0.0873,1.5708,7219.6612,-6371000.0000,
580.7500,7164.7327,30.0000,260.4989,0.0963,-0.0873,1.5708,7212.1611,-6371000.0000,
581.0000,7157.2327,30.0000,260.7219,0.0963,-0.0873,1.5708,7204.6610,-6371000.0000,
581.2500,7149.7327,30.0000,260.9450,0.0963,-0.0873,1.5708,7197.1609,-6371000.0000,
581.5000,7142.2327,30.0000,261.1683,0.0963,-0.0873,1.5708,7189.6608,-6371000.0000,
581.7500,7134.7327,30.0000,261.3917,0.0962,-0.0873,1.5708,7182.1607,-6371000.0000,
582.0000,7127.2327,30.0000,261.6153,0.0962,-0.0873,1.5708,7174.6606,-6371000.0000,
582.2500,7119.7327,30.0000,261.8390,0.0962,-0.0873,1.5708,7167.1605,-6371000.0000,
582.5000,7112.2327,30.0000,262.0628,0.0962,-0.0873,1.5708,7159.6604,-6371000.0000,
582.7500,7104.7327,30.0000,262.2869,0.0962,-0.0873,1.5708,7152.1602,-6371000.0000,
583.0000,7097.2327,30.0000,262.5110,0.0962,-0.0873,1.5708,7144.6601,-6371000.0000,
583.2500,7089.7327,30.0000,262.7353,0.0962,-0.0873,1.5708,7137.1600,-6371000.0000,
583.5000,7082.2327,30.0000,262.9598,0.0962,-0.0873,1.5708,7129.6599,-6371000.0000,
583.7500,7074.7327,30.0000,263.1844,0.0962,-0.0873,1.5708,7122.1598,-6371000.0000,
584.0000,7067.2327,30.0000,263.4092,0.0962,-0.0873,1.5708,7114.6597,-6371000.0000,
584.2500,7059.7327,30.0000,263.6341,0.0961,-0.0873,1.5708,7107.1596,-6371000.0000,
584.5000,7052.2327,30.0000,263.8591,0.0961,-0.0873,1.5708,7099.6595,-6371000.0000,
584.7500,7044.7327,30.0000,264.0843,0.0961,-0.0873,1.5708,7092.1594,-6371000.0000,
585.0000,7037.2327,30.0000,264.3097,0.0961,-0.0873,1.5708,7084.6593,-6371000.0000,
585.2500,7029.7327,30.0000,264.5352,0.0961,-0.0873,1.5708,7077.1592,-6371000.0000,
585.5000,7022.2327,30.0000,264.7608,0.0961,-0.0873,1.5708,7069.6591,-6371000.0000,
585.7500,7014.7327,30.0000,264.9866,0.0961,-0.0873,1.5708,7062.1589,-6371000.0000,
586.0000,7007.2327,30.0000,265.2125,0.0961,-0.0873,1.5708,7054.6588,-6371000.0000,
586.2500,6999.7327,30.0000,265.4386,0.0961,-0.0873,1.5708,7047.1587,-6371000.0000,
586.5000,6992.2327,30.0000,265.6649,0.0961,-0.0873,1.5708,7039.6586,-6371000.0000,
586.7500,6984.7327,30.0000,265.8912,0.0961,-0.0873,1.5708,7032.1585,-6371000.0000,
587.0000,6977.2327,30.0000,266.1178,0.0960,-0.0873,1.5708,7024.6584,-6371000.0000,
587.2500,6969.7327,30.0000,266.3445,0.0960,-0.0873,1.5708,7017.1583,-6371000.0000,
587.5000,6962.2327,30.0000,266.5713,0.0960,-0.0873,1.5708,7009.6582,-6371000.0000,
587.7500,6954.7327,30.0000,266.7983,0.0960,-0.0873,1.5708,7002.1581,-6371000.0000,
588.0000,6947.2327,30.0000,267.0254,0.0960,-0.0873,1.5708,6994.6580,-6371000.0000,
588.2500,6939.7327,30.0000,267.2527,0.0960,-0.0873,1.5708,6987.1579,-6371000.0000,
588.5000,6932.2327,30.0000,267.4801,0.0960,-0.0873,1.5708,6979.6578,-6371000.0000,
588.7500,6924.7327,30.0000,267.7077,0.0960,-0.0873,1.5708,6972.1576,-6371000.0000,
589.0000,6917.2327,30.0000,267.9354,0.0960,-0.0873,1.5708,6964.6575,-6371000.0000,
589.2500,6909.7327,30.0000,268.1633,0.0960,-0.0873,1.5708,6957.1574,-6371000.0000,
589.5000,6902.2327,30.0000,268.3913,0.0959,-0.0873,1.5708,6949.6573,-6371000.0000,
589.7500,6894.7327,30.0000,268.6195,0.0959,-0.0873,1.5708,6942.1572,-6371000.0000,
590.0000,6887.2327,30.0000,268.8478,0.0959,-0.0873,1.5708,6934.6571,-6371000.0000,
590.2500,6879.7327,30.0000,269.0763,0.0959,-0.0873,1.5708,6927.1570,-6371000.0000,
590.5000,6872.2327,30.0000,269.3049,0.0959,-0.0873,1.5708,6919.6569,-6371000.0000,
590.7500,6864.7327,30.0000,269.5337,0.0959,-0.0873,1.5708,6912.1568,-6371000.0000,
591.0000,6857.2327,30.0000,269.7626,0.0959,-0.0873,1.5708,6904.6567,-6371000.0000,
591.2500,6849.7327,30.0000,269.9917,0.0959,-0.0873,1.5708,6897.1566,-6371000.0000,
591.5000,6842.2327,30.0000,270.2209,0.0959,-0.0873,1.5708,6889.6565,-6371000.0000,
591.7500,6834.7327,30.0000,270.4503,0.0959,-0.0873,1.5708,6882.1564,-6371000.0000,
592.0000,6827.2327,30.0000,270.6798,0.0958,-0.0873,1.5708,6874.6562,-6371000.0000,
592.2500,6819.7327,30.0000,270.9094,0.0958,-0.0873,1.5708,6867.1561,-6371000.0000,
592.5000,6812.2327,30.0000,271.1393,0.0958,-0.0873,1.5708,6859.6560,-6371000.0000,
592.7500,6804.7327,30.0000,271.3692,0.0958,-0.0873,1.5708,6852.1559,-6371000.0000,
593.0000,6797.2327,30.0000,271.5994,0.0958,-0.0873,1.5708,6844.6558,-6371000.0000,
593.2500,6789.7327,30.0000,271.8296,0.0958,-0.0873,1.5708,6837.1557,-6371000.0000,
593.5000,6782.2327,30.0000,272.0601,0.0958,-0.0873,1.5708,6829.6556,-6371000.0000,
593.7500,6774.7327,30.0000,272.2906,0.0958,-0.0873,1.5708,6822.1555,-6371000.0000,
594.0000,6767.2327,30.0000,272.5214,0.0958,-0.0873,1.5708,6814.6554,-6371000.0000,
594.2500,6759.7327,30.0000,272.7522,0.0958,-0.0873,1.5708,6807.1553,-6371000.0000,
594.5000,6752.2327,30.0000,272.9833,0.0958,-0.0873,1.5708,6799.6552,-6371000.0000,
594.7500,6744.7327,30.0000,273.2144,0.0957,-0.0873,1.5708,6792.1551,-6371000.0000,
595.0000,6737.2327,30.0000,273.4458,0.0957,-0.0873,1.5708,6784.6549,-6371000.0000,
595.2500,6729.7327,30.0000,273.6772,0.0957,-0.0873,1.5708,6777.1548,-6371000.0000,
595.5000,6722.2327,30.0000,273.9089,0.0957,-0.0873,1.5708,6769.6547,-6371000.0000,
595.7500,6714.7327,30.0000,274.1406,0.0957,-0.0873,1.5708,6762.1546,-6371000.0000,
596.0000,6707.2327,30.0000,274.3726,0.0957,-0.0873,1.5708,6754.6545,-6371000.0000,
596.2500,6699.7327,30.0000,274.6046,0.0957,-0.0873,1.5708,6747.1544,-6371000.0000,
596.5000,6692.2327,30.0000,274.8369,0.0957,-0.0873,1.5708,6739.6543,-6371000.0000,
596.7500,6684.7327,30.0000,275.0693,0.0957,-0.0873,1.5708,6732.1542,-6371000.0000,
597.0000,6677.2327,30.0000,275.3018,0.0957,-0.0873,1.5708,6724.6541,-6371000.0000,
597.2500,6669.7327,30.0000,275.5345,0.0956,-0.0873,1.5708,6717.1540,-6371000.0000,
597.5000,6662.2327,30.0000,275.7673,0.0956,-0.0873,1.5708,6709.6539,-6371000.0000,
597.7500,6654.7327,30.0000,276.0003,0.0956,-0.0873,1.5708,6702.1538,-6371000.0000,
598.0000,6647.2327,30.0000,276.2335,0.0956,-0.0873,1.5708,6694.6537,-6371000.0000,
598.2500,6639.7327,30.0000,276.4668,0.0956,-0.0873,1.5708,6687.1535,-6371000.0000,
598.5000,6632.2327,30.0000,276.7002,0.0956,-0.0873,1.5708,6679.6534,-6371000.0000,
598.7500,6624.7327,30.0000,276.9338,0.0956,-0.0873,1.5708,6672.1533,-6371000.0000,
599.0000,6617.2327,30.0000,277.1675,0.0956,-0.0873,1.5708,6664.6532,-6371000.0000,
599.2500,6609.7327,30.0000,277.4014,0.0956,-0.0873,1.5708,6657.1531,-6371000.0000,
599.5000,6602.2327,30.0000,277.6355,0.0956,-0.0873,1.5708,6649.6530,-6371000.0000,
599.7500,6594.7327,30.0000,277.8697,0.0956,-0.0873,1.5708,6642.1529,-6371000.0000,
600.0000,6587.2327,30.0000,278.1041,0.0955,-0.0873,1.5708,6634.6528,-6371000.0000,
