time,altitude,velocity,q,mach,gimbal,theta,apoapsis,periapsis,theta_error
0.2500,1.4384,11.5176,51.9396,0.0271,0.0000,1.5708,5.2384,-6371000.0000,0.0000
0.5500,6.9766,25.4177,326.5149,0.0679,0.0000,1.5708,32.9224,-6371000.0000,0.0000
0.7500,12.9908,34.7299,642.2116,0.0952,0.0000,1.5708,64.7588,-6371000.0000,0.0000
1.0000,23.1332,46.4184,1187.5235,0.1296,0.0000,1.5708,119.7911,-6371000.0000,0.0000
1.2500,36.2042,58.1574,1901.3517,0.1641,0.0000,1.5708,191.9294,-6371000.0000,0.0000
1.5000,52.2159,69.9436,2784.3993,0.1987,0.0000,1.5708,281.3476,-6371000.0000,0.0000
1.7500,71.1796,81.7735,3836.8802,0.2335,0.0000,1.5708,388.2034,-6371000.0000,0.0000
2.0000,93.1060,93.6436,5058.5119,0.2685,0.0000,1.5708,512.6376,-6371000.0000,0.0000
2.2500,118.0045,105.5506,6448.5103,0.3036,0.0000,1.5708,654.7739,-6371000.0000,0.0000
2.5500,151.8184,119.8827,8336.9049,0.3458,0.0000,1.5708,848.8531,-6371000.0000,0.0000
2.8000,183.2854,131.8583,10092.0729,0.3812,0.0000,1.5708,1030.2846,-6371000.0000,0.0000
3.0500,217.7497,143.8594,12009.7270,0.4167,0.0000,1.5708,1229.6979,-6371000.0000,0.0000
3.3000,255.2170,155.8827,14086.9909,0.4523,0.0000,1.5708,1447.1441,-6371000.0000,0.0000
3.5500,295.6926,167.9245,16320.5083,0.4880,0.0000,1.5708,1682.6571,-6371000.0000,0.0000
3.8000,339.1805,179.9816,18706.4559,0.5238,0.0000,1.5708,1936.2543,-6371000.0000,0.0000
4.0500,385.6843,192.0504,21240.5586,0.5596,0.0000,1.5708,2207.9368,-6371000.0000,0.0000
4.3000,435.2065,204.1279,23918.1079,0.5956,0.0000,1.5708,2497.6900,-6371000.0000,0.0000
4.5500,487.7487,216.2106,26733.9815,0.6317,0.0000,1.5708,2805.4845,-6371000.0000,0.0000
4.8000,543.3120,228.2957,29682.6663,0.6678,0.0000,1.5708,3131.2766,-6371000.0000,0.0000
5.0500,601.8965,240.3799,32758.2828,0.7040,0.0000,1.5708,3475.0091,-6371000.0000,0.0000
5.3000,663.5016,252.4605,35954.6110,0.7402,0.0000,1.5708,3836.6126,-6371000.0000,0.0000
5.5500,728.1262,264.5348,39265.1182,0.7766,0.0000,1.5708,4216.0063,-6371000.0000,0.0000
5.8000,795.7657,276.5445,42675.9500,0.8129,0.0000,1.5708,4612.4661,-6371000.0000,0.0000
6.0500,866.3674,288.2009,46091.2766,0.8483,0.0000,1.5708,5017.8002,-6371000.0000,0.0000
6.3000,939.8300,299.4240,49456.2862,0.8827,0.0000,1.5708,5427.2417,-6371000.0000,0.0000
6.5500,1016.0400,310.1740,52738.7047,0.9157,-0.0001,1.5708,5837.9185,-6371000.0000,0.0000
6.8000,1094.8748,320.4184,55908.6607,0.9473,-0.0012,1.5704,6247.0607,-6371000.0000,-0.0003
7.0500,1176.2050,330.1331,58939.6024,0.9774,-0.0007,1.5695,6652.0868,-6370999.9999,-0.0013
7.3000,1259.8959,339.3020,61808.9791,1.0060,-0.0004,1.5683,7050.6740,-6370999.9997,-0.0019
7.5500,1345.8099,347.9176,64498.7077,1.0331,-0.0003,1.5670,7440.8132,-6370999.9991,-0.0021
7.8000,1433.8118,356.0519,67006.1610,1.0586,-0.0003,1.5655,7821.8779,-6370999.9979,-0.0023
8.0500,1523.8288,364.0740,69457.1236,1.0837,-0.0002,1.5640,8205.6713,-6370999.9954,-0.0024
8.3000,1615.8441,372.0400,71889.2545,1.1088,-0.0002,1.5625,8595.9457,-6370999.9911,-0.0025
8.5500,1709.8443,379.9548,74300.9402,1.1337,-0.0002,1.5609,8992.7385,-6370999.9840,-0.0026
8.8000,1805.8174,387.8235,76690.7413,1.1586,-0.0002,1.5592,9396.1053,-6370999.9729,-0.0026
9.0500,1903.7522,395.6508,79057.3794,1.1835,-0.0002,1.5576,9806.1193,-6370999.9564,-0.0027
9.3000,2003.6391,403.4417,81399.7230,1.2083,-0.0002,1.5559,10222.8714,-6370999.9330,-0.0028
9.5000,2084.9483,409.6515,83255.4321,1.2282,-0.0002,1.5545,10561.1959,-6370999.9080,-0.0028
9.7500,2188.3282,417.3891,85551.6172,1.2530,-0.0002,1.5527,10990.3579,-6370999.8671,-0.0029
10.0000,2293.6393,425.1041,87821.0180,1.2779,-0.0002,1.5509,11426.5995,-6370999.8132,-0.0029
10.2500,2400.8764,432.8011,90062.9511,1.3028,-0.0002,1.5491,11870.0731,-6370999.7436,-0.0030
10.5000,2510.0357,440.4851,92276.8233,1.3277,-0.0002,1.5472,12320.9465,-6370999.6553,-0.0030
10.7500,2621.1142,448.1608,94462.1216,1.3527,-0.0002,1.5453,12779.4024,-6370999.5448,-0.0031
11.0000,2734.1105,455.8330,96618.4026,1.3778,-0.0002,1.5433,13245.6387,-6370999.4084,-0.0031
11.2500,2849.0240,463.5064,98745.2833,1.4030,-0.0002,1.5414,13719.8679,-6370999.2420,-0.0032
11.5000,2965.8557,471.1859,100842.4320,1.4283,-0.0002,1.5393,14202.3169,-6370999.0408,-0.0032
11.7500,3084.6074,478.8760,102909.5595,1.4538,-0.0002,1.5373,14693.2273,-6370998.8000,-0.0033
12.0000,3205.2821,486.5814,104946.4110,1.4794,-0.0002,1.5352,15192.8548,-6370998.5139,-0.0033
12.2500,3327.8840,494.3068,106952.7585,1.5052,-0.0002,1.5331,15701.4696,-6370998.1767,-0.0034
12.5000,3452.4186,502.0568,108928.3930,1.5312,-0.0003,1.5310,16219.3560,-6370997.7816,-0.0035
12.7500,3578.8922,509.8359,110873.1179,1.5573,-0.0003,1.5288,16746.8127,-6370997.3217,-0.0035
13.0000,3707.3125,517.6488,112786.7424,1.5838,-0.0003,1.5266,17284.1527,-6370996.7892,-0.0036
13.2500,3837.6882,525.4999,114669.0751,1.6104,-0.0003,1.5243,17831.7035,-6370996.1757,-0.0036
13.5000,3970.0290,533.3939,116519.9180,1.6373,-0.0003,1.5220,18389.8073,-6370995.4721,-0.0037
13.7500,4104.3459,541.3351,118339.0611,1.6645,-0.0003,1.5197,18958.8208,-6370994.6687,-0.0037
14.0000,4240.6509,549.3281,120126.2771,1.6920,-0.0003,1.5174,19539.1156,-6370993.7549,-0.0038
14.2500,4378.9570,557.3774,121881.3163,1.7197,-0.0003,1.5150,20131.0788,-6370992.7193,-0.0038
14.5000,4519.2784,565.4873,123603.9022,1.7479,-0.0003,1.5126,20735.1124,-6370991.5496,-0.0039
14.7500,4661.6305,573.6624,125293.7265,1.7763,-0.0003,1.5101,21351.6344,-6370990.2325,-0.0040
15.0000,4806.0294,581.9071,126950.4455,1.8052,-0.0003,1.5076,21981.0787,-6370988.7537,-0.0040
15.2500,4952.4925,590.2257,128573.6758,1.8344,-0.0003,1.5051,22623.8954,-6370987.0979,-0.0041
15.5000,5101.0384,598.6227,130162.9907,1.8640,-0.0003,1.5025,23280.5515,-6370985.2486,-0.0041
15.7500,5251.6865,607.1025,131717.9170,1.8941,-0.0003,1.4999,23951.5308,-6370983.1881,-0.0042
16.0000,5404.4574,615.6696,133237.9313,1.9246,-0.0003,1.4973,24637.3351,-6370980.8972,-0.0043
16.2500,5559.3727,624.3283,134722.4574,1.9555,-0.0003,1.4946,25338.4837,-6370978.3555,-0.0043
16.5000,5716.4550,633.0830,136170.8632,1.9870,-0.0003,1.4919,26055.5146,-6370975.5410,-0.0044
16.7500,5875.7282,641.9382,137582.4585,2.0189,-0.0003,1.4891,26788.9849,-6370972.4302,-0.0044
17.0000,6037.2170,650.8982,138956.4924,2.0514,-0.0003,1.4863,27539.4714,-6370968.9976,-0.0045
17.2500,6200.9471,659.9676,140292.1511,2.0845,-0.0003,1.4835,28307.5707,-6370965.2163,-0.0046
17.5000,6366.9456,669.1508,141588.5566,2.1181,-0.0003,1.4806,29093.9006,-6370961.0570,-0.0046
17.7500,6535.2403,678.4522,142844.7643,2.1523,-0.0003,1.4777,29899.1004,-6370956.4885,-0.0047
18.0000,6705.8601,687.8763,144059.7621,2.1871,-0.0003,1.4748,30723.8316,-6370951.4774,-0.0048
18.2500,6878.8353,697.4276,145232.4691,2.2226,-0.0003,1.4718,31568.7785,-6370945.9880,-0.0048
18.5000,7054.1967,707.1107,146361.7348,2.2587,-0.0003,1.4687,32434.6496,-6370939.9816,-0.0049
18.7500,7231.9766,716.9301,147446.3385,2.2955,-0.0003,1.4657,33322.1779,-6370933.4173,-0.0049
19.0000,7412.2083,726.8903,148484.9887,2.3331,-0.0003,1.4626,34232.1219,-6370926.2509,-0.0050
19.2500,7594.9259,736.9962,149476.3234,2.3714,-0.0003,1.4594,35165.2668,-6370918.4353,-0.0051
19.5000,7780.1649,747.2521,150418.9103,2.4104,-0.0003,1.4562,36122.4254,-6370909.9199,-0.0052
19.7500,7967.9616,757.6630,151311.2471,2.4503,-0.0003,1.4529,37104.4391,-6370900.6507,-0.0052
20.0000,8158.3537,768.2335,152151.7629,2.4910,-0.0003,1.4497,38112.1792,-6370890.5696,-0.0053
20.2500,8351.3797,778.9685,152938.8190,2.5325,-0.0003,1.4463,39146.5478,-6370879.6147,-0.0054
20.5000,8547.0793,789.8727,153670.7110,2.5749,-0.0004,1.4429,40208.4799,-6370867.7196,-0.0054
20.7500,8745.4934,800.9512,154345.6703,2.6183,-0.0004,1.4395,41298.9437,-6370854.8133,-0.0055
21.0000,8946.6639,812.2089,154961.8669,2.6625,-0.0004,1.4360,42418.9429,-6370840.8197,-0.0056
21.2500,9150.6340,823.6508,155517.4122,2.7078,-0.0004,1.4325,43569.5181,-6370825.6574,-0.0057
21.5000,9357.4477,835.2821,156010.3618,2.7541,-0.0004,1.4289,44751.7484,-6370809.2393,-0.0058
21.7500,9567.1506,847.1080,156438.7195,2.8015,-0.0004,1.4253,45966.7529,-6370791.4723,-0.0058
22.0000,9779.7892,859.1339,156800.4415,2.8499,-0.0004,1.4216,47215.6932,-6370772.2565,-0.0059
22.2500,9995.4112,871.3650,157093.4406,2.8995,-0.0004,1.4179,48499.7751,-6370751.4853,-0.0060
22.5000,10214.0655,883.8071,157315.5913,2.9502,-0.0004,1.4141,49820.2509,-6370729.0443,-0.0061
22.7500,10435.8025,896.4655,157464.7354,3.0022,-0.0004,1.4103,51178.4215,-6370704.8115,-0.0062
23.0000,10660.6736,909.3462,157538.6879,3.0554,-0.0004,1.4064,52575.6392,-6370678.6558,-0.0063
23.2500,10888.7314,922.4551,157535.2433,3.1099,-0.0004,1.4025,54013.3103,-6370650.4373,-0.0063
23.5000,11120.0318,935.8268,156611.7966,3.1624,-0.0004,1.3985,55494.4764,-6370619.9922,-0.0064
23.7500,11354.6445,949.5069,155390.7297,3.2085,-0.0004,1.3944,57025.8247,-6370587.1122,-0.0065
24.0000,11592.6413,963.4904,154131.6385,3.2557,-0.0004,1.3903,58608.1286,-6370551.6263,-0.0066
24.2500,11834.0940,977.7817,152832.8943,3.3039,-0.0004,1.3861,60243.0884,-6370513.3426,-0.0067
24.5000,12079.0756,992.3852,151493.0153,3.3532,-0.0004,1.3819,61932.4700,-6370472.0558,-0.0068
24.7500,12327.6597,1007.3055,150110.6682,3.4036,-0.0004,1.3776,63678.1062,-6370427.5461,-0.0069
25.0000,12579.9209,1022.5473,148684.6703,3.4550,-0.0004,1.3732,65481.9003,-6370379.5781,-0.0070
25.2500,12835.9347,1038.1156,147213.9904,3.5075,-0.0004,1.3688,67345.8278,-6370327.9001,-0.0071
25.5000,13095.7777,1054.0156,145697.7509,3.5612,-0.0005,1.3643,69271.9395,-6370272.2422,-0.0072
25.7500,13359.5274,1070.2523,144135.2293,3.6160,-0.0005,1.3598,71262.3640,-6370212.3158,-0.0073
26.0000,13627.2624,1086.8315,142525.8597,3.6719,-0.0005,1.3552,73319.3109,-6370147.8119,-0.0074
26.2500,13899.0622,1103.7586,140869.2338,3.7291,-0.0005,1.3505,75445.0733,-6370078.3997,-0.0075
26.5000,14175.0076,1121.0394,139165.1027,3.7874,-0.0005,1.3457,77642.0313,-6370003.7251,-0.0077
26.7500,14455.1804,1138.6801,137413.3776,3.8469,-0.0005,1.3409,79912.6550,-6369923.4091,-0.0078
27.0000,14739.6635,1156.6866,135614.1304,3.9077,-0.0005,1.3360,82259.5077,-6369837.0461,-0.0079
27.2500,15028.5411,1175.0655,133767.5944,3.9697,-0.0005,1.3310,84685.2493,-6369744.2018,-0.0080
27.5000,15321.8985,1193.8231,131874.1644,4.0331,-0.0005,1.3259,87192.6399,-6369644.4115,-0.0081
27.7500,15619.8223,1212.9663,129934.3963,4.0977,-0.0005,1.3208,89784.5433,-6369537.1777,-0.0083
28.0000,15922.4001,1232.5018,127949.0072,4.1636,-0.0005,1.3156,92463.9307,-6369421.9681,-0.0084
28.2500,16229.7211,1252.4369,125918.8738,4.2309,-0.0005,1.3103,95233.8841,-6369298.2128,-0.0085
28.5000,16541.8755,1272.7786,123845.0316,4.2996,-0.0005,1.3049,98097.6006,-6369165.3018,-0.0086
28.7500,16858.3263,1280.5791,120510.9024,4.3476,-0.0005,1.2995,100216.7323,-6369057.4923,-0.0088
29.0000,17174.9312,1282.3767,113819.0130,4.3314,-0.0025,1.2942,99888.9264,-6369049.3762,-0.0093
29.2500,17490.8591,1278.1296,108687.8914,4.3388,-0.0020,1.2888,100458.6361,-6369002.3037,-0.0095
29.5000,17806.0602,1274.3111,102816.6794,4.3255,-0.0018,1.2833,100245.3235,-6368989.7133,-0.0095
29.7500,18120.6358,1270.8946,97333.8695,4.3137,-0.0018,1.2777,100085.6766,-6368975.3778,-0.0096
30.0000,18434.8390,1274.4097,92206.4394,4.3031,-0.0018,1.2721,99976.0726,-6368959.3177,-0.0096
30.2500,18748.4429,1271.7379,87404.8806,4.2938,-0.0018,1.2666,99913.2663,-6368941.5683,-0.0096
30.5000,19061.3763,1269.4147,82908.6709,4.2857,-0.0027,1.2612,99895.6695,-6368921.9516,-0.0100
30.7500,19373.7209,1267.4205,78692.7742,4.2787,-0.0024,1.2557,99920.1420,-6368900.3884,-0.0103
31.0000,19685.5541,1265.7363,74734.9399,4.2727,-0.0022,1.2501,99984.3228,-6368877.0522,-0.8828
31.2500,19996.7900,1257.7363,71014.9897,4.2678,-0.0022,1.2446,100085.7658,-6368851.9521,-0.6271
31.5000,20307.5037,1256.6610,66971.3184,4.2615,-0.0032,1.2392,100227.1614,-6368824.7589,
31.7500,20617.6084,1255.8617,63619.4777,4.2556,-0.0029,1.2337,100403.7478,-6368795.4249,
32.0000,20926.8509,1255.3318,60474.9317,4.2506,-0.0035,1.2283,100613.3312,-6368763.9430,
32.2500,21235.4503,1248.4106,56909.2823,4.2241,-0.0035,1.2230,100027.3677,-6368780.1977,
32.5000,21543.7806,1248.3434,54153.4421,4.2207,-0.0032,1.2175,100295.1183,-6368745.9487,
32.7500,21851.4202,1248.5017,51559.7140,4.2181,-0.0028,1.2120,100589.9775,-6368709.5922,
33.0000,22158.2609,1242.2232,48593.0279,4.1938,-0.0028,1.2066,100090.4399,-6368723.9591,
33.2500,22464.9849,1242.7774,46309.6189,4.1927,-0.0039,1.2012,100433.8097,-6368684.8816,
33.5000,22770.5303,1243.5332,43687.3212,4.1697,-0.0039,1.1961,99985.7792,-6368698.0363,
33.7500,23076.0463,1237.7928,41672.4090,4.1698,-0.0051,1.1907,100371.7562,-6368655.9563,
34.0000,23380.3114,1238.8900,39347.2289,4.1481,-0.0051,1.1856,99968.9948,-6368668.0350,
34.2500,23684.6254,1233.4715,37565.5918,4.1493,-0.0052,1.1800,100392.5608,-6368622.8097,
34.5000,23987.6079,1228.2168,35497.8632,4.1287,-0.0052,1.1749,100029.7206,-6368633.9306,
34.7500,24290.7095,1229.7467,33919.6576,4.1309,-0.0047,1.1692,100486.6034,-6368585.5313,
35.0000,24592.7053,1224.7615,32075.8995,4.1113,-0.0047,1.1640,100159.0760,-6368595.7966,
35.2500,24894.2557,1226.5582,30675.6184,4.1144,-0.0052,1.1586,100645.2698,-6368544.1379,
35.5000,25195.3888,1221.8140,29027.4253,4.0957,-0.0052,1.1533,100349.0672,-6368553.6366,
35.7500,25495.3512,1217.1934,27479.6825,4.0773,-0.0052,1.1483,100069.5671,-6368562.6368,
36.0000,25795.2634,1219.3250,26307.7018,4.0817,-0.0082,1.1431,100592.0803,-6368507.0976,
36.2500,26094.5249,1214.9078,24919.3921,4.0641,-0.0082,1.1380,100338.6706,-6368515.4530,
36.5000,26392.6939,1210.5953,23613.5897,4.0469,-0.0082,1.1332,100099.2615,-6368523.3796,
36.7500,26690.5698,1213.0110,22629.7161,4.0522,-0.0101,1.1281,100650.3058,-6368463.4163,
37.0000,26988.1726,1208.8708,21454.7964,4.0356,-0.0101,1.1225,100432.7432,-6368470.7989,
37.2500,27284.7489,1204.8198,20348.1333,4.0194,-0.0101,1.1174,100226.9817,-6368477.8102,
37.5000,27580.3201,1200.8527,19305.2167,4.0035,-0.0101,1.1128,100032.3013,-6368484.4717,
37.8000,27935.3963,1202.8006,18328.8186,4.0067,-0.0066,1.1054,100576.5867,-6368420.9847,
38.0500,28230.3568,1198.9870,17398.0063,3.9914,-0.0066,1.0997,100401.1251,-6368427.1494,
38.3000,28524.3688,1195.2445,16519.6745,3.9763,-0.0066,1.0945,100234.9497,-6368433.0124,
38.5500,28817.4493,1191.5692,15690.4907,3.9614,-0.0066,1.0896,100077.5128,-6368438.5904,
38.8000,29110.3761,1194.5528,15072.2557,3.9687,-0.0078,1.0845,100680.7037,-6368368.8622,
39.0500,29403.1621,1190.9885,14320.9469,3.9543,-0.0078,1.0792,100536.8732,-6368374.0957,
39.3000,29695.0589,1187.4819,13610.9548,3.9401,-0.0078,1.0743,100400.5002,-6368379.0788,
39.5500,29986.0805,1184.0300,12939.7416,3.9261,-0.0078,1.0698,100271.1567,-6368383.8250,
39.8000,30276.2396,1180.6298,12304.9458,3.9123,-0.0078,1.0657,100148.4425,-6368388.3469,
40.0500,30565.5488,1177.2787,11704.3688,3.8986,-0.0078,1.0619,100031.9827,-6368392.6565,
40.3000,30855.0727,1180.5344,11259.4400,3.9069,-0.0165,1.0573,100655.1191,-6368316.9015,
40.5500,31144.2186,1177.2646,10713.0329,3.8936,-0.0165,1.0526,100548.3858,-6368320.9635,
40.8000,31432.5455,1174.0373,10195.6571,3.8804,-0.0165,1.0483,100447.0283,-6368324.8373,
41.0500,31720.0635,1170.8502,9705.6079,3.8674,-0.0165,1.0444,100350.7496,-6368328.5326,
41.3000,32006.7821,1167.7016,9241.2926,3.8546,-0.0165,1.0408,100259.2710,-6368332.0586,
41.5500,32292.7121,1164.6012,8645.5044,3.8384,-0.0165,1.0374,100173.5285,-6368335.3777,
41.8000,32577.8636,1161.5359,8217.1748,3.8216,-0.0165,1.0344,100092.3997,-6368338.5317,
42.0500,32862.2450,1158.5039,7812.6584,3.8050,-0.0165,1.0316,100015.4015,-6368341.5379,
42.3000,33146.8957,1162.0039,7513.4081,3.8099,-0.0252,1.0266,100649.2872,-6368258.0216,
42.5500,33431.2324,1159.0274,7146.6218,3.7936,-0.0252,1.0212,100578.7061,-6368260.8611,
42.8000,33714.8200,1156.0796,6799.8879,3.7775,-0.0252,1.0161,100511.6635,-6368263.5699,
43.0500,33997.6651,1153.1589,6471.9827,3.7616,-0.0252,1.0114,100447.9606,-6368266.1548,
43.3000,34279.7742,1150.2640,6161.7657,3.7458,-0.0252,1.0067,100387.4112,-6368268.6224,
43.5500,34561.1534,1147.3935,5868.1735,3.7302,-0.0252,1.0021,100329.8406,-6368270.9788,
43.8000,34841.8086,1144.5461,5590.2141,3.7148,-0.0252,0.9974,100275.0849,-6368273.2297,
44.0500,35121.7451,1141.7207,5326.9613,3.6994,-0.0252,0.9929,100222.9903,-6368275.3805,
44.3000,35400.9682,1138.9161,5077.5498,3.6843,-0.0252,0.9883,100173.4124,-6368277.4364,
44.5500,35679.4828,1136.1314,4841.1711,3.6693,-0.0252,0.9838,100126.2154,-6368279.4020,
44.8000,35957.2936,1133.3654,4617.0690,3.6544,-0.0252,0.9794,100081.2718,-6368281.2821,
45.0500,36234.4051,1130.6173,4404.5360,3.6396,-0.0252,0.9749,100038.4616,-6368283.0807,
45.3000,36510.9625,1134.2457,4202.9098,3.6250,-0.0252,0.9700,99997.6720,-6368284.8020,
45.5500,36788.0988,1131.5281,4056.2295,3.6308,-0.0339,0.9604,100617.6798,-6368189.3621,
45.8000,37064.5469,1128.8261,3871.8405,3.6164,-0.0339,0.9509,100580.0199,-6368191.0055,
46.0500,37340.3106,1126.1390,3696.7866,3.6020,-0.0339,0.9415,100544.1148,-6368192.5792,
46.3000,37615.3933,1123.4661,3530.5450,3.5878,-0.0339,0.9322,100509.8737,-6368194.0866,
46.5500,37889.7983,1120.8066,3372.6249,3.5737,-0.0339,0.9229,100477.2107,-6368195.5309,
46.8000,38163.5289,1118.1599,3222.5659,3.5597,-0.0339,0.9137,100446.0449,-6368196.9151,
47.0500,38436.5881,1115.5255,3079.9356,3.5458,-0.0339,0.9046,100416.3001,-6368198.2421,
47.3000,38708.9786,1112.9028,2944.3277,3.5320,-0.0339,0.8956,100387.9043,-6368199.5145,
47.5500,38980.7033,1110.2911,2815.3606,3.5183,-0.0339,0.8866,100360.7895,-6368200.7350,
47.8000,39251.7648,1107.6901,2692.6752,3.5047,-0.0339,0.8777,100334.8916,-6368201.9059,
48.0500,39522.1655,1105.0992,2575.9339,3.4911,-0.0339,0.8689,100310.1498,-6368203.0296,
48.3000,39791.9079,1102.5180,2464.8193,3.4777,-0.0339,0.8602,100286.5070,-6368204.1082,
48.5500,40060.9941,1099.9460,2359.0321,3.4644,-0.0339,0.8515,100263.9089,-6368205.1438,
48.8000,40329.4264,1097.3829,2258.2909,3.4512,-0.0339,0.8429,100242.3043,-6368206.1383,
49.0500,40597.2068,1094.8281,2162.3304,3.4380,-0.0339,0.8344,100221.6448,-6368207.0937,
49.3000,40864.3372,1092.2815,2070.9007,3.4249,-0.0339,0.8260,100201.8845,-6368208.0116,
49.5500,41130.8196,1089.7425,1983.7661,3.4120,-0.0339,0.8176,100182.9800,-6368208.8937,
49.8000,41396.6557,1087.2110,1900.7046,3.3990,-0.0339,0.8093,100164.8902,-6368209.7417,
50.0500,41661.8472,1084.6865,1821.5064,3.3862,-0.0339,0.8011,100147.5762,-6368210.5571,
50.3000,41926.3958,1082.1687,1745.9738,3.3735,-0.0339,0.7929,100131.0011,-6368211.3412,
50.5500,42190.3030,1079.6575,1673.9202,3.3608,-0.0339,0.7849,100115.1299,-6368212.0955,
50.8000,42453.5704,1077.1525,1605.1691,3.3482,-0.0339,0.7768,100099.9296,-6368212.8212,
51.0500,42716.1993,1074.6534,1539.5542,3.3357,-0.0339,0.7689,100085.3686,-6368213.5196,
51.3000,42978.1912,1072.1600,1476.9180,3.3232,-0.0339,0.7610,100071.4173,-6368214.1918,
51.5500,43239.5473,1069.6721,1417.1119,3.3108,-0.0339,0.7532,100058.0472,-6368214.8391,
51.8000,43500.2689,1067.1895,1359.9952,3.2985,-0.0339,0.7454,100045.2317,-6368215.4623,
52.0500,43760.3572,1064.7119,1305.4350,3.2863,-0.0339,0.7377,100032.9452,-6368216.0627,
52.3000,44019.8133,1062.2392,1253.3055,3.2741,-0.0339,0.7301,100021.1635,-6368216.6410,
52.5500,44278.6384,1059.7711,1203.4877,3.2620,-0.0339,0.7226,100009.8636,-6368217.1983,
52.8000,44536.9435,1062.7981,1155.8689,3.2499,-0.0339,0.7144,99999.0238,-6368217.7354,
53.0500,44795.6097,1060.3400,1121.7749,3.2548,-0.0427,0.6999,100469.3049,-6368086.9292,
53.3000,45053.6478,1057.8861,1077.6578,3.2428,-0.0427,0.6855,100459.1864,-6368087.4546,
53.5500,45311.0585,1055.4363,1035.4674,3.2309,-0.0427,0.6713,100449.4756,-6368087.9612,
53.8000,45567.8430,1052.9903,995.1113,3.2191,-0.0427,0.6571,100440.1543,-6368088.4497,
54.0500,45824.0019,1050.5481,956.5019,3.2073,-0.0427,0.6431,100431.2051,-6368088.9210,
54.3000,46079.5362,1048.1095,919.5562,3.1956,-0.0427,0.6292,100422.6117,-6368089.3757,
54.5500,46334.4466,1045.6744,884.1954,3.1839,-0.0427,0.6155,100414.3583,-6368089.8144,
54.8000,46588.7339,1043.2427,850.3448,3.1723,-0.0427,0.6018,100406.4300,-6368090.2379,
55.0500,46842.3989,1040.8142,817.9336,3.1608,-0.0427,0.5883,100398.8128,-6368090.6467,
55.3000,47095.4423,1038.3895,766.0567,3.1500,-0.0427,0.5748,100391.5251,-6368091.0397,
55.5500,47347.8651,1035.9688,738.8817,3.1427,-0.0427,0.5615,100384.6706,-6368091.4111,
55.8000,47599.6680,1033.5509,712.7253,3.1353,-0.0427,0.5483,100378.0695,-6368091.7705,
56.0500,47850.8515,1031.1357,687.5473,3.1280,-0.0427,0.5353,100371.7121,-6368092.1183,
56.3000,48101.4164,1028.7230,663.3091,3.1207,-0.0427,0.5223,100365.5889,-6368092.4549,
56.5500,48351.3630,1026.3129,639.9739,3.1134,-0.0427,0.5094,100359.6908,-6368092.7807,
56.8000,48600.6920,1023.9051,617.5062,3.1061,-0.0427,0.4967,100354.0090,-6368093.0960,
57.0500,48849.4038,1021.4998,595.8721,3.0988,-0.0427,0.4840,100348.5353,-6368093.4013,
57.3000,49097.4990,1019.0967,575.0391,3.0915,-0.0427,0.4715,100343.2616,-6368093.6969,
57.5500,49344.9780,1016.6959,554.9759,3.0842,-0.0427,0.4590,100338.1803,-6368093.9831,
57.8000,49591.8413,1014.2973,535.6526,3.0769,-0.0427,0.4467,100333.2839,-6368094.2602,
58.0500,49838.0894,1011.9007,517.0405,3.0697,-0.0427,0.4345,100328.5653,-6368094.5286,
58.3000,50083.7227,1009.5063,499.1121,3.0624,-0.0427,0.4224,100324.0178,-6368094.7885,
58.5500,50328.7416,1007.1138,481.8409,3.0551,-0.0427,0.4103,100319.6349,-6368095.0402,
58.8000,50573.1464,1004.7233,465.2016,3.0479,-0.0427,0.3984,100315.4102,-6368095.2841,
59.0500,50816.9377,1002.3347,449.1698,3.0407,-0.0427,0.3866,100311.3378,-6368095.5203,
59.3000,51060.1158,999.9480,430.6021,3.0336,-0.0427,0.3749,100307.4128,-6368095.7491,
59.5500,51302.6811,997.5632,416.8374,3.0302,-0.0427,0.3633,100303.6516,-6368095.9694,
59.8000,51544.6340,995.1802,403.5115,3.0267,-0.0427,0.3518,100300.0185,-6368096.1833,
60.0500,51785.9747,992.7988,390.6104,3.0233,-0.0427,0.3404,100296.5091,-6368096.3910,
60.3000,52026.7037,990.4190,378.1206,3.0198,-0.0427,0.3290,100293.1194,-6368096.5926,
60.5500,52266.8212,988.0408,366.0290,3.0164,-0.0427,0.3178,100289.8451,-6368096.7883,
60.8000,52506.3276,985.6641,354.3231,3.0129,-0.0427,0.3067,100286.6824,-6368096.9782,
61.0500,52745.2230,983.2890,342.9905,3.0094,-0.0427,0.2956,100283.6276,-6368097.1627,
61.3000,52983.5079,980.9154,332.0194,3.0060,-0.0427,0.2847,100280.6769,-6368097.3417,
61.5500,53221.1825,978.5432,321.3983,3.0025,-0.0427,0.2738,100277.8268,-6368097.5155,
61.8000,53458.2470,976.1724,311.1160,2.9990,-0.0427,0.2631,100275.0739,-6368097.6843,
62.0500,53694.7017,973.8031,301.1619,2.9954,-0.0427,0.2524,100272.4149,-6368097.8481,
62.3000,53930.5470,971.4351,291.5255,2.9919,-0.0427,0.2418,100269.8467,-6368098.0071,
62.5500,54165.7830,969.0686,282.1966,2.9884,-0.0427,0.2314,100267.3661,-6368098.1615,
62.8000,54400.4099,966.7033,273.1655,2.9848,-0.0427,0.2210,100264.9702,-6368098.3114,
63.0500,54634.4281,964.3393,264.4228,2.9813,-0.0427,0.2106,100262.6560,-6368098.4570,
63.3000,54867.8378,961.9767,255.9592,2.9777,-0.0427,0.2004,100260.4209,-6368098.5982,
63.5500,55100.6391,959.6152,247.7660,2.9741,-0.0427,0.1903,100258.2621,-6368098.7354,
63.8000,55332.8323,957.2551,239.8344,2.9706,-0.0427,0.1802,100256.1771,-6368098.8686,
64.0500,55564.4176,954.8961,232.1562,2.9670,-0.0427,0.1703,100254.1632,-6368098.9979,
64.3000,55795.3952,952.5384,224.7232,2.9634,-0.0427,0.1604,100252.2182,-6368099.1234,
64.5500,56025.7654,950.1818,217.5278,2.9597,-0.0427,0.1506,100250.3396,-6368099.2453,
64.8000,56255.5282,947.8265,210.5624,2.9561,-0.0427,0.1409,100248.5253,-6368099.3636,
65.0500,56484.6840,945.4722,203.8196,2.9525,-0.0427,0.1313,100246.7730,-6368099.4785,
65.3000,56713.2329,943.1191,197.2923,2.9488,-0.0427,0.1217,100245.0806,-6368099.5900,
65.5500,56941.1750,940.7671,190.9737,2.9452,-0.0427,0.1122,100243.4460,-6368099.6983,
65.8000,57168.5107,938.4162,184.8571,2.9415,-0.0427,0.1028,100241.8674,-6368099.8034,
66.0500,57395.2399,936.0664,178.9361,2.9378,-0.0427,0.0935,100240.3428,-6368099.9055,
66.3000,57621.3630,933.7177,173.2045,2.9341,-0.0427,0.0843,100238.8703,-6368100.0047,
66.5500,57846.8800,931.3700,167.6563,2.9304,-0.0427,0.0752,100237.4482,-6368100.1009,
66.8000,58071.7911,929.0234,162.2855,2.9267,-0.0427,0.0661,100236.0748,-6368100.1943,
67.0500,58296.0966,926.6778,157.0866,2.9230,-0.0427,0.0571,100234.7484,-6368100.2851,
67.3000,58519.7965,924.3332,152.0541,2.9193,-0.0427,0.0482,100233.4674,-6368100.3732,
67.5500,58742.8910,921.9896,147.1826,2.9155,-0.0427,0.0393,100232.2303,-6368100.4587,
67.8000,58965.3802,919.6470,142.4670,2.9118,-0.0427,0.0306,100231.0355,-6368100.5418,
68.0500,59187.2643,917.3054,137.9024,2.9080,-0.0427,0.0219,100229.8817,-6368100.6224,
68.3000,59408.5434,914.9648,133.4840,2.9042,-0.0427,0.0132,100228.7674,-6368100.7007,
68.5500,59629.2177,912.6251,129.2070,2.9004,-0.0427,0.0047,100227.6912,-6368100.7768,
68.8000,59849.2873,910.2864,125.0670,2.8966,-0.0427,-0.0038,100226.6519,-6368100.8506,
69.0500,60068.7523,907.9487,121.0597,2.8928,-0.0427,-0.0122,100225.6483,-6368100.9223,
69.3000,60287.6128,905.6119,117.1806,2.8890,-0.0427,-0.0205,100224.6790,-6368100.9919,
69.5500,60505.8691,903.2760,113.4259,2.8851,-0.0427,-0.0288,100223.7430,-6368101.0595,
69.8000,60723.5211,900.9410,109.7914,2.8813,-0.0427,-0.0370,100222.8391,-6368101.1252,
70.0500,60940.5691,898.6069,106.2734,2.8774,-0.0427,-0.0451,100221.9661,-6368101.1889,
70.3000,61157.0130,896.2738,102.8682,2.8735,-0.0427,-0.0532,100221.1231,-6368101.2508,
70.5500,61372.8532,893.9415,99.5721,2.8696,-0.0427,-0.0611,100220.3090,-6368101.3110,
70.8000,61588.0896,891.6102,96.3816,2.8657,-0.0427,-0.0691,100219.5228,-6368101.3693,
71.0500,61802.7224,889.2797,93.2935,2.8618,-0.0427,-0.0769,100218.7636,-6368101.4260,
71.3000,62016.7516,886.9501,90.3043,2.8579,-0.0427,-0.0847,100218.0305,-6368101.4811,
71.5500,62230.1774,884.6214,87.4110,2.8539,-0.0427,-0.0924,100217.3225,-6368101.5346,
71.8000,62442.9999,882.2935,84.6104,2.8500,-0.0427,-0.1001,100216.6388,-6368101.5865,
72.0500,62655.2192,879.9666,81.8997,2.8460,-0.0427,-0.1077,100215.9785,-6368101.6369,
72.3000,62866.8354,877.6404,79.2760,2.8420,-0.0427,-0.1152,100215.3409,-6368101.6859,
72.5500,63077.8486,875.3152,76.7364,2.8380,-0.0427,-0.1226,100214.7252,-6368101.7335,
72.8000,63288.2588,872.9908,74.2782,2.8340,-0.0427,-0.1300,100214.1307,-6368101.7796,
73.0500,63498.0662,870.6672,71.8989,2.8300,-0.0427,-0.1374,100213.5565,-6368101.8245,
73.3000,63707.2709,868.3445,69.5960,2.8260,-0.0427,-0.1446,100213.0021,-6368101.8681,
73.5500,63915.8729,866.0226,67.3670,2.8219,-0.0427,-0.1519,100212.4667,-6368101.9104,
73.8000,64123.8724,863.7016,65.2095,2.8179,-0.0427,-0.1590,100211.9497,-6368101.9515,
74.0500,64331.2693,861.3813,63.1212,2.8138,-0.0427,-0.1661,100211.4504,-6368101.9914,
74.3000,64538.0639,859.0620,61.1000,2.8097,-0.0427,-0.1731,100210.9683,-6368102.0302,
74.5500,64744.2562,856.7434,59.1436,2.8056,-0.0427,-0.1801,100210.5028,-6368102.0679,
74.8000,64949.8462,854.4257,57.2500,2.8015,-0.0427,-0.1870,100210.0532,-6368102.1044,
75.0500,65154.8341,852.1088,55.4172,2.7974,-0.0427,-0.1938,100209.6191,-6368102.1400,
75.3000,65359.2199,849.7928,53.6433,2.7933,-0.0427,-0.2006,100209.1999,-6368102.1745,
75.5500,65563.0037,847.4775,51.9263,2.7891,-0.0427,-0.2074,100208.7951,-6368102.2080,
75.8000,65766.1856,845.1631,50.2644,2.7849,-0.0427,-0.2141,100208.4042,-6368102.2406,
76.0500,65968.7657,842.8495,48.6559,2.7808,-0.0427,-0.2207,100208.0267,-6368102.2722,
76.3000,66170.7440,840.5367,47.0991,2.7766,-0.0427,-0.2272,100207.6623,-6368102.3029,
76.5500,66372.1205,838.2248,45.5922,2.7724,-0.0427,-0.2338,100207.3103,-6368102.3328,
76.8000,66572.8955,835.9136,44.1338,2.7681,-0.0427,-0.2402,100206.9704,-6368102.3617,
77.0500,66773.0689,833.6033,42.7221,2.7639,-0.0427,-0.2466,100206.6423,-6368102.3899,
77.3000,66972.6408,831.2938,41.3558,2.7597,-0.0427,-0.2530,100206.3253,-6368102.4173,
77.5500,67171.6112,828.9852,40.0334,2.7554,-0.0427,-0.2592,100206.0193,-6368102.4438,
77.8000,67369.9803,826.6773,38.7535,2.7511,-0.0427,-0.2655,100205.7238,-6368102.4697,
78.0500,67567.7481,824.3702,37.5146,2.7468,-0.0427,-0.2717,100205.4385,-6368102.4948,
78.3000,67764.9147,822.0640,36.3156,2.7425,-0.0427,-0.2778,100205.1630,-6368102.5191,
78.5500,67961.4801,819.7586,35.1550,2.7382,-0.0427,-0.2839,100204.8969,-6368102.5428,
78.8000,68157.4444,817.4540,34.0318,2.7339,-0.0427,-0.2899,100204.6400,-6368102.5658,
79.0500,68352.8077,815.1503,32.9446,2.7295,-0.0427,-0.2959,100204.3919,-6368102.5882,
79.3000,68547.5700,812.8474,31.8923,2.7252,-0.0427,-0.3018,100204.1523,-6368102.6099,
79.5500,68741.7313,810.5453,30.8738,2.7208,-0.0427,-0.3077,100203.9210,-6368102.6310,
79.8000,68935.2918,808.2440,29.8881,2.7164,-0.0427,-0.3135,100203.6976,-6368102.6515,
80.0500,69128.2515,805.9435,28.9340,2.7120,-0.0427,-0.3193,100203.4819,-6368102.6714,
80.3000,69320.6104,803.6439,28.0105,2.7076,-0.0427,-0.3250,100203.2737,-6368102.6907,
80.5500,69512.3686,801.3451,27.1167,2.7032,-0.0427,-0.3307,100203.0725,-6368102.7095,
80.8000,69703.5262,799.0472,26.2516,2.6987,-0.0427,-0.3363,100202.8783,-6368102.7278,
81.0500,69894.0832,796.7500,25.4143,2.6943,-0.0427,-0.3419,100202.6908,-6368102.7456,
81.3000,70084.0397,794.4538,24.6039,2.6898,-0.0427,-0.3475,100202.5097,-6368102.7628,
81.5500,70273.3957,792.1583,23.8195,2.6853,-0.0427,-0.3530,100202.3348,-6368102.7796,
81.8000,70462.1512,789.8637,23.0603,2.6808,-0.0427,-0.3584,100202.1660,-6368102.7959,
82.0500,70650.3064,787.5700,22.3255,2.6763,-0.0427,-0.3638,100202.0029,-6368102.8117,
82.3000,70837.8613,785.2771,21.6142,2.6718,-0.0427,-0.3692,100201.8454,-6368102.8271,
82.5500,71024.8159,782.9851,20.9258,2.6672,-0.0427,-0.3745,100201.6934,-6368102.8421,
82.8000,71211.1703,780.6940,19.1142,2.6618,-0.0427,-0.3797,100201.5545,-6368102.8558,
83.0500,71396.9245,778.4038,18.4904,2.6563,-0.0427,-0.3849,100201.4208,-6368102.8691,
83.3000,71582.0787,776.1144,17.8875,2.6508,-0.0427,-0.3901,100201.2917,-6368102.8821,
83.5500,71766.6328,773.8260,17.3048,2.6453,-0.0427,-0.3952,100201.1672,-6368102.8947,
83.8000,71950.5869,771.5383,16.7416,2.6397,-0.0427,-0.4003,100201.0470,-6368102.9069,
84.0500,72133.9410,769.2516,16.1972,2.6342,-0.0427,-0.4054,100200.9309,-6368102.9187,
84.3000,72316.6952,766.9657,15.6709,2.6286,-0.0427,-0.4104,100200.8190,-6368102.9303,
84.5500,72498.8496,764.6807,15.1622,2.6230,-0.0427,-0.4153,100200.7109,-6368102.9415,
84.8000,72680.4041,762.3966,14.6705,2.6175,-0.0427,-0.4202,100200.6066,-6368102.9523,
85.0500,72861.3589,760.1134,14.1951,2.6119,-0.0427,-0.4251,100200.5059,-6368102.9629,
85.3000,73041.7139,757.8311,13.7356,2.6062,-0.0427,-0.4299,100200.4087,-6368102.9732,
85.5500,73221.4693,755.5496,13.2913,2.6006,-0.0427,-0.4347,100200.3150,-6368102.9831,
85.8000,73400.6250,753.2691,12.8619,2.5950,-0.0427,-0.4395,100200.2244,-6368102.9928,
86.0500,73579.1811,750.9895,12.4466,2.5894,-0.0427,-0.4442,100200.1370,-6368103.0023,
86.3000,73757.1376,748.7108,12.0452,2.5837,-0.0427,-0.4489,100200.0526,-6368103.0114,
86.5500,73934.4947,746.4330,11.6571,2.5780,-0.0427,-0.4535,100199.9712,-6368103.0203,
86.8000,74111.2522,744.1561,11.2819,2.5723,-0.0427,-0.4581,100199.8926,-6368103.0290,
87.0500,74287.4103,741.8802,10.9190,2.5667,-0.0427,-0.4626,100199.8167,-6368103.0374,
87.3000,74462.9691,739.6052,10.5682,2.5610,-0.0427,-0.4672,100199.7434,-6368103.0456,
87.5500,74637.9284,737.3311,10.2290,2.5552,-0.0427,-0.4716,100199.6727,-6368103.0535,
87.8000,74812.2885,735.0580,9.9010,2.5495,-0.0427,-0.4761,100199.6044,-6368103.0612,
88.0500,74986.0493,732.7858,9.5839,2.5438,-0.0427,-0.4805,100199.5384,-6368103.0687,
88.3000,75159.2108,730.5146,9.2772,2.5380,-0.0427,-0.4848,100199.4747,-6368103.0760,
88.5500,75331.7732,728.2443,8.9806,2.5323,-0.0427,-0.4892,100199.4133,-6368103.0831,
88.8000,75503.7364,725.9751,8.6938,2.5265,-0.0427,-0.4934,100199.3539,-6368103.0900,
89.0500,75675.1005,723.7068,8.4164,2.5207,-0.0427,-0.4977,100199.2966,-6368103.0967,
89.3000,75845.8655,721.4394,8.1482,2.5149,-0.0427,-0.5019,100199.2412,-6368103.1033,
89.5500,76016.0315,719.1731,7.8887,2.5091,-0.0427,-0.5061,100199.1878,-6368103.1096,
89.8000,76185.5984,716.9077,7.6378,2.5033,-0.0427,-0.5102,100199.1362,-6368103.1158,
90.0500,76354.5664,714.6434,7.3952,2.4974,-0.0427,-0.5144,100199.0863,-6368103.1218,
90.3000,76522.9355,712.3801,7.1605,2.4916,-0.0427,-0.5184,100199.0382,-6368103.1276,
90.5500,76690.7056,710.1177,6.9334,2.4857,-0.0427,-0.5225,100198.9917,-6368103.1333,
90.8000,76857.8770,707.8564,6.7139,2.4798,-0.0427,-0.5265,100198.9468,-6368103.1388,
91.0500,77024.4494,705.5962,6.5015,2.4740,-0.0427,-0.5304,100198.9034,-6368103.1442,
91.3000,77190.4231,703.3369,6.2960,2.4681,-0.0427,-0.5344,100198.8616,-6368103.1494,
91.5500,77355.7981,701.0787,6.0973,2.4622,-0.0427,-0.5383,100198.8211,-6368103.1545,
91.8000,77520.5743,698.8216,5.9050,2.4562,-0.0427,-0.5422,100198.7821,-6368103.1594,
92.0500,77684.7519,696.5655,5.7190,2.4503,-0.0427,-0.5460,100198.7443,-6368103.1642,
92.3000,77848.3308,694.3105,5.5391,2.4444,-0.0427,-0.5498,100198.7079,-6368103.1689,
92.5500,78011.3111,692.0566,5.3650,2.4384,-0.0427,-0.5536,100198.6727,-6368103.1735,
92.8000,78173.6928,689.8037,5.1966,2.4325,-0.0427,-0.5573,100198.6386,-6368103.1779,
93.0500,78335.4760,687.5520,5.0337,2.4265,-0.0427,-0.5610,100198.6058,-6368103.1822,
93.3000,78496.6607,685.3013,4.8760,2.4205,-0.0427,-0.5647,100198.5740,-6368103.1864,
93.5500,78657.2469,683.0517,4.7235,2.4145,-0.0427,-0.5684,100198.5434,-6368103.1905,
93.8000,78817.2346,680.8033,4.5759,2.4085,-0.0427,-0.5720,100198.5137,-6368103.1945,
94.0500,78976.6240,678.5560,4.4331,2.4025,-0.0427,-0.5756,100198.4851,-6368103.1984,
94.3000,79135.4149,676.3098,4.2949,2.3964,-0.0427,-0.5791,100198.4575,-6368103.2021,
94.5500,79293.6076,674.0648,4.1611,2.3904,-0.0427,-0.5827,100198.4307,-6368103.2058,
94.8000,79451.2019,671.8209,4.0317,2.3843,-0.0427,-0.5862,100198.4049,-6368103.2094,
95.0500,79608.1979,669.5782,3.9065,2.3783,-0.0427,-0.5896,100198.3800,-6368103.2129,
95.3000,79764.5957,667.3367,3.7853,2.3722,-0.0427,-0.5931,100198.3559,-6368103.2162,
95.5500,79920.3952,665.0963,3.6680,2.3661,-0.0427,-0.5965,100198.3326,-6368103.2195,
95.8000,80075.5966,662.8572,3.5545,2.3600,-0.0427,-0.5998,100198.3101,-6368103.2227,
96.0500,80230.1998,660.6192,3.4446,2.3539,-0.0427,-0.6032,100198.2883,-6368103.2259,
96.3000,80384.2049,658.3825,3.3383,2.3478,-0.0427,-0.6065,100198.2673,-6368103.2289,
96.5500,80537.6120,656.1470,3.2354,2.3417,-0.0427,-0.6098,100198.2470,-6368103.2319,
96.8000,80690.4209,653.9127,3.1357,2.3355,-0.0427,-0.6131,100198.2274,-6368103.2348,
97.0500,80842.6318,651.6796,3.0393,2.3294,-0.0427,-0.6163,100198.2084,-6368103.2376,
97.3000,80994.2448,649.4478,2.9460,2.3232,-0.0427,-0.6195,100198.1900,-6368103.2403,
97.5500,81145.2597,647.2173,2.8556,2.3170,-0.0427,-0.6227,100198.1723,-6368103.2430,
97.8000,81295.6767,644.9880,2.7681,2.3108,-0.0427,-0.6259,100198.1552,-6368103.2456,
98.0500,81445.4958,642.7601,2.6834,2.3046,-0.0427,-0.6290,100198.1386,-6368103.2481,
98.3000,81594.7171,640.5334,2.6014,2.2984,-0.0427,-0.6321,100198.1226,-6368103.2506,
98.5500,81743.3404,638.3081,2.5220,2.2922,-0.0427,-0.6352,100198.1072,-6368103.2530,
98.8000,81891.3660,636.0840,2.4452,2.2860,-0.0427,-0.6382,100198.0922,-6368103.2554,
99.0500,82038.7938,633.8613,2.3708,2.2797,-0.0427,-0.6413,100198.0777,-6368103.2576,
99.3000,82185.6238,631.6400,2.2987,2.2735,-0.0427,-0.6443,100198.0638,-6368103.2599,
99.5500,82331.8560,629.4200,2.2289,2.2672,-0.0427,-0.6472,100198.0502,-6368103.2620,
99.8000,82477.4906,627.2014,2.1614,2.2610,-0.0427,-0.6502,100198.0372,-6368103.2642,
100.0500,82622.5275,624.9842,2.0960,2.2547,-0.0427,-0.6531,100198.0245,-6368103.2662,
100.3000,82766.9667,622.7683,2.0326,2.2484,-0.0427,-0.6560,100198.0123,-6368103.2682,
100.5500,82910.8084,620.5539,1.9713,2.2421,-0.0427,-0.6589,100198.0005,-6368103.2702,
100.8000,83054.0524,618.3409,1.9118,2.2358,-0.0427,-0.6617,100197.9891,-6368103.2721,
101.0500,83196.6989,616.1293,1.8543,2.2295,-0.0427,-0.6646,100197.9781,-6368103.2740,
101.3000,83338.7478,613.9192,1.7986,2.2231,-0.0427,-0.6674,100197.9674,-6368103.2758,
101.5500,83480.1992,611.7106,1.7446,2.2168,-0.0427,-0.6701,100197.9571,-6368103.2776,
101.8000,83621.0532,609.5034,1.6923,2.2104,-0.0427,-0.6729,100197.9471,-6368103.2793,
102.0500,83761.3096,607.2977,1.6417,2.2041,-0.0427,-0.6756,100197.9374,-6368103.2810,
102.3000,83900.9687,605.0935,1.5926,2.1977,-0.0427,-0.6783,100197.9281,-6368103.2826,
102.5500,84040.0304,602.8909,1.5451,2.1913,-0.0427,-0.6810,100197.9191,-6368103.2842,
102.8000,84178.4947,600.6898,1.4990,2.1849,-0.0427,-0.6837,100197.9103,-6368103.2858,
103.0500,84316.3616,598.4902,1.4544,2.1785,-0.0427,-0.6863,100197.9019,-6368103.2873,
103.3000,84453.6312,596.2922,1.4112,2.1721,-0.0427,-0.6889,100197.8937,-6368103.2888,
103.5500,84590.3036,594.0958,1.3694,2.1657,-0.0427,-0.6915,100197.8858,-6368103.2903,
103.8000,84726.3786,591.9010,1.3288,2.1593,-0.0427,-0.6941,100197.8782,-6368103.2917,
104.0500,84861.8564,589.7078,1.2895,2.1528,-0.0427,-0.6967,100197.8708,-6368103.2931,
104.3000,84996.7371,587.5162,1.1777,2.1450,-0.0427,-0.6992,100197.8640,-6368103.2944,
104.5500,85131.0205,585.3263,1.1412,2.1370,-0.0427,-0.7017,100197.8575,-6368103.2956,
104.8000,85264.7067,583.1380,1.1060,2.1290,-0.0427,-0.7042,100197.8512,-6368103.2968,
105.0500,85397.7959,580.9515,1.0720,2.1211,-0.0427,-0.7066,100197.8451,-6368103.2980,
105.3000,85530.2879,578.7666,1.0391,2.1131,-0.0427,-0.7091,100197.8392,-6368103.2991,
105.5500,85662.1828,576.5834,1.0073,2.1051,-0.0427,-0.7115,100197.8335,-6368103.3003,
105.8000,85793.4807,574.4020,0.9766,2.0972,-0.0427,-0.7139,100197.8280,-6368103.3013,
106.0500,85924.1815,572.2223,0.9469,2.0892,-0.0427,-0.7163,100197.8227,-6368103.3024,
106.3000,86054.2853,570.0444,0.9182,2.0813,-0.0427,-0.7187,100197.8176,-6368103.3035,
106.5500,86183.7922,567.8683,0.8904,2.0733,-0.0427,-0.7210,100197.8126,-6368103.3045,
106.8000,86312.7021,565.6940,0.8635,2.0654,-0.0427,-0.7233,100197.8078,-6368103.3055,
107.0500,86441.0150,563.5215,0.8375,2.0575,-0.0427,-0.7256,100197.8032,-6368103.3064,
107.3000,86568.7310,561.3509,0.8124,2.0495,-0.0427,-0.7279,100197.7987,-6368103.3074,
107.5500,86695.8502,559.1821,0.7881,2.0416,-0.0427,-0.7302,100197.7944,-6368103.3083,
107.8000,86822.3725,557.0153,0.7646,2.0337,-0.0427,-0.7324,100197.7902,-6368103.3092,
108.0500,86948.2979,554.8503,0.7418,2.0258,-0.0427,-0.7347,100197.7861,-6368103.3101,
108.3000,87073.6265,552.6872,0.7198,2.0179,-0.0427,-0.7369,100197.7822,-6368103.3109,
108.5500,87198.3584,550.5261,0.6985,2.0101,-0.0427,-0.7391,100197.7784,-6368103.3118,
108.8000,87322.4934,548.3670,0.6779,2.0022,-0.0427,-0.7412,100197.7747,-6368103.3126,
109.0500,87446.0317,546.2099,0.6579,1.9943,-0.0427,-0.7434,100197.7712,-6368103.3134,
109.3000,87568.9733,544.0547,0.6386,1.9864,-0.0427,-0.7455,100197.7677,-6368103.3142,
109.5500,87691.3182,541.9017,0.6199,1.9786,-0.0427,-0.7476,100197.7644,-6368103.3149,
109.8000,87813.0665,539.7506,0.6018,1.9707,-0.0427,-0.7497,100197.7612,-6368103.3157,
110.0500,87934.2180,537.6017,0.5843,1.9629,-0.0427,-0.7518,100197.7581,-6368103.3164,
110.3000,88054.7730,535.4548,0.5673,1.9551,-0.0427,-0.7539,100197.7550,-6368103.3171,
110.5500,88174.7313,533.3101,0.5509,1.9472,-0.0427,-0.7559,100197.7521,-6368103.3178,
110.8000,88294.0930,531.1675,0.5350,1.9394,-0.0427,-0.7579,100197.7493,-6368103.3185,
111.0500,88412.8582,529.0271,0.5196,1.9316,-0.0427,-0.7600,100197.7466,-6368103.3192,
111.3000,88531.0269,526.8889,0.5047,1.9238,-0.0427,-0.7619,100197.7439,-6368103.3198,
111.5500,88648.5990,524.7530,0.4902,1.9160,-0.0427,-0.7639,100197.7414,-6368103.3205,
111.8000,88765.5746,522.6193,0.4762,1.9082,-0.0427,-0.7659,100197.7389,-6368103.3211,
112.0500,88881.9538,520.4878,0.4627,1.9004,-0.0427,-0.7678,100197.7365,-6368103.3217,
112.3000,88997.7365,518.3587,0.4495,1.8927,-0.0427,-0.7698,100197.7341,-6368103.3223,
112.5500,89112.9227,516.2319,0.4368,1.8849,-0.0427,-0.7717,100197.7319,-6368103.3229,
112.8000,89227.5126,514.1075,0.4245,1.8772,-0.0427,-0.7736,100197.7297,-6368103.3234,
113.0500,89341.5061,511.9854,0.4125,1.8694,-0.0427,-0.7754,100197.7276,-6368103.3240,
113.3000,89454.9032,509.8658,0.4010,1.8617,-0.0427,-0.7773,100197.7256,-6368103.3246,
113.5500,89567.7040,507.7486,0.3897,1.8540,-0.0427,-0.7791,100197.7236,-6368103.3251,
113.8000,89679.9084,505.6339,0.3789,1.8462,-0.0427,-0.7810,100197.7217,-6368103.3256,
114.0500,89791.5165,503.5217,0.3683,1.8385,-0.0427,-0.7828,100197.7198,-6368103.3261,
114.3000,89902.5284,501.4120,0.3581,1.8308,-0.0427,-0.7846,100197.7180,-6368103.3266,
114.5500,90012.9440,499.3049,0.3482,1.8231,-0.0427,-0.7864,100197.7163,-6368103.3271,
114.8000,90122.7633,497.2003,0.3386,1.8155,-0.0427,-0.7881,100197.7146,-6368103.3276,
115.0500,90231.9865,495.0984,0.3293,1.8078,-0.0427,-0.7899,100197.7129,-6368103.3281,
115.3000,90340.6134,492.9992,0.3202,1.8001,-0.0427,-0.7916,100197.7113,-6368103.3285,
115.5500,90448.6442,490.9026,0.3115,1.7925,-0.0427,-0.7934,100197.7098,-6368103.3290,
115.8000,90556.0788,488.8088,0.3030,1.7848,-0.0427,-0.7951,100197.7083,-6368103.3294,
116.0500,90662.9172,486.7177,0.2948,1.7772,-0.0427,-0.7968,100197.7069,-6368103.3299,
116.3000,90769.1595,484.6294,0.2868,1.7696,-0.0427,-0.7984,100197.7055,-6368103.3303,
116.5500,90874.8058,482.5440,0.2790,1.7620,-0.0427,-0.8001,100197.7041,-6368103.3307,
116.8000,90979.8559,480.4614,0.2715,1.7544,-0.0427,-0.8018,100197.7028,-6368103.3311,
117.0500,91084.3100,478.3817,0.2642,1.7468,-0.0427,-0.8034,100197.7016,-6368103.3315,
117.3000,91188.1681,476.3049,0.2571,1.7392,-0.0427,-0.8050,100197.7003,-6368103.3319,
117.5500,91291.4301,474.2311,0.2503,1.7316,-0.0427,-0.8066,100197.6991,-6368103.3323,
117.8000,91394.0962,472.1603,0.2436,1.7241,-0.0427,-0.8082,100197.6980,-6368103.3327,
118.0500,91496.1662,470.0925,0.2371,1.7165,-0.0427,-0.8098,100197.6968,-6368103.3330,
118.3000,91597.6403,468.0279,0.2309,1.7090,-0.0427,-0.8114,100197.6958,-6368103.3334,
118.5500,91698.5184,465.9663,0.2248,1.7015,-0.0427,-0.8130,100197.6947,-6368103.3337,
118.8000,91798.8006,463.9079,0.2188,1.6940,-0.0427,-0.8145,100197.6937,-6368103.3341,
119.0500,91898.4869,461.8527,0.2131,1.6865,-0.0427,-0.8160,100197.6927,-6368103.3344,
119.3000,91997.5773,459.8008,0.2075,1.6790,-0.0427,-0.8175,100197.6917,-6368103.3348,
119.5500,92096.0719,457.7522,0.2021,1.6715,-0.0427,-0.8190,100197.6908,-6368103.3351,
119.8000,92193.9706,455.7068,0.1969,1.6640,-0.0427,-0.8205,100197.6899,-6368103.3354,
120.0500,92291.2734,453.6649,0.1918,1.6566,-0.0427,-0.8220,100197.6890,-6368103.3357,
120.3000,92387.9805,451.6264,0.1868,1.6491,-0.0427,-0.8235,100197.6882,-6368103.3360,
120.5500,92484.0917,449.5913,0.1820,1.6417,-0.0427,-0.8249,100197.6874,-6368103.3364,
120.8000,92579.6072,447.5597,0.1773,1.6343,-0.0427,-0.8264,100197.6866,-6368103.3367,
121.0500,92674.5269,445.5317,0.1728,1.6269,-0.0427,-0.8278,100197.6858,-6368103.3369,
121.3000,92768.8508,443.5073,0.1684,1.6195,-0.0427,-0.8292,100197.6850,-6368103.3372,
121.5500,92862.5790,441.4866,0.1641,1.6121,-0.0427,-0.8306,100197.6843,-6368103.3375,
121.8000,92955.7115,439.4695,0.1599,1.6048,-0.0427,-0.8320,100197.6836,-6368103.3378,
122.0500,93048.2484,437.4562,0.1559,1.5974,-0.0427,-0.8334,100197.6829,-6368103.3381,
122.3000,93140.1895,435.4467,0.1520,1.5901,-0.0427,-0.8348,100197.6823,-6368103.3383,
122.5500,93231.5350,433.4411,0.1481,1.5828,-0.0427,-0.8361,100197.6816,-6368103.3386,
122.8000,93322.2848,431.4393,0.1444,1.5755,-0.0427,-0.8375,100197.6810,-6368103.3389,
123.0500,93412.4390,429.4415,0.1408,1.5682,-0.0427,-0.8388,100197.6804,-6368103.3391,
123.3000,93501.9976,427.4478,0.1373,1.5609,-0.0427,-0.8402,100197.6798,-6368103.3394,
123.5500,93590.9607,425.4580,0.1339,1.5536,-0.0427,-0.8415,100197.6793,-6368103.3396,
123.8000,93679.3281,423.4724,0.1306,1.5464,-0.0427,-0.8428,100197.6787,-6368103.3399,
124.0500,93767.1000,421.4910,0.1274,1.5392,-0.0427,-0.8441,100197.6782,-6368103.3401,
124.3000,93854.2763,419.5138,0.1243,1.5319,-0.0427,-0.8453,100197.6776,-6368103.3403,
124.5500,93940.8571,417.5409,0.1212,1.5247,-0.0427,-0.8466,100197.6771,-6368103.3406,
124.8000,94026.8424,415.5724,0.1183,1.5176,-0.0427,-0.8479,100197.6767,-6368103.3408,
125.0500,94112.2322,413.6083,0.1154,1.5104,-0.0427,-0.8491,100197.6762,-6368103.3410,
125.3000,94197.0265,411.6486,0.1126,1.5032,-0.0427,-0.8504,100197.6757,-6368103.3412,
125.5500,94281.2254,409.6935,0.1099,1.4961,-0.0427,-0.8516,100197.6753,-6368103.3414,
125.8000,94364.8288,407.7430,0.1072,1.4890,-0.0427,-0.8528,100197.6749,-6368103.3417,
126.0500,94447.8368,405.7972,0.1046,1.4819,-0.0427,-0.8540,100197.6744,-6368103.3419,
126.3000,94530.2494,403.8561,0.1021,1.4748,-0.0427,-0.8552,100197.6740,-6368103.3421,
126.5500,94612.0665,401.9197,0.0997,1.4677,-0.0427,-0.8564,100197.6736,-6368103.3423,
126.8000,94693.2883,399.9883,0.0973,1.4607,-0.0427,-0.8576,100197.6733,-6368103.3425,
127.0500,94773.9147,398.0618,0.0950,1.4536,-0.0427,-0.8587,100197.6729,-6368103.3427,
127.3000,94853.9457,396.1403,0.0928,1.4466,-0.0427,-0.8599,100197.6725,-6368103.3429,
127.5500,94933.3814,394.2239,0.0906,1.4396,-0.0427,-0.8610,100197.6722,-6368103.3430,
127.8000,95012.2218,392.3126,0.0885,1.4327,-0.0427,-0.8622,100197.6718,-6368103.3432,
128.0500,95090.4669,390.4066,0.0864,1.4257,-0.0427,-0.8633,100197.6715,-6368103.3434,
128.3000,95168.1166,388.5059,0.0844,1.4188,-0.0427,-0.8644,100197.6712,-6368103.3436,
128.5500,95245.1711,386.6105,0.0825,1.4118,-0.0427,-0.8655,100197.6709,-6368103.3438,
128.8000,95321.6303,384.7206,0.0806,1.4049,-0.0427,-0.8666,100197.6706,-6368103.3439,
129.0500,95397.4943,382.8362,0.0787,1.3981,-0.0427,-0.8677,100197.6703,-6368103.3441,
129.3000,95472.7630,380.9575,0.0769,1.3912,-0.0427,-0.8688,100197.6700,-6368103.3443,
129.5500,95547.4365,379.0845,0.0751,1.3844,-0.0427,-0.8699,100197.6698,-6368103.3445,
129.8000,95621.5148,377.2172,0.0734,1.3776,-0.0427,-0.8709,100197.6695,-6368103.3446,
130.0500,95694.9978,375.3558,0.0718,1.3708,-0.0427,-0.8720,100197.6692,-6368103.3448,
130.3000,95767.8857,373.5004,0.0702,1.3640,-0.0427,-0.8730,100197.6690,-6368103.3449,
130.5500,95840.1784,371.6510,0.0686,1.3572,-0.0427,-0.8740,100197.6687,-6368103.3451,
130.8000,95911.8760,369.8077,0.0670,1.3505,-0.0427,-0.8751,100197.6685,-6368103.3453,
131.0500,95982.9784,367.9707,0.0655,1.3438,-0.0427,-0.8761,100197.6683,-6368103.3454,
131.3000,96053.4857,366.1400,0.0641,1.3371,-0.0427,-0.8771,100197.6681,-6368103.3456,
131.5500,96123.3978,364.3157,0.0627,1.3305,-0.0427,-0.8781,100197.6679,-6368103.3457,
131.8000,96192.7149,362.4979,0.0613,1.3238,-0.0427,-0.8791,100197.6677,-6368103.3459,
132.0500,96261.4368,360.6867,0.0599,1.3172,-0.0427,-0.8801,100197.6675,-6368103.3460,
132.3000,96329.5637,358.8822,0.0586,1.3106,-0.0427,-0.8810,100197.6673,-6368103.3461,
132.5500,96397.0955,357.0844,0.0574,1.3041,-0.0427,-0.8820,100197.6671,-6368103.3463,
132.8000,96464.0322,355.2936,0.0561,1.2975,-0.0427,-0.8830,100197.6669,-6368103.3464,
133.0500,96530.3739,353.5098,0.0549,1.2910,-0.0427,-0.8839,100197.6667,-6368103.3466,
133.3000,96596.1206,351.7332,0.0537,1.2845,-0.0427,-0.8849,100197.6665,-6368103.3467,
133.5500,96661.2722,349.9637,0.0526,1.2781,-0.0427,-0.8858,100197.6664,-6368103.3468,
133.8000,96725.8288,348.2015,0.0514,1.2716,-0.0427,-0.8867,100197.6662,-6368103.3470,
134.0500,96789.7905,346.4468,0.0504,1.2652,-0.0427,-0.8876,100197.6661,-6368103.3471,
134.3000,96853.1571,344.6997,0.0493,1.2588,-0.0427,-0.8886,100197.6659,-6368103.3472,
134.5500,96915.9288,342.9602,0.0483,1.2525,-0.0427,-0.8895,100197.6658,-6368103.3473,
134.8000,96978.1055,341.2285,0.0472,1.2462,-0.0427,-0.8904,100197.6656,-6368103.3475,
135.0500,97039.6873,339.5047,0.0463,1.2399,-0.0427,-0.8912,100197.6655,-6368103.3476,
135.3000,97100.6741,337.7889,0.0453,1.2336,-0.0427,-0.8921,100197.6654,-6368103.3477,
135.5500,97161.0660,336.0812,0.0444,1.2274,-0.0427,-0.8930,100197.6652,-6368103.3478,
135.8000,97220.8630,334.3818,0.0435,1.2212,-0.0427,-0.8939,100197.6651,-6368103.3480,
136.0500,97280.0651,332.6908,0.0426,1.2150,-0.0427,-0.8947,100197.6650,-6368103.3481,
136.3000,97338.6723,331.0083,0.0417,1.2088,-0.0427,-0.8956,100197.6649,-6368103.3482,
136.5500,97396.6846,329.3344,0.0409,1.2027,-0.0427,-0.8964,100197.6648,-6368103.3483,
136.8000,97454.1020,327.6693,0.0400,1.1966,-0.0427,-0.8972,100197.6647,-6368103.3484,
137.0500,97510.9246,326.0132,0.0392,1.1906,-0.0427,-0.8981,100197.6645,-6368103.3485,
137.3000,97567.1523,324.3660,0.0385,1.1846,-0.0427,-0.8989,100197.6644,-6368103.3486,
137.5500,97622.7852,322.7281,0.0377,1.1786,-0.0427,-0.8997,100197.6643,-6368103.3487,
137.8000,97677.8232,321.0994,0.0370,1.1726,-0.0427,-0.9005,100197.6643,-6368103.3488,
138.0500,97732.2664,319.4803,0.0362,1.1667,-0.0427,-0.9013,100197.6642,-6368103.3490,
138.3000,97786.1149,317.8707,0.0355,1.1609,-0.0427,-0.9021,100197.6641,-6368103.3491,
138.5500,97839.3685,316.2709,0.0348,1.1550,-0.0427,-0.9029,100197.6640,-6368103.3492,
138.8000,97892.0273,314.6810,0.0342,1.1492,-0.0427,-0.9037,100197.6639,-6368103.3493,
139.0500,97944.0913,313.1011,0.0335,1.1434,-0.0427,-0.9045,100197.6638,-6368103.3494,
139.3000,97995.5606,311.5314,0.0329,1.1377,-0.0427,-0.9052,100197.6637,-6368103.3495,
139.5500,98046.4351,309.9721,0.0323,1.1320,-0.0427,-0.9060,100197.6637,-6368103.3496,
139.8000,98096.7149,308.4233,0.0317,1.1263,-0.0427,-0.9067,100197.6636,-6368103.3497,
140.0500,98146.3999,306.8851,0.0311,1.1207,-0.0427,-0.9075,100197.6635,-6368103.3498,
140.3000,98195.4901,305.3578,0.0305,1.1151,-0.0427,-0.9082,100197.6635,-6368103.3499,
140.5500,98243.9857,303.8415,0.0299,1.1096,-0.0427,-0.9090,100197.6634,-6368103.3500,
140.8000,98291.8865,302.3363,0.0294,1.1041,-0.0427,-0.9097,100197.6633,-6368103.3501,
141.0500,98339.1926,300.8424,0.0289,1.0986,-0.0427,-0.9104,100197.6633,-6368103.3501,
141.3000,98385.9041,299.3600,0.0283,1.0932,-0.0427,-0.9111,100197.6632,-6368103.3502,
141.5500,98432.0208,297.8893,0.0278,1.0879,-0.0427,-0.9119,100197.6632,-6368103.3503,
141.8000,98477.5428,296.4304,0.0273,1.0825,-0.0427,-0.9126,100197.6631,-6368103.3504,
142.0500,98522.4702,294.9835,0.0269,1.0772,-0.0427,-0.9133,100197.6630,-6368103.3505,
142.3000,98566.8029,293.5488,0.0264,1.0720,-0.0427,-0.9140,100197.6630,-6368103.3506,
142.5500,98610.5410,292.1265,0.0259,1.0668,-0.0427,-0.9146,100197.6629,-6368103.3507,
142.8000,98653.6844,290.7167,0.0255,1.0616,-0.0427,-0.9153,100197.6629,-6368103.3508,
143.0500,98696.2331,289.3196,0.0251,1.0565,-0.0427,-0.9160,100197.6629,-6368103.3509,
143.3000,98738.1873,287.9354,0.0246,1.0515,-0.0427,-0.9167,100197.6628,-6368103.3509,
143.5500,98779.5468,286.5643,0.0242,1.0465,-0.0427,-0.9173,100197.6628,-6368103.3510,
143.8000,98820.3117,285.2065,0.0238,1.0415,-0.0427,-0.9180,100197.6627,-6368103.3511,
144.0500,98860.4819,283.8621,0.0234,1.0366,-0.0427,-0.9186,100197.6627,-6368103.3512,
144.3000,98900.0576,282.5315,0.0230,1.0317,-0.0427,-0.9193,100197.6627,-6368103.3513,
144.5500,98939.0387,281.2146,0.0227,1.0269,-0.0427,-0.9199,100197.6626,-6368103.3513,
144.8000,98977.4252,279.9119,0.0223,1.0221,-0.0427,-0.9206,100197.6626,-6368103.3514,
145.0500,99015.2171,278.6233,0.0220,1.0174,-0.0427,-0.9212,100197.6626,-6368103.3515,
145.3000,99052.4144,277.3492,0.0216,1.0128,-0.0427,-0.9218,100197.6625,-6368103.3516,
145.5500,99089.0172,276.0898,0.0213,1.0082,-0.0427,-0.9225,100197.6625,-6368103.3516,
145.8000,99125.0254,274.8451,0.0209,1.0036,-0.0427,-0.9231,100197.6625,-6368103.3517,
146.0500,99160.4390,273.6156,0.0206,0.9991,-0.0427,-0.9237,100197.6625,-6368103.3518,
146.3000,99195.2581,272.4012,0.0203,0.9947,-0.0427,-0.9243,100197.6624,-6368103.3518,
146.5500,99229.4827,271.2024,0.0200,0.9903,-0.0427,-0.9249,100197.6624,-6368103.3519,
146.8000,99263.1127,270.0191,0.0197,0.9860,-0.0427,-0.9255,100197.6624,-6368103.3520,
147.0500,99296.1482,268.8518,0.0194,0.9817,-0.0427,-0.9261,100197.6624,-6368103.3520,
147.3000,99328.5892,267.7005,0.0192,0.9775,-0.0427,-0.9267,100197.6624,-6368103.3521,
147.5500,99360.4356,266.5655,0.0189,0.9733,-0.0427,-0.9272,100197.6623,-6368103.3521,
147.8000,99391.6876,265.4469,0.0186,0.9692,-0.0427,-0.9278,100197.6623,-6368103.3522,
148.0500,99422.3450,264.3451,0.0184,0.9652,-0.0427,-0.9284,100197.6623,-6368103.3522,
148.3000,99452.4079,263.2601,0.0181,0.9612,-0.0427,-0.9289,100197.6623,-6368103.3523,
148.5500,99481.8764,262.1923,0.0179,0.9573,-0.0427,-0.9295,100197.6623,-6368103.3523,
148.8000,99510.7503,261.1417,0.0177,0.9535,-0.0427,-0.9301,100197.6623,-6368103.3524,
149.0500,99539.0298,260.1087,0.0174,0.9497,-0.0427,-0.9306,100197.6623,-6368103.3524,
149.3000,99566.7148,259.0935,0.0172,0.9460,-0.0427,-0.9312,100197.6622,-6368103.3525,
149.5500,99593.8053,258.0961,0.0170,0.9423,-0.0427,-0.9317,100197.6622,-6368103.3525,
149.8000,99620.3014,257.1170,0.0168,0.9387,-0.0427,-0.9322,100197.6622,-6368103.3526,
150.0500,99646.2030,256.1561,0.0166,0.9352,-0.0427,-0.9328,100197.6622,-6368103.3526,
150.3000,99671.5101,255.2139,0.0164,0.9318,-0.0427,-0.9333,100197.6622,-6368103.3527,
150.5500,99696.2228,254.2904,0.0162,0.9284,-0.0427,-0.9338,100197.6622,-6368103.3527,
150.7500,99715.5649,253.5653,0.0161,0.9257,-0.0427,-0.9342,100197.6622,-6368103.3527,
151.0000,99739.2076,252.6761,0.0159,0.9225,-0.0427,-0.9348,100197.6622,-6368103.3528,
151.2500,99762.2558,251.8063,0.0157,0.9193,-0.0427,-0.9353,100197.6622,-6368103.3528,
151.5000,99784.7096,250.9560,0.0155,0.9162,-0.0427,-0.9358,100197.6622,-6368103.3529,
151.7500,99806.5690,250.1254,0.0154,0.9131,-0.0427,-0.9363,100197.6622,-6368103.3529,
152.0000,99827.8339,249.3148,0.0152,0.9102,-0.0427,-0.9368,100197.6622,-6368103.3529,
152.2500,99848.5044,248.5243,0.0151,0.9073,-0.0427,-0.9373,100197.6622,-6368103.3530,
152.5000,99868.5805,247.7541,0.0149,0.9044,-0.0427,-0.9378,100197.6622,-6368103.3530,
152.7500,99888.0622,247.0045,0.0148,0.9017,-0.0427,-0.9382,100197.6621,-6368103.3531,
153.0000,99906.9494,246.2755,0.0146,0.8990,-0.0427,-0.9387,100197.6621,-6368103.3531,
153.2500,99925.2423,245.5674,0.0145,0.8964,-0.0427,-0.9392,100197.6621,-6368103.3531,
153.5000,99942.9407,244.8804,0.0144,0.8939,-0.0427,-0.9397,100197.6621,-6368103.3532,
153.7500,99960.0447,244.2146,0.0143,0.8914,-0.0427,-0.9401,100197.6621,-6368103.3532,
154.0000,99976.5543,243.5703,0.0141,0.8891,-0.0427,-0.9406,100197.6621,-6368103.3532,
154.2500,99992.4696,242.9475,0.0140,0.8868,-0.0427,-0.9411,100197.6621,-6368103.3533,
154.5000,100007.7904,242.3465,0.0139,0.8846,-0.0427,-0.9415,100197.6621,-6368103.3533,
154.7500,100022.5169,241.7674,0.0138,0.8825,-0.0427,-0.9420,100197.6621,-6368103.3533,
155.0000,100036.6489,241.2103,0.0137,0.8804,-0.0427,-0.9424,100197.6621,-6368103.3534,
155.2500,100050.1866,240.6755,0.0136,0.8784,-0.0427,-0.9429,100197.6621,-6368103.3534,
155.5000,100063.1299,240.1631,0.0135,0.8765,-0.0427,-0.9433,100197.6621,-6368103.3534,
155.7500,100075.4788,239.6731,0.0134,0.8747,-0.0427,-0.9438,100197.6621,-6368103.3534,
156.0000,100087.2333,239.2058,0.0134,0.8730,-0.0427,-0.9442,100197.6621,-6368103.3535,
156.2500,100098.3935,238.7613,0.0133,0.8714,-0.0427,-0.9446,100197.6621,-6368103.3535,
156.5000,100108.9592,238.3397,0.0132,0.8698,-0.0427,-0.9451,100197.6621,-6368103.3535,
156.7500,100118.9306,237.9412,0.0131,0.8684,-0.0427,-0.9455,100197.6621,-6368103.3536,
157.0000,100128.3076,237.5658,0.0131,0.8670,-0.0427,-0.9459,100197.6621,-6368103.3536,
157.2500,100137.0903,237.2136,0.0130,0.8657,-0.0427,-0.9463,100197.6621,-6368103.3536,
157.5000,100145.2786,236.8848,0.0130,0.8645,-0.0427,-0.9467,100197.6621,-6368103.3536,
157.7500,100152.8725,236.5795,0.0129,0.8633,-0.0427,-0.9471,100197.6621,-6368103.3537,
158.0000,100159.8721,236.2977,0.0129,0.8623,-0.0427,-0.9475,100197.6621,-6368103.3537,
158.2500,100166.2773,236.0396,0.0128,0.8613,-0.0427,-0.9479,100197.6621,-6368103.3537,
158.5000,100172.0881,235.8051,0.0128,0.8604,-0.0427,-0.9483,100197.6621,-6368103.3538,
158.7500,100177.3046,235.5945,0.0128,0.8597,-0.0427,-0.9487,100197.6621,-6368103.3538,
159.0000,100181.9267,235.4077,0.0127,0.8590,-0.0427,-0.9491,100197.6621,-6368103.3538,
159.2500,100185.9544,235.2447,0.0127,0.8584,-0.0427,-0.9495,100197.6621,-6368103.3538,
159.5000,100189.3878,235.1058,0.0127,0.8578,-0.0427,-0.9499,100197.6621,-6368103.3539,
159.7500,100192.2268,234.9908,0.0126,0.8574,-0.0427,-0.9503,100197.6621,-6368103.3539,
160.0000,100194.4715,234.8999,0.0126,0.8570,-0.0427,-0.9507,100197.6621,-6368103.3539,
160.2500,100196.1218,234.8330,0.0126,0.8568,-0.0427,-0.9511,100197.6621,-6368103.3539,
160.5000,100197.1778,234.7902,0.0126,0.8566,-0.0427,-0.9514,100197.6621,-6368103.3540,
160.7500,100197.6394,234.7715,0.0126,0.8565,-0.0427,-0.9518,100197.6621,-6368103.3540,
161.0000,100197.5066,234.7769,0.0126,0.8565,-0.0427,-0.9522,100197.6621,-6368103.3540,
161.2500,100196.7795,234.8063,0.0126,0.8566,-0.0427,-0.9525,100197.6621,-6368103.3540,
161.5000,100195.4580,234.8599,0.0126,0.8568,-0.0427,-0.9529,100197.6621,-6368103.3541,
161.7500,100193.5422,234.9375,0.0126,0.8571,-0.0427,-0.9532,100197.6621,-6368103.3541,
162.0000,100191.0320,235.0392,0.0126,0.8574,-0.0427,-0.9536,100197.6621,-6368103.3541,
162.2500,100187.9275,235.1649,0.0127,0.8578,-0.0427,-0.9539,100197.6621,-6368103.3541,
162.5000,100184.2286,235.3146,0.0127,0.8584,-0.0427,-0.9543,100197.6621,-6368103.3542,
162.7500,100179.9353,235.4881,0.0127,0.8590,-0.0427,-0.9546,100197.6621,-6368103.3542,
163.0000,100175.0477,235.6856,0.0128,0.8597,-0.0427,-0.9550,100197.6621,-6368103.3542,
163.2500,100169.5657,235.9069,0.0128,0.8605,0.0873,-0.9553,100197.6621,-6368103.3543,
163.5000,100163.4893,236.1519,0.0128,0.8614,0.0873,-0.9557,100197.6621,-6368103.3543,
163.7500,100156.8186,236.4207,0.0129,0.8623,0.0873,-0.9560,100197.6621,-6368103.3543,
164.0000,100149.5535,236.7130,0.0129,0.8634,0.0873,-0.9563,100197.6621,-6368103.3543,
164.2500,100141.6941,237.0288,0.0130,0.8645,0.0873,-0.9567,100197.6621,-6368103.3544,
164.5000,100133.2403,237.3680,0.0130,0.8657,0.0873,-0.9570,100197.6621,-6368103.3544,
164.7500,100124.1921,237.7306,0.0131,0.8670,0.0873,-0.9573,100197.6621,-6368103.3544,
165.0000,100114.5496,238.1163,0.0131,0.8684,0.0873,-0.9576,100197.6621,-6368103.3544,
165.2500,100104.3127,238.5252,0.0132,0.8699,0.0873,-0.9579,100197.6621,-6368103.3545,
165.5000,100093.4814,238.9570,0.0133,0.8715,0.0873,-0.9583,100197.6621,-6368103.3545,
165.7500,100082.0557,239.4117,0.0134,0.8731,0.0873,-0.9586,100197.6621,-6368103.3545,
166.0000,100070.0356,239.8892,0.0134,0.8748,0.0873,-0.9589,100197.6621,-6368103.3546,
166.2500,100057.4212,240.3892,0.0135,0.8766,0.0873,-0.9592,100197.6621,-6368103.3546,
166.5000,100044.2124,240.9116,0.0136,0.8785,0.0873,-0.9595,100197.6621,-6368103.3546,
166.7500,100030.4092,241.4564,0.0137,0.8805,0.0873,-0.9598,100197.6621,-6368103.3547,
167.0000,100016.0116,242.0233,0.0138,0.8825,0.0873,-0.9601,100197.6621,-6368103.3547,
167.2500,100001.0196,242.6122,0.0139,0.8847,0.0873,-0.9604,100197.6621,-6368103.3547,
167.5000,99985.4333,243.2230,0.0140,0.8869,0.0873,-0.9607,100197.6621,-6368103.3547,
167.7500,99969.2525,243.8554,0.0141,0.8892,0.0873,-0.9610,100197.6621,-6368103.3548,
168.0000,99952.4773,244.5094,0.0143,0.8916,0.0873,-0.9613,100197.6621,-6368103.3548,
168.2500,99935.1078,245.1846,0.0144,0.8940,0.0873,-0.9615,100197.6621,-6368103.3548,
168.5000,99917.1438,245.8811,0.0145,0.8965,0.0873,-0.9618,100197.6621,-6368103.3549,
168.7500,99898.5854,246.5985,0.0146,0.8991,0.0873,-0.9621,100197.6621,-6368103.3549,
169.0000,99879.4326,247.3367,0.0148,0.9018,0.0873,-0.9624,100197.6621,-6368103.3550,
169.2500,99859.6854,248.0956,0.0149,0.9046,0.0873,-0.9627,100197.6621,-6368103.3550,
169.5000,99839.3438,248.8748,0.0151,0.9074,0.0873,-0.9629,100197.6621,-6368103.3550,
169.7500,99818.4078,249.6743,0.0152,0.9103,0.0873,-0.9632,100197.6621,-6368103.3551,
170.0000,99796.8773,250.4939,0.0154,0.9133,0.0873,-0.9635,100197.6621,-6368103.3551,
170.2500,99774.7524,251.3333,0.0155,0.9163,0.0873,-0.9638,100197.6621,-6368103.3551,
170.5000,99752.0330,252.1923,0.0157,0.9194,0.0873,-0.9640,100197.6620,-6368103.3552,
170.7500,99728.7193,253.0708,0.0159,0.9226,0.0873,-0.9643,100197.6620,-6368103.3552,
171.0000,99704.8110,253.9686,0.0161,0.9259,0.0873,-0.9645,100197.6620,-6368103.3553,
171.2500,99680.3084,254.8854,0.0162,0.9292,0.0873,-0.9648,100197.6620,-6368103.3553,
171.5000,99655.2113,255.8210,0.0164,0.9326,0.0873,-0.9651,100197.6620,-6368103.3553,
171.7500,99629.5197,256.7753,0.0166,0.9361,0.0873,-0.9653,100197.6620,-6368103.3554,
172.0000,99603.2336,257.7480,0.0168,0.9396,0.0873,-0.9656,100197.6620,-6368103.3554,
172.2500,99576.3531,258.7389,0.0170,0.9432,0.0873,-0.9658,100197.6620,-6368103.3555,
172.5000,99548.8782,259.7479,0.0173,0.9469,0.0873,-0.9661,100197.6620,-6368103.3555,
172.7500,99520.8087,260.7747,0.0175,0.9506,0.0873,-0.9663,100197.6620,-6368103.3556,
173.0000,99492.1448,261.8190,0.0177,0.9544,0.0873,-0.9666,100197.6620,-6368103.3556,
173.2500,99462.8864,262.8808,0.0180,0.9583,0.0873,-0.9668,100197.6619,-6368103.3557,
173.5000,99433.0335,263.9597,0.0182,0.9622,0.0873,-0.9670,100197.6619,-6368103.3557,
173.7500,99402.5861,265.0556,0.0184,0.9662,0.0873,-0.9673,100197.6619,-6368103.3558,
174.0000,99371.5441,266.1683,0.0187,0.9702,0.0873,-0.9675,100197.6619,-6368103.3558,
174.2500,99339.9077,267.2975,0.0190,0.9743,0.0873,-0.9677,100197.6619,-6368103.3559,
174.5000,99307.6768,268.4431,0.0192,0.9785,0.0873,-0.9680,100197.6619,-6368103.3560,
174.7500,99274.8513,269.6048,0.0195,0.9827,0.0873,-0.9682,100197.6619,-6368103.3560,
175.0000,99241.4314,270.7824,0.0198,0.9870,0.0873,-0.9684,100197.6618,-6368103.3561,
175.2500,99207.4168,271.9758,0.0201,0.9914,0.0873,-0.9687,100197.6618,-6368103.3561,
175.5000,99172.8078,273.1847,0.0204,0.9958,0.0873,-0.9689,100197.6618,-6368103.3562,
175.7500,99137.6042,274.4089,0.0207,1.0002,0.0873,-0.9691,100197.6618,-6368103.3563,
176.0000,99101.8061,275.6482,0.0210,1.0047,0.0873,-0.9693,100197.6617,-6368103.3563,
176.2500,99065.4134,276.9024,0.0214,1.0093,0.0873,-0.9695,100197.6617,-6368103.3564,
176.5000,99028.4261,278.1713,0.0217,1.0139,0.0873,-0.9698,100197.6617,-6368103.3565,
176.7500,98990.8442,279.4548,0.0220,1.0186,0.0873,-0.9700,100197.6617,-6368103.3565,
177.0000,98952.6678,280.7526,0.0224,1.0233,0.0873,-0.9702,100197.6616,-6368103.3566,
177.2500,98913.8968,282.0644,0.0228,1.0281,0.0873,-0.9704,100197.6616,-6368103.3567,
177.5000,98874.5312,283.3902,0.0231,1.0329,0.0873,-0.9706,100197.6616,-6368103.3568,
177.7500,98834.5710,284.7298,0.0235,1.0378,0.0873,-0.9708,100197.6615,-6368103.3568,
178.0000,98794.0162,286.0828,0.0239,1.0427,0.0873,-0.9710,100197.6615,-6368103.3569,
178.2500,98752.8668,287.4493,0.0243,1.0477,0.0873,-0.9712,100197.6614,-6368103.3570,
178.5000,98711.1228,288.8288,0.0247,1.0527,0.0873,-0.9714,100197.6614,-6368103.3571,
178.7500,98668.7841,290.2214,0.0252,1.0578,0.0873,-0.9716,100197.6614,-6368103.3572,
179.0000,98625.8508,291.6267,0.0256,1.0629,0.0873,-0.9718,100197.6613,-6368103.3573,
179.2500,98582.3229,293.0446,0.0260,1.0681,0.0873,-0.9720,100197.6613,-6368103.3573,
179.5000,98538.2003,294.4750,0.0265,1.0733,0.0873,-0.9722,100197.6612,-6368103.3574,
179.7500,98493.4830,295.9176,0.0270,1.0785,0.0873,-0.9724,100197.6612,-6368103.3575,
180.0000,98448.1711,297.3722,0.0275,1.0838,0.0873,-0.9726,100197.6611,-6368103.3576,
180.2500,98402.2644,298.8388,0.0280,1.0892,0.0873,-0.9728,100197.6611,-6368103.3577,
180.5000,98355.7632,300.3171,0.0285,1.0946,0.0873,-0.9730,100197.6610,-6368103.3578,
180.7500,98308.6672,301.8069,0.0290,1.1000,0.0873,-0.9732,100197.6609,-6368103.3579,
181.0000,98260.9765,303.3081,0.0295,1.1055,0.0873,-0.9734,100197.6609,-6368103.3580,
181.2500,98212.6911,304.8205,0.0301,1.1110,0.0873,-0.9735,100197.6608,-6368103.3581,
181.5000,98163.8109,306.3439,0.0306,1.1165,0.0873,-0.9737,100197.6607,-6368103.3582,
181.7500,98114.3361,307.8783,0.0312,1.1221,0.0873,-0.9739,100197.6607,-6368103.3583,
182.0000,98064.2665,309.4233,0.0318,1.1277,0.0873,-0.9741,100197.6606,-6368103.3584,
182.2500,98013.6021,310.9789,0.0324,1.1334,0.0873,-0.9743,100197.6605,-6368103.3585,
182.5000,97962.3430,312.5450,0.0330,1.1391,0.0873,-0.9744,100197.6605,-6368103.3586,
182.7500,97910.4892,314.1213,0.0337,1.1448,0.0873,-0.9746,100197.6604,-6368103.3587,
183.0000,97858.0405,315.7076,0.0343,1.1506,0.0873,-0.9748,100197.6603,-6368103.3588,
183.2500,97804.9971,317.3040,0.0350,1.1564,0.0873,-0.9750,100197.6602,-6368103.3589,
183.5000,97751.3589,318.9101,0.0357,1.1623,0.0873,-0.9751,100197.6601,-6368103.3590,
183.7500,97697.1258,320.5259,0.0364,1.1682,0.0873,-0.9753,100197.6600,-6368103.3591,
184.0000,97642.2980,322.1512,0.0371,1.1741,0.0873,-0.9755,100197.6599,-6368103.3592,
184.2500,97586.8753,323.7858,0.0379,1.1801,0.0873,-0.9756,100197.6599,-6368103.3593,
184.5000,97530.8578,325.4297,0.0387,1.1861,0.0873,-0.9758,100197.6598,-6368103.3594,
184.7500,97474.2454,327.0827,0.0394,1.1921,0.0873,-0.9760,100197.6596,-6368103.3595,
185.0000,97417.0382,328.7447,0.0402,1.1981,0.0873,-0.9761,100197.6595,-6368103.3596,
185.2500,97359.2362,330.4154,0.0411,1.2042,0.0873,-0.9763,100197.6594,-6368103.3597,
185.5000,97300.8392,332.0949,0.0419,1.2103,0.0873,-0.9764,100197.6593,-6368103.3599,
185.7500,97241.8474,333.7829,0.0428,1.2165,0.0873,-0.9766,100197.6592,-6368103.3600,
186.0000,97182.2606,335.4793,0.0437,1.2227,0.0873,-0.9768,100197.6591,-6368103.3601,
186.2500,97122.0790,337.1841,0.0446,1.2289,0.0873,-0.9769,100197.6590,-6368103.3602,
186.5000,97061.3024,338.8970,0.0455,1.2351,0.0873,-0.9771,100197.6588,-6368103.3603,
186.7500,96999.9309,340.6180,0.0465,1.2414,0.0873,-0.9772,100197.6587,-6368103.3604,
187.0000,96937.9644,342.3469,0.0475,1.2477,0.0873,-0.9774,100197.6586,-6368103.3606,
187.2500,96875.4030,344.0836,0.0485,1.2540,0.0873,-0.9775,100197.6584,-6368103.3607,
187.5000,96812.2467,345.8281,0.0496,1.2604,0.0873,-0.9777,100197.6583,-6368103.3608,
187.7500,96748.4953,347.5801,0.0506,1.2668,0.0873,-0.9778,100197.6581,-6368103.3610,
188.0000,96684.1490,349.3396,0.0517,1.2732,0.0873,-0.9780,100197.6580,-6368103.3611,
188.2500,96619.2076,351.1065,0.0529,1.2796,0.0873,-0.9781,100197.6578,-6368103.3612,
188.5000,96553.6713,352.8807,0.0540,1.2861,0.0873,-0.9782,100197.6576,-6368103.3613,
188.7500,96487.5399,354.6619,0.0552,1.2926,0.0873,-0.9784,100197.6575,-6368103.3615,
189.0000,96420.8135,356.4503,0.0564,1.2991,0.0873,-0.9785,100197.6573,-6368103.3616,
189.2500,96353.4920,358.2455,0.0577,1.3057,0.0873,-0.9787,100197.6571,-6368103.3618,
189.5000,96285.5755,360.0476,0.0590,1.3122,0.0873,-0.9788,100197.6569,-6368103.3619,
189.7500,96217.0639,361.8565,0.0603,1.3188,0.0873,-0.9789,100197.6567,-6368103.3620,
190.0000,96147.9572,363.6719,0.0616,1.3255,0.0873,-0.9791,100197.6565,-6368103.3622,
190.2500,96078.2554,365.4939,0.0630,1.3321,0.0873,-0.9792,100197.6563,-6368103.3623,
190.5000,96007.9585,367.3224,0.0644,1.3388,0.0873,-0.9794,100197.6561,-6368103.3625,
190.7500,95937.0665,369.1572,0.0659,1.3454,0.0873,-0.9795,100197.6559,-6368103.3626,
191.0000,95865.5794,370.9982,0.0674,1.3522,0.0873,-0.9796,100197.6557,-6368103.3628,
191.2500,95793.4970,372.8454,0.0690,1.3589,0.0873,-0.9797,100197.6554,-6368103.3629,
191.5000,95720.8196,374.6987,0.0705,1.3657,0.0873,-0.9799,100197.6552,-6368103.3631,
191.7500,95647.5469,376.5580,0.0722,1.3724,0.0873,-0.9800,100197.6549,-6368103.3633,
192.0000,95573.6791,378.4232,0.0739,1.3792,0.0873,-0.9801,100197.6547,-6368103.3634,
192.2500,95499.2160,380.2942,0.0756,1.3861,0.0873,-0.9803,100197.6544,-6368103.3636,
192.5000,95424.1577,382.1709,0.0773,1.3929,0.0873,-0.9804,100197.6541,-6368103.3638,
192.7500,95348.5042,384.0532,0.0792,1.3998,0.0873,-0.9805,100197.6538,-6368103.3639,
193.0000,95272.2555,385.9412,0.0810,1.4066,0.0873,-0.9806,100197.6536,-6368103.3641,
193.2500,95195.4115,387.8346,0.0829,1.4135,0.0873,-0.9808,100197.6533,-6368103.3643,
193.5000,95117.9722,389.7334,0.0849,1.4205,0.0873,-0.9809,100197.6529,-6368103.3645,
193.7500,95039.9376,391.6375,0.0869,1.4274,0.0873,-0.9810,100197.6526,-6368103.3646,
194.0000,94961.3078,393.5469,0.0890,1.4344,0.0873,-0.9811,100197.6523,-6368103.3648,
194.2500,94882.0826,395.4615,0.0911,1.4414,0.0873,-0.9812,100197.6520,-6368103.3650,
194.5000,94802.2620,397.3812,0.0933,1.4484,0.0873,-0.9814,100197.6516,-6368103.3652,
194.7500,94721.8462,399.3059,0.0956,1.4554,0.0873,-0.9815,100197.6512,-6368103.3654,
195.0000,94640.8349,401.2356,0.0979,1.4624,0.0873,-0.9816,100197.6509,-6368103.3656,
195.2500,94559.2283,403.1702,0.1003,1.4695,0.0873,-0.9817,100197.6505,-6368103.3658,
195.5000,94477.0263,405.1096,0.1028,1.4765,0.0873,-0.9818,100197.6501,-6368103.3660,
195.7500,94394.2289,407.0537,0.1053,1.4836,0.0873,-0.9819,100197.6497,-6368103.3662,
196.0000,94310.8361,409.0026,0.1079,1.4907,0.0873,-0.9820,100197.6493,-6368103.3664,
196.2500,94226.8479,410.9560,0.1105,1.4979,0.0873,-0.9821,100197.6488,-6368103.3666,
196.5000,94142.2641,412.9141,0.1133,1.5050,0.0873,-0.9823,100197.6484,-6368103.3668,
196.7500,94057.0850,414.8766,0.1161,1.5122,0.0873,-0.9824,100197.6479,-6368103.3671,
197.0000,93971.3103,416.8435,0.1190,1.5193,0.0873,-0.9825,100197.6474,-6368103.3673,
197.2500,93884.9401,418.8149,0.1220,1.5265,0.0873,-0.9826,100197.6470,-6368103.3675,
197.5000,93797.9745,420.7905,0.1250,1.5337,0.0873,-0.9827,100197.6465,-6368103.3677,
197.7500,93710.4133,422.7704,0.1282,1.5409,0.0873,-0.9828,100197.6459,-6368103.3680,
198.0000,93622.2565,424.7545,0.1314,1.5482,0.0873,-0.9829,100197.6454,-6368103.3682,
198.2500,93533.5042,426.7427,0.1347,1.5554,0.0873,-0.9830,100197.6448,-6368103.3684,
198.5000,93444.1563,428.7351,0.1382,1.5627,0.0873,-0.9831,100197.6443,-6368103.3687,
198.7500,93354.2128,430.7314,0.1417,1.5700,0.0873,-0.9832,100197.6437,-6368103.3689,
199.0000,93263.6737,432.7317,0.1453,1.5773,0.0873,-0.9833,100197.6431,-6368103.3692,
199.2500,93172.5390,434.7360,0.1491,1.5846,0.0873,-0.9834,100197.6424,-6368103.3695,
199.5000,93080.8086,436.7441,0.1529,1.5919,0.0873,-0.9835,100197.6418,-6368103.3697,
199.7500,92988.4826,438.7560,0.1569,1.5992,0.0873,-0.9836,100197.6411,-6368103.3700,
200.0000,92895.5609,440.7717,0.1609,1.6066,0.0873,-0.9837,100197.6404,-6368103.3703,
200.2500,92802.0435,442.7911,0.1651,1.6140,0.0873,-0.9838,100197.6397,-6368103.3706,
200.5000,92707.9303,444.8142,0.1694,1.6213,0.0873,-0.9839,100197.6390,-6368103.3708,
200.7500,92613.2215,446.8409,0.1739,1.6287,0.0873,-0.9840,100197.6382,-6368103.3711,
201.0000,92517.9169,448.8711,0.1785,1.6361,0.0873,-0.9841,100197.6375,-6368103.3714,
201.2500,92422.0165,450.9049,0.1832,1.6435,0.0873,-0.9842,100197.6367,-6368103.3717,
201.5000,92325.5204,452.9422,0.1880,1.6510,0.0873,-0.9843,100197.6358,-6368103.3720,
201.7500,92228.4284,454.9829,0.1930,1.6584,0.0873,-0.9844,100197.6350,-6368103.3723,
202.0000,92130.7407,457.0269,0.1981,1.6659,0.0873,-0.9844,100197.6341,-6368103.3727,
202.2500,92032.4571,459.0744,0.2034,1.6733,0.0873,-0.9845,100197.6332,-6368103.3730,
202.5000,91933.5776,461.1251,0.2089,1.6808,0.0873,-0.9846,100197.6323,-6368103.3733,
202.7500,91834.1023,463.1791,0.2145,1.6883,0.0873,-0.9847,100197.6313,-6368103.3737,
203.0000,91734.0311,465.2363,0.2203,1.6958,0.0873,-0.9848,100197.6303,-6368103.3740,
203.2500,91633.3640,467.2967,0.2262,1.7033,0.0873,-0.9849,100197.6293,-6368103.3744,
203.5000,91532.1009,469.3602,0.2324,1.7109,0.0873,-0.9850,100197.6282,-6368103.3747,
203.7500,91430.2419,471.4268,0.2387,1.7184,0.0873,-0.9851,100197.6271,-6368103.3751,
204.0000,91327.7870,473.4965,0.2452,1.7259,0.0873,-0.9851,100197.6260,-6368103.3754,
204.2500,91224.7360,475.5691,0.2519,1.7335,0.0873,-0.9852,100197.6248,-6368103.3758,
204.5000,91121.0891,477.6448,0.2589,1.7411,0.0873,-0.9853,100197.6236,-6368103.3762,
204.7500,91016.8461,479.7234,0.2660,1.7486,0.0873,-0.9854,100197.6224,-6368103.3766,
205.0000,90912.0071,481.8049,0.2733,1.7562,0.0873,-0.9855,100197.6211,-6368103.3770,
205.2500,90806.5721,483.8893,0.2809,1.7638,0.0873,-0.9856,100197.6198,-6368103.3774,
205.5000,90700.5409,485.9766,0.2887,1.7715,0.0873,-0.9856,100197.6184,-6368103.3778,
205.7500,90593.9137,488.0666,0.2968,1.7791,0.0873,-0.9857,100197.6170,-6368103.3783,
206.0000,90486.6904,490.1594,0.3051,1.7867,0.0873,-0.9858,100197.6155,-6368103.3787,
206.2500,90378.8709,492.2549,0.3136,1.7944,0.0873,-0.9859,100197.6140,-6368103.3791,
206.5000,90270.4552,494.3531,0.3224,1.8020,0.0873,-0.9860,100197.6125,-6368103.3796,
206.7500,90161.4434,496.4540,0.3315,1.8097,0.0873,-0.9860,100197.6109,-6368103.3801,
207.0000,90051.8354,498.5575,0.3409,1.8173,0.0873,-0.9861,100197.6092,-6368103.3805,
207.2500,89941.6312,500.6637,0.3506,1.8250,0.0873,-0.9862,100197.6075,-6368103.3810,
207.5000,89830.8307,502.7724,0.3606,1.8327,0.0873,-0.9863,100197.6058,-6368103.3815,
207.7500,89719.4340,504.8836,0.3709,1.8404,0.0873,-0.9863,100197.6040,-6368103.3820,
208.0000,89607.4410,506.9973,0.3815,1.8481,0.0873,-0.9864,100197.6021,-6368103.3825,
208.2500,89494.8517,509.1136,0.3925,1.8558,0.0873,-0.9865,100197.6002,-6368103.3831,
208.5000,89381.6661,511.2323,0.4038,1.8636,0.0873,-0.9866,100197.5982,-6368103.3836,
208.7500,89267.8842,513.3534,0.4154,1.8713,0.0873,-0.9866,100197.5961,-6368103.3841,
209.0000,89153.5059,515.4769,0.4275,1.8791,0.0873,-0.9867,100197.5940,-6368103.3847,
209.2500,89038.5312,517.6027,0.4399,1.8868,0.0873,-0.9868,100197.5918,-6368103.3853,
209.5000,88922.9601,519.7309,0.4527,1.8946,0.0873,-0.9868,100197.5895,-6368103.3859,
209.7500,88806.7926,521.8614,0.4660,1.9023,0.0873,-0.9869,100197.5872,-6368103.3865,
210.0000,88690.0287,523.9942,0.4796,1.9101,0.0873,-0.9870,100197.5848,-6368103.3871,
210.2500,88572.6683,526.1293,0.4937,1.9179,0.0873,-0.9870,100197.5822,-6368103.3877,
210.5000,88454.7114,528.2666,0.5083,1.9257,0.0873,-0.9871,100197.5797,-6368103.3883,
210.7500,88336.1580,530.4061,0.5233,1.9335,0.0873,-0.9872,100197.5770,-6368103.3890,
211.0000,88217.0081,532.5478,0.5388,1.9413,0.0873,-0.9872,100197.5742,-6368103.3897,
211.2500,88097.2616,534.6916,0.5549,1.9491,0.0873,-0.9873,100197.5714,-6368103.3903,
211.5000,87976.9186,536.8376,0.5714,1.9570,0.0873,-0.9874,100197.5684,-6368103.3910,
211.7500,87855.9789,538.9856,0.5885,1.9648,0.0873,-0.9874,100197.5654,-6368103.3918,
212.0000,87734.4427,541.1358,0.6062,1.9726,0.0873,-0.9875,100197.5623,-6368103.3925,
212.2500,87612.3098,543.2880,0.6244,1.9805,0.0873,-0.9876,100197.5590,-6368103.3932,
212.5000,87489.5802,545.4423,0.6433,1.9884,0.0873,-0.9876,100197.5557,-6368103.3940,
212.7500,87366.2540,547.5986,0.6627,1.9962,0.0873,-0.9877,100197.5522,-6368103.3948,
213.0000,87242.3311,549.7569,0.6829,2.0041,0.0873,-0.9878,100197.5486,-6368103.3956,
213.2500,87117.8114,551.9171,0.7036,2.0120,0.0873,-0.9878,100197.5449,-6368103.3964,
213.5000,86992.6950,554.0793,0.7251,2.0199,0.0873,-0.9879,100197.5411,-6368103.3973,
213.7500,86866.9819,556.2435,0.7473,2.0278,0.0873,-0.9879,100197.5371,-6368103.3981,
214.0000,86740.6719,558.4095,0.7703,2.0357,0.0873,-0.9880,100197.5330,-6368103.3990,
214.2500,86613.7651,560.5774,0.7940,2.0436,0.0873,-0.9881,100197.5288,-6368103.3999,
214.5000,86486.2615,562.7472,0.8185,2.0515,0.0873,-0.9881,100197.5244,-6368103.4009,
214.7500,86358.1610,564.9189,0.8438,2.0594,0.0873,-0.9882,100197.5199,-6368103.4018,
215.0000,86229.4637,567.0923,0.8700,2.0673,0.0873,-0.9882,100197.5152,-6368103.4028,
215.2500,86100.1694,569.2676,0.8971,2.0753,0.0873,-0.9883,100197.5104,-6368103.4038,
215.5000,85970.2782,571.4447,0.9251,2.0832,0.0873,-0.9884,100197.5054,-6368103.4048,
215.7500,85839.7900,573.6235,0.9541,2.0912,0.0873,-0.9884,100197.5002,-6368103.4059,
216.0000,85708.7049,575.8041,0.9841,2.0991,0.0873,-0.9885,100197.4948,-6368103.4069,
216.2500,85577.0227,577.9865,1.0150,2.1071,0.0873,-0.9885,100197.4893,-6368103.4080,
216.5000,85444.7436,580.1705,1.0471,2.1150,0.0873,-0.9886,100197.4836,-6368103.4092,
216.7500,85311.8674,582.3562,1.0803,2.1230,0.0873,-0.9886,100197.4777,-6368103.4103,
217.0000,85178.3941,584.5437,1.1146,2.1310,0.0873,-0.9887,100197.4715,-6368103.4115,
217.2500,85044.3237,586.7327,1.1501,2.1390,0.0873,-0.9887,100197.4652,-6368103.4127,
217.5000,84909.6562,588.9235,1.1868,2.1470,0.0873,-0.9888,100197.4586,-6368103.4140,
217.7500,84774.3915,591.1158,1.2990,2.1544,0.0873,-0.9889,100197.4517,-6368103.4153,
218.0000,84638.5297,593.3098,1.3386,2.1608,0.0873,-0.9889,100197.4442,-6368103.4167,
218.2500,84502.0707,595.5054,1.3795,2.1673,0.0873,-0.9890,100197.4365,-6368103.4181,
218.5000,84365.0145,597.7025,1.4217,2.1737,0.0873,-0.9890,100197.4285,-6368103.4196,
218.7500,84227.3610,599.9012,1.4652,2.1801,0.0873,-0.9891,100197.4203,-6368103.4211,
219.0000,84089.1103,602.1014,1.5102,2.1865,0.0873,-0.9891,100197.4118,-6368103.4226,
219.2500,83950.2623,604.3032,1.5566,2.1929,0.0873,-0.9892,100197.4030,-6368103.4242,
219.5000,83810.8170,606.5065,1.6045,2.1992,0.0873,-0.9892,100197.3939,-6368103.4258,
219.7500,83670.7743,608.7113,1.6539,2.2056,0.0873,-0.9893,100197.3845,-6368103.4274,
220.0000,83530.1343,610.9176,1.7049,2.2120,0.0873,-0.9893,100197.3747,-6368103.4291,
220.2500,83388.8969,613.1254,1.7576,2.2183,0.0873,-0.9894,100197.3647,-6368103.4309,
220.5000,83247.0621,615.3346,1.8120,2.2246,0.0873,-0.9894,100197.3543,-6368103.4326,
220.7500,83104.6298,617.5453,1.8682,2.2310,0.0873,-0.9895,100197.3435,-6368103.4345,
221.0000,82961.6001,619.7574,1.9262,2.2373,0.0873,-0.9895,100197.3324,-6368103.4364,
221.2500,82817.9729,621.9709,1.9861,2.2436,0.0873,-0.9895,100197.3209,-6368103.4383,
221.5000,82673.7481,624.1858,2.0479,2.2499,0.0873,-0.9896,100197.3090,-6368103.4403,
221.7500,82528.9259,626.4021,2.1118,2.2562,0.0873,-0.9896,100197.2966,-6368103.4423,
222.0000,82383.5061,628.6198,2.1777,2.2625,0.0873,-0.9897,100197.2839,-6368103.4444,
222.2500,82237.4886,630.8388,2.2458,2.2687,0.0873,-0.9897,100197.2707,-6368103.4465,
222.5000,82090.8736,633.0592,2.3161,2.2750,0.0873,-0.9898,100197.2571,-6368103.4487,
222.7500,81943.6609,635.2809,2.3887,2.2812,0.0873,-0.9898,100197.2430,-6368103.4509,
223.0000,81795.8506,637.5040,2.4637,2.2875,0.0873,-0.9899,100197.2284,-6368103.4532,
223.2500,81647.4426,639.7284,2.5412,2.2937,0.0873,-0.9899,100197.2133,-6368103.4556,
223.5000,81498.4369,641.9540,2.6212,2.2999,0.0873,-0.9900,100197.1977,-6368103.4580,
223.7500,81348.8334,644.1810,2.7038,2.3061,0.0873,-0.9900,100197.1816,-6368103.4605,
224.0000,81198.6321,646.4092,2.7892,2.3123,0.0873,-0.9900,100197.1649,-6368103.4630,
224.2500,81047.8331,648.6387,2.8774,2.3185,0.0873,-0.9901,100197.1476,-6368103.4656,
224.5000,80896.4362,650.8694,2.9684,2.3246,0.0873,-0.9901,100197.1298,-6368103.4683,
224.7500,80744.4415,653.1014,3.0625,2.3308,0.0873,-0.9902,100197.1113,-6368103.4711,
225.0000,80591.8490,655.3346,3.1597,2.3370,0.0873,-0.9902,100197.0921,-6368103.4739,
225.2500,80438.6585,657.5691,3.2601,2.3431,0.0873,-0.9903,100197.0723,-6368103.4768,
225.5000,80284.8701,659.8047,3.3639,2.3492,0.0873,-0.9903,100197.0519,-6368103.4798,
225.7500,80130.4837,662.0415,3.4710,2.3553,0.0873,-0.9903,100197.0307,-6368103.4829,
226.0000,79975.4994,664.2795,3.5818,2.3614,0.0873,-0.9904,100197.0087,-6368103.4860,
226.2500,79819.9171,666.5187,3.6962,2.3675,0.0873,-0.9904,100196.9860,-6368103.4893,
226.5000,79663.7367,668.7591,3.8144,2.3736,0.0873,-0.9905,100196.9625,-6368103.4926,
226.7500,79506.9583,671.0006,3.9366,2.3797,0.0873,-0.9905,100196.9382,-6368103.4960,
227.0000,79349.5819,673.2432,4.0628,2.3857,0.0873,-0.9905,100196.9131,-6368103.4995,
227.2500,79191.6073,675.4870,4.1932,2.3918,0.0873,-0.9906,100196.8871,-6368103.5031,
227.5000,79033.0345,677.7319,4.3280,2.3978,0.0873,-0.9906,100196.8601,-6368103.5068,
227.7500,78873.8637,679.9779,4.4673,2.4039,0.0873,-0.9906,100196.8322,-6368103.5106,
228.0000,78714.0946,682.2251,4.6112,2.4099,0.0873,-0.9907,100196.8034,-6368103.5145,
228.2500,78553.7273,684.4733,4.7600,2.4159,0.0873,-0.9907,100196.7735,-6368103.5185,
228.5000,78392.7618,686.7226,4.9137,2.4219,0.0873,-0.9908,100196.7426,-6368103.5226,
228.7500,78231.1980,688.9729,5.0726,2.4278,0.0873,-0.9908,100196.7106,-6368103.5268,
229.0000,78069.0359,691.2244,5.2368,2.4338,0.0873,-0.9908,100196.6774,-6368103.5312,
229.2500,77906.2755,693.4768,5.4066,2.4398,0.0873,-0.9909,100196.6431,-6368103.5356,
229.5000,77742.9168,695.7304,5.5820,2.4457,0.0873,-0.9909,100196.6076,-6368103.5402,
229.7500,77578.9597,697.9849,5.7634,2.4516,0.0873,-0.9909,100196.5709,-6368103.5449,
230.0000,77414.4042,700.2405,5.9509,2.4576,0.0873,-0.9910,100196.5328,-6368103.5498,
230.2500,77249.2503,702.4971,6.1446,2.4635,0.0873,-0.9910,100196.4934,-6368103.5547,
230.5000,77083.4979,704.7548,6.3450,2.4694,0.0873,-0.9910,100196.4526,-6368103.5599,
230.7500,76917.1471,707.0134,6.5520,2.4753,0.0873,-0.9911,100196.4104,-6368103.5651,
231.0000,76750.1977,709.2730,6.7661,2.4811,0.0873,-0.9911,100196.3667,-6368103.5705,
231.2500,76582.6498,711.5336,6.9874,2.4870,0.0873,-0.9911,100196.3214,-6368103.5761,
231.5000,76414.5034,713.7952,7.2162,2.4929,0.0873,-0.9912,100196.2745,-6368103.5818,
231.7500,76245.7584,716.0577,7.4528,2.4987,0.0873,-0.9912,100196.2260,-6368103.5877,
232.0000,76076.4148,718.3212,7.6974,2.5045,0.0873,-0.9912,100196.1757,-6368103.5937,
232.2500,75906.4726,720.5856,7.9503,2.5103,0.0873,-0.9913,100196.1237,-6368103.5999,
232.5000,75735.9317,722.8510,8.2117,2.5161,0.0873,-0.9913,100196.0698,-6368103.6063,
232.7500,75564.7921,725.1173,8.4821,2.5219,0.0873,-0.9913,100196.0139,-6368103.6129,
233.0000,75393.0538,727.3846,8.7616,2.5277,0.0873,-0.9914,100195.9561,-6368103.6196,
233.2500,75220.7168,729.6527,9.0507,2.5335,0.0873,-0.9914,100195.8963,-6368103.6266,
233.5000,75047.7810,731.9218,9.3496,2.5392,0.0873,-0.9914,100195.8343,-6368103.6337,
233.7500,74874.2465,734.1918,9.6587,2.5450,0.0873,-0.9915,100195.7701,-6368103.6411,
234.0000,74700.1131,736.4626,9.9784,2.5507,0.0873,-0.9915,100195.7036,-6368103.6486,
234.2500,74525.3809,738.7344,10.3090,2.5564,0.0873,-0.9915,100195.6347,-6368103.6564,
234.5000,74350.0498,741.0070,10.6508,2.5621,0.0873,-0.9916,100195.5634,-6368103.6644,
234.7500,74174.1199,743.2805,11.0044,2.5678,0.0873,-0.9916,100195.4895,-6368103.6726,
235.0000,73997.5910,745.5548,11.3700,2.5735,0.0873,-0.9916,100195.4129,-6368103.6811,
235.2500,73820.4632,747.8301,11.7482,2.5792,0.0873,-0.9916,100195.3337,-6368103.6898,
235.5000,73642.7365,750.1061,12.1394,2.5848,0.0873,-0.9917,100195.2515,-6368103.6988,
235.7500,73464.4107,752.3830,12.5439,2.5905,0.0873,-0.9917,100195.1665,-6368103.7080,
236.0000,73285.4860,754.6607,12.9624,2.5961,0.0873,-0.9917,100195.0783,-6368103.7175,
236.2500,73105.9622,756.9393,13.3952,2.6017,0.0873,-0.9918,100194.9870,-6368103.7272,
236.5000,72925.8394,759.2187,13.8429,2.6073,0.0873,-0.9918,100194.8924,-6368103.7373,
236.7500,72745.1175,761.4988,14.3060,2.6129,0.0873,-0.9918,100194.7945,-6368103.7476,
237.0000,72563.7965,763.7798,14.7850,2.6185,0.0873,-0.9918,100194.6929,-6368103.7582,
237.2500,72381.8764,766.0616,15.2806,2.6241,0.0873,-0.9919,100194.5878,-6368103.7692,
237.5000,72199.3571,768.3442,15.7932,2.6297,0.0873,-0.9919,100194.4788,-6368103.7805,
237.7500,72016.2387,770.6275,16.3235,2.6352,0.0873,-0.9919,100194.3659,-6368103.7921,
238.0000,71832.5211,772.9116,16.8721,2.6407,0.0873,-0.9919,100194.2489,-6368103.8040,
238.2500,71648.2042,775.1965,17.4397,2.6463,0.0873,-0.9920,100194.1277,-6368103.8163,
238.5000,71463.2881,777.4822,18.0269,2.6518,0.0873,-0.9920,100194.0021,-6368103.8290,
238.7500,71277.7728,779.7685,18.6343,2.6573,0.0873,-0.9920,100193.8720,-6368103.8420,
239.0000,71091.6582,782.0557,19.2629,2.6627,0.0873,-0.9920,100193.7371,-6368103.8554,
239.2500,70904.9443,784.3435,21.0841,2.6679,0.0873,-0.9921,100193.5943,-6368103.8695,
239.5000,70717.1864,794.8369,22.1408,2.6946,0.0873,-0.9862,100626.5720,-6367995.6136,
239.7500,70526.6864,805.4919,23.3602,2.7275,0.0873,-0.9516,101185.0733,-6367850.3257,
240.0000,70333.8828,816.0076,24.6372,2.7599,0.0873,-0.8937,101731.8592,-6367693.8293,
240.2500,70138.8612,826.2725,25.9676,2.7914,0.0873,-0.8128,102253.1020,-6367521.8131,
240.5000,69941.7524,836.1411,27.3437,2.8216,0.0873,-0.7089,102732.1773,-6367330.3842,
240.7500,69742.7399,845.4266,28.7535,2.8498,0.0873,-0.5823,103149.2794,-6367116.5501,
241.0000,69542.0672,853.8972,30.1794,2.8753,0.0873,-0.4330,103481.5781,-6366878.8770,
241.2500,69340.0445,861.2796,31.5978,2.8973,0.0873,-0.2612,103704.1578,-6366618.3423,
241.5000,69137.0500,867.2700,32.9788,2.9148,0.0873,-0.0671,103791.9736,-6366339.3435,
241.7500,68933.5251,871.5569,34.2878,2.9266,0.0873,0.1493,103722.9685,-6366050.7260,
242.0000,68729.7599,875.5211,35.5945,2.9363,-0.0873,0.3637,103591.8904,-6365755.8053,
242.2500,68526.0346,877.7242,36.8222,2.9411,-0.0873,0.5522,103329.5003,-6365465.3975,
242.5000,68322.7752,878.1713,37.9375,2.9400,-0.0474,0.7181,102926.4719,-6365193.4430,
242.7500,68120.3348,877.2842,38.9449,2.9339,-0.0873,0.8653,102410.9288,-6364948.5728,
243.0000,67918.9804,875.1360,39.8688,2.9241,-0.0183,0.9962,101820.3059,-6364730.6679,
243.2500,67718.9166,872.1193,40.6997,2.9106,-0.0870,1.1124,101163.4119,-6364548.1193,
243.5000,67520.2969,868.1560,41.4670,2.8947,0.0163,1.2158,100470.0755,-6364393.2190,
243.7500,67323.2328,863.6705,42.1549,2.8762,-0.0873,1.3077,99742.4116,-6364276.3074,
244.0000,67127.8028,858.5284,42.7977,2.8563,0.0139,1.3895,99002.7424,-6364181.7498,
244.2500,66934.0602,853.0565,43.3767,2.8346,-0.0842,1.4621,98250.4121,-6364121.7533,
244.5000,66742.0392,847.0978,43.9194,2.8121,0.0524,1.5267,97497.5102,-6364079.9333,
244.7500,66551.7592,840.9744,44.4068,2.7883,-0.0873,1.5842,96744.9713,-6364070.8500,
245.0000,66363.2290,834.5176,44.8679,2.7642,0.0296,1.6353,95997.7215,-6364072.3648,
245.2500,66176.4502,827.9514,45.2833,2.7391,-0.0873,1.6807,95257.9023,-6364100.8180,
245.5000,65991.4183,821.1316,45.6745,2.7139,0.0688,1.7210,94525.1780,-6364136.8376,
245.7500,65808.1259,814.2734,46.0245,2.6881,-0.0873,1.7570,93805.3340,-6364198.3658,
246.0000,65626.5640,807.2349,46.3543,2.6622,0.0549,1.7888,93090.8360,-6364260.5001,
246.2500,65446.7212,800.1749,46.6479,2.6359,-0.0873,1.8170,92390.8067,-6364343.6629,
246.5000,65268.5860,792.9692,46.9204,2.6097,0.0766,1.8420,91696.4060,-6364426.9791,
246.7500,65092.1474,785.7629,47.1594,2.5831,-0.0873,1.8643,91018.2099,-6364529.3831,
247.0000,64917.3951,778.4535,47.3788,2.5566,0.0607,1.8839,90342.7844,-6364627.1812,
247.2500,64744.3184,771.1410,47.5665,2.5298,-0.0873,1.9012,89682.8137,-6364740.7172,
247.5000,64572.9078,763.7439,47.7333,2.5032,0.0842,1.9166,89025.8773,-6364850.0087,
247.7500,64403.1555,756.3484,47.8699,2.4764,-0.0873,1.9302,88385.2260,-6364974.0469,
248.0000,64235.0543,748.8869,47.9851,2.4496,0.0671,1.9421,87744.7059,-6365090.5924,
248.2500,64068.5982,741.4236,48.0710,2.4228,-0.0873,1.9526,87119.7225,-6365219.7843,
248.5000,63903.7817,733.9069,48.1346,2.3960,0.0873,1.9618,86494.4277,-6365341.1629,
248.7500,63740.6003,726.3861,48.1696,2.3691,-0.0873,1.9699,85885.6328,-6365475.1277,
249.0000,63579.0512,718.8205,48.1814,2.3423,0.0731,1.9770,85274.8641,-6365599.7375,
249.2500,63419.1322,711.2488,48.1650,2.3154,-0.0873,1.9830,84679.3031,-6365734.9270,
249.5000,63260.8410,703.6395,48.1247,2.2886,0.0873,1.9884,84081.6805,-6365860.7969,
249.7500,63104.1772,696.0203,48.0565,2.2618,-0.0873,1.9929,83499.6283,-6365996.9696,
250.0000,62949.1404,688.3683,47.9637,2.2350,0.0796,1.9968,82914.6279,-6366123.0912,
250.2500,62795.7314,680.7047,47.8433,2.2081,-0.0873,2.0001,82344.3899,-6366258.3194,
250.5000,62643.9512,673.0129,47.6977,2.1813,0.0873,2.0029,81771.2349,-6366383.5836,
250.7500,62493.8015,665.3061,47.5248,2.1545,-0.0873,2.0052,81213.0262,-6366517.7112,
251.0000,62345.2845,657.5735,47.3262,2.1277,0.0822,2.0071,80651.2491,-6366641.3601,
251.2500,62198.4031,649.8247,47.1005,2.1008,-0.0873,2.0086,80103.8657,-6366773.0723,
251.5000,62053.1601,642.0530,46.8489,2.0740,0.0873,2.0097,79553.1294,-6366894.5192,
251.7500,61909.5592,634.2626,46.5707,2.0472,-0.0873,2.0106,79016.8436,-6367023.7868,
252.0000,61767.6044,626.4506,46.2664,2.0204,0.0845,2.0111,78476.8810,-6367142.5412,
252.2500,61627.2997,618.6186,45.9357,1.9936,-0.0873,2.0114,77950.9394,-6367268.5138,
252.5000,61488.6498,610.7673,45.5791,1.9668,0.0864,2.0115,77421.7162,-6367384.3066,
252.7500,61351.6593,602.8942,45.1968,1.9399,-0.0873,2.0113,76906.3767,-6367506.9808,
253.0000,61216.3336,595.0023,44.7885,1.9131,0.0854,2.0110,76387.6317,-6367619.3796,
253.2500,61082.6777,587.0877,44.3551,1.8863,-0.0873,2.0105,75882.5576,-6367738.2846,
253.5000,60950.6973,579.1557,43.8962,1.8595,0.0868,2.0098,75374.4194,-6367847.1857,
253.7500,60820.3980,571.1998,43.4130,1.8326,-0.0873,2.0090,74879.8225,-6367962.3002,
254.0000,60691.7858,563.2267,42.9048,1.8058,0.0859,2.0081,74382.2137,-6368067.4463,
254.2500,60564.8669,555.2289,42.3730,1.7789,-0.0873,2.0070,73897.9453,-6368178.4694,
254.5000,60439.6473,547.2151,41.8170,1.7521,0.0869,2.0059,73411.0358,-6368279.8067,
254.7500,60316.1336,539.1754,41.2386,1.7252,-0.0873,2.0046,72937.3383,-6368386.7506,
255.0000,60194.3324,531.1199,40.6366,1.6983,0.0862,2.0032,72461.1579,-6368484.1206,
255.2500,60074.2502,523.0380,40.0133,1.6714,-0.0873,2.0018,71998.0131,-6368586.7965,
255.5000,59955.8939,514.9409,39.3677,1.6445,0.0872,2.0002,71532.7663,-6368680.1808,
255.7500,59839.2705,506.8165,38.7020,1.6176,-0.0873,1.9986,71080.4263,-6368778.6120,
256.0000,59724.3869,498.6771,38.0150,1.5907,0.0861,1.9969,70626.2428,-6368867.9360,
256.2500,59611.2504,490.5100,37.3095,1.5637,-0.0873,1.9952,70184.7870,-6368962.0131,
256.5000,59499.8682,482.3283,36.5841,1.5367,0.0873,1.9934,69741.8519,-6369047.2467,
256.7500,59390.2476,474.1181,35.8417,1.5098,-0.0873,1.9915,69311.5666,-6369137.0197,
257.0000,59282.3962,465.8934,35.0809,1.4828,0.0866,1.9895,68880.0853,-6369218.1487,
257.2500,59176.3214,457.6398,34.3047,1.4557,-0.0873,1.9875,68461.0783,-6369303.5303,
257.5000,59072.0309,449.3721,33.5120,1.4287,0.0873,1.9855,68041.2773,-6369380.5567,
257.7500,58969.5324,441.0748,32.7057,1.4016,-0.0873,1.9834,67633.8488,-6369461.6059,
258.0000,58868.8338,432.7636,31.8846,1.3745,0.0865,1.9812,67225.9770,-6369534.5475,
258.2500,58769.9430,424.4222,31.0519,1.3474,-0.0873,1.9790,66830.2849,-6369611.2141,
258.5000,58672.8679,416.0673,30.2064,1.3203,0.0869,1.9767,66434.5901,-6369680.0873,
258.7500,58577.6167,407.6817,29.3515,1.2931,-0.0873,1.9743,66050.9629,-6369752.4484,
259.0000,58484.1975,399.2825,28.4858,1.2659,0.0863,1.9720,65667.6727,-6369817.2529,
259.2500,58392.6185,390.8521,27.6128,1.2387,-0.0873,1.9695,65296.3099,-6369885.2874,
259.5000,58302.8880,382.4088,26.7313,1.2114,0.0873,1.9670,64925.7216,-6369946.0738,
259.7500,58215.0146,373.9334,25.8450,1.1841,-0.0873,1.9644,64566.9572,-6370009.8592,
260.0000,58129.0066,365.4452,24.9524,1.1568,0.0867,1.9618,64209.3392,-6370066.6551,
260.2500,58044.8727,356.9247,24.0573,1.1295,-0.0873,1.9592,63863.4192,-6370126.2017,
260.5000,57962.6216,348.3916,23.1585,1.1021,0.0872,1.9564,63519.0690,-6370179.0548,
260.7500,57882.2619,339.8254,22.2597,1.0747,-0.0873,1.9536,63186.3140,-6370234.4268,
261.0000,57803.8026,331.2470,21.3596,1.0472,0.0866,1.9508,62855.5451,-6370283.3941,
261.2500,57727.2526,322.6352,20.4622,1.0197,-0.0873,1.9478,62536.2475,-6370334.6266,
261.5000,57652.6208,314.0121,19.5661,0.9922,0.0873,1.9448,62219.3824,-6370379.7563,
261.7500,57579.9162,305.3549,18.6755,0.9646,-0.0873,1.9418,61913.9085,-6370426.9331,
262.0000,57509.1480,296.6864,17.7887,0.9370,0.0856,1.9386,61611.2923,-6370468.3036,
262.2500,57440.3256,287.9835,16.9101,0.9094,-0.0873,1.9354,61319.9182,-6370511.4568,
262.5000,57373.4581,279.2699,16.0380,0.8817,0.0870,1.9321,61031.8636,-6370549.1257,
262.7500,57308.5552,270.5207,15.1768,0.8540,-0.0873,1.9287,60754.9812,-6370588.3693,
263.0000,57245.6263,261.7610,14.3249,0.8262,0.0853,1.9252,60481.8521,-6370622.4285,
263.2500,57184.6813,252.9654,13.4865,0.7984,-0.0873,1.9216,60219.7648,-6370657.8107,
263.5000,57125.7300,244.1600,12.6601,0.7705,0.0873,1.9179,59961.8975,-6370688.3329,
263.7500,57068.7823,235.3173,11.8500,0.7426,-0.0873,1.9140,59715.0367,-6370719.9960,
264.0000,57013.8485,226.4652,11.0546,0.7147,0.0864,1.9101,59472.8142,-6370747.0864,
264.2500,56960.9388,217.5751,10.2781,0.6867,-0.0873,1.9060,59241.4981,-6370775.0854,
264.5000,56910.0635,208.6763,9.5191,0.6586,0.0842,1.9018,59015.3392,-6370798.8663,
264.7500,56861.2333,199.7392,8.7817,0.6305,-0.0873,1.8975,58799.9771,-6370823.3176,
265.0000,56814.4588,190.7944,8.0644,0.6023,0.0854,1.8929,58590.2661,-6370843.8871,
265.2500,56769.7510,181.8093,7.3713,0.5742,-0.0873,1.8882,58391.2840,-6370864.9193,
265.5000,56727.1207,172.8193,6.7008,0.5459,0.0871,1.8833,58198.4655,-6370882.4169,
265.7500,56686.5794,163.7870,6.0571,0.5176,-0.0873,1.8782,58016.3449,-6370900.1955,
266.0000,56648.1382,154.7508,5.4386,0.4892,0.0852,1.8729,57840.8433,-6370914.7487,
266.2500,56611.8089,145.6719,4.8491,0.4608,-0.0873,1.8673,57675.9983,-6370929.3977,
266.5000,56577.6033,136.5916,4.2873,0.4323,0.0873,1.8614,57518.2838,-6370941.1677,
266.7500,56545.5335,127.4668,3.7569,0.4038,-0.0873,1.8551,57371.2470,-6370952.8903,
267.0000,56515.6118,118.3418,3.2562,0.3752,0.0814,1.8485,57231.8355,-6370962.0700,
267.2500,56487.8509,109.1721,2.7891,0.3466,-0.0873,1.8414,57103.0245,-6370971.0068,
267.5000,56462.2637,100.0082,2.3539,0.3179,0.0873,1.8338,56982.4225,-6370977.7916,
267.7500,56438.8634,90.7960,1.9543,0.2892,-0.0873,1.8257,56872.5014,-6370984.2385,
268.0000,56417.6641,81.5920,1.5885,0.2604,0.0777,1.8168,56771.2624,-6370988.8621,
268.2500,56398.6800,72.3394,1.2598,0.2316,-0.0873,1.8070,56680.6683,-6370993.0071,
268.5000,56381.9256,63.1105,0.9669,0.2026,0.0824,1.7961,56599.4246,-6370995.7653,
268.7500,56367.4165,53.8299,0.7127,0.1738,-0.0873,1.7840,56528.9387,-6370997.9996,
269.0000,56355.1703,44.5788,0.4955,0.1448,0.0676,1.7697,56468.2629,-6370999.1948,
269.2500,56345.2038,35.2803,0.3180,0.1159,-0.0873,1.7529,56418.4487,-6370999.8793,
269.5000,56337.5405,26.0414,0.1796,0.0871,-0.0722,1.7310,56379.2518,-6370999.9851,
269.7500,56332.1947,16.8288,0.0806,0.0583,-0.0873,1.7048,56350.9545,-6370999.7764,
270.0000,56329.1995,7.8349,0.0213,0.0300,-0.0873,1.6631,56333.9355,-6370999.5459,
270.2500,56328.5808,3.9210,0.0020,0.0091,0.0873,1.5931,56328.5220,-6370999.5664,
270.5000,56330.3373,12.5282,0.0264,0.0333,0.0873,1.5352,56334.8561,-6370999.1394,
270.7500,56334.4823,21.9005,0.0924,0.0624,0.0873,1.5092,56353.0757,-6370998.8637,
271.0000,56341.0279,31.4257,0.2008,0.0921,0.0873,1.5147,56383.3153,-6370998.6560,
271.2500,56349.9816,41.0549,0.3525,0.1220,0.0873,1.5514,56425.6386,-6370998.3262,
271.5000,56361.3439,50.7616,0.5481,0.1523,0.0873,1.6192,56479.9534,-6370997.5816,
271.7500,56375.0988,60.4975,0.7872,0.1827,0.0873,1.7177,56545.7100,-6370995.8880,
272.0000,56391.1945,70.1766,1.0676,0.2130,0.0873,1.8467,56621.4038,-6370992.2055,
272.2500,56409.5175,79.6643,1.3839,0.2428,0.0873,2.0059,56703.9475,-6370984.6549,
272.5000,56429.8606,88.7693,1.7264,0.2715,0.0873,2.1950,56788.0708,-6370970.2466,
272.7500,56451.8898,97.2376,2.0800,0.2984,0.0873,2.4138,56866.0374,-6370944.9131,
273.0000,56475.1152,104.7527,2.4234,0.3226,0.0873,2.6620,56928.0894,-6370904.1757,
273.2500,56498.8764,110.9397,2.7293,0.3429,0.0873,2.9393,56964.0298,-6370844.7422,
273.5000,56522.5947,116.8558,3.0282,0.3618,-0.0300,3.2172,56981.2626,-6370767.7458,
273.7500,56545.6030,121.0971,3.2629,0.3761,-0.0164,3.4742,56967.5302,-6370674.7730,
274.0000,56567.0960,123.7978,3.4230,0.3858,0.0297,3.7135,56926.6858,-6370573.1122,
274.2500,56586.3779,125.3480,3.4982,0.3905,-0.0873,3.9379,56866.6144,-6370473.9493,
274.5000,56602.8862,125.7483,3.5241,0.3924,-0.0873,4.1487,56801.2633,-6370383.8093,
274.7500,56616.1864,125.0789,3.5079,0.3918,0.0436,4.3482,56739.0924,-6370310.0650,
275.0000,56625.9776,123.9839,3.4314,0.3878,-0.0873,4.5381,56687.1099,-6370264.3341,
275.2500,56632.0864,121.9267,3.3383,0.3827,0.0383,4.7199,56651.7983,-6370243.1836,
275.5000,56634.4507,119.7971,3.2092,0.3753,-0.0873,4.8942,56635.5609,-6370253.6291,
275.7500,56633.0995,117.6971,3.1001,0.3688,-0.0873,5.0559,56638.6995,-6370282.8390,
276.0000,56628.0867,116.0951,3.0155,0.3637,-0.0873,5.1839,56660.1823,-6370328.6841,
276.2500,56619.5295,115.0137,2.9554,0.3598,-0.0873,5.2773,56697.9780,-6370389.0023,
276.5000,56607.5440,114.8989,2.9418,0.3587,-0.0873,5.3364,56750.3427,-6370456.7680,
276.7500,56592.2142,116.1766,2.9968,0.3617,-0.0873,5.3614,56816.5662,-6370526.1017,
277.0000,56573.5741,119.2247,3.1433,0.3700,-0.0873,5.3528,56897.2486,-6370592.3773,
277.2500,56551.6016,124.3341,3.4053,0.3846,-0.0873,5.3109,56994.2686,-6370652.1000,
277.5000,56526.2198,131.6685,3.8080,0.4060,-0.0873,5.2358,57110.5002,-6370702.6961,
277.7500,56497.3101,141.2367,4.3763,0.4345,-0.0873,5.1280,57249.2518,-6370742.2715,
278.0000,56464.7333,152.8818,5.1322,0.4695,-0.0873,4.9878,57413.3322,-6370769.3227,
278.2500,56428.3640,166.2823,6.0899,0.5103,-0.0873,4.8155,57603.6284,-6370782.3418,
278.5000,56388.1355,180.9567,7.2497,0.5553,-0.0873,4.6112,57817.1655,-6370779.2807,
278.7500,56344.0954,196.2680,8.5895,0.6027,-0.0873,4.3755,58044.8603,-6370756.9718,
279.0000,56296.4656,211.4290,10.0567,0.6501,-0.0873,4.1085,58269.6105,-6370710.8546,
279.2500,56245.6982,225.5188,11.5620,0.6948,-0.0873,3.8106,58465.8938,-6370635.6687,
279.5000,56192.4176,238.4283,13.0419,0.7354,0.0873,3.4945,58620.7777,-6370532.1619,
279.7500,56137.1364,249.5606,14.4525,0.7714,0.0873,3.2112,58727.2212,-6370402.4134,
280.0000,56080.7542,257.8399,15.6178,0.7989,0.0264,2.9596,58747.6600,-6370245.9918,
280.2500,56024.1567,263.7481,16.5000,0.8181,0.0803,2.7327,58687.1609,-6370073.8488,
280.5000,55968.1087,267.1256,17.0956,0.8297,0.0873,2.5266,58559.1484,-6369897.8208,
280.7500,55913.2377,268.3179,17.4466,0.8352,-0.0043,2.3401,58383.0034,-6369726.0022,
281.0000,55860.0629,267.7583,17.5192,0.8340,0.0317,2.1703,58166.3108,-6369571.3521,
281.2500,55808.9788,265.4830,17.3635,0.8275,0.0504,2.0161,57926.7469,-6369439.2094,
281.5000,55760.2841,261.6579,17.0140,0.8165,0.0141,1.8743,57677.2171,-6369333.9048,
281.7500,55714.1782,256.6655,16.4725,0.8009,0.0873,1.7446,57425.6347,-6369262.0393,
282.0000,55670.7909,250.5307,15.8180,0.7826,0.0467,1.6257,57181.9268,-6369216.3900,
282.2500,55630.1922,243.3308,15.0386,0.7611,-0.0194,1.5164,56949.3164,-6369202.3229,
282.5000,55592.4037,235.5420,14.1562,0.7366,0.0803,1.4167,56732.1349,-6369219.3996,
282.7500,55557.4074,226.7111,13.2275,0.7103,-0.0873,1.3246,56531.9458,-6369257.5110,
283.0000,55525.1575,217.5850,12.2197,0.6813,0.0873,1.2396,56351.5657,-6369326.3044,
283.2500,55495.5854,207.7165,11.2143,0.6514,-0.0132,1.1608,56188.0770,-6369406.3986,
283.5000,55468.6108,197.5080,10.1756,0.6194,0.0873,1.0885,56044.0718,-6369507.9669,
283.7500,55444.1352,186.6998,9.1612,0.5867,-0.0873,1.0215,55915.4936,-6369615.5371,
284.0000,55422.0543,175.7726,8.1395,0.5522,0.0873,0.9593,55805.4680,-6369738.9944,
284.2500,55402.2609,164.2608,7.1593,0.5172,-0.0670,0.9016,55708.9346,-6369863.7389,
284.5000,55384.6419,152.6970,6.2034,0.4809,0.0873,0.8475,55627.4523,-6369995.1928,
284.7500,55369.0864,140.6770,5.3034,0.4442,-0.0473,0.7970,55557.0945,-6370123.3611,
285.0000,55355.4852,128.5774,4.4454,0.4063,0.0873,0.7503,55499.4572,-6370252.9760,
285.2500,55343.7234,116.1270,3.6577,0.3683,-0.0757,0.7061,55450.0546,-6370374.1871,
285.5000,55333.6927,103.6355,2.9258,0.3291,0.0873,0.6645,55411.1355,-6370492.4387,
285.7500,55325.2871,90.8126,2.2725,0.2899,-0.0873,0.6254,55378.6852,-6370599.4049,
286.0000,55318.3991,77.9665,1.6875,0.2497,0.0873,0.5883,55354.4155,-6370699.0706,
286.2500,55312.9321,64.8415,1.1886,0.2095,-0.0873,0.5536,55334.9108,-6370784.7236,
286.5000,55308.7768,51.6994,0.7685,0.1684,0.0873,0.5198,55321.4752,-6370859.2778,
286.7500,55305.8371,38.2943,0.4392,0.1273,-0.0873,0.4872,55311.7809,-6370918.2168,
287.0000,55304.0110,24.8923,0.1978,0.0854,0.0873,0.4550,55306.2453,-6370962.6872,
287.2500,55303.2005,11.2723,0.0516,0.0436,-0.0873,0.4233,55303.4872,-6370989.9633,
287.5000,55303.2815,1.5049,0.0010,0.0060,0.0873,0.3927,55303.3706,-6370999.9718,
287.7500,55303.3078,1.3255,0.0002,0.0030,0.0873,0.3732,55303.3706,-6370999.9718,
288.0000,55302.7309,3.5908,0.0025,0.0097,0.0873,0.3539,55303.3706,-6370999.9718,
288.2500,55301.5507,5.9728,0.0079,0.0170,0.0873,0.3349,55303.3706,-6370999.9718,
288.5000,55299.7673,8.3726,0.0163,0.0245,0.0873,0.3162,55303.3706,-6370999.9718,
288.7500,55297.3807,10.7782,0.0277,0.0319,0.0873,0.2977,55303.3706,-6370999.9718,
289.0000,55294.3909,13.1865,0.0422,0.0394,0.0873,0.2794,55303.3706,-6370999.9718,
289.2500,55290.7978,15.5962,0.0597,0.0469,0.0873,0.2615,55303.3706,-6370999.9718,
289.5000,55286.6015,18.0068,0.0803,0.0544,0.0873,0.2437,55303.3706,-6370999.9718,
289.7500,55281.8019,20.4180,0.1040,0.0618,0.0873,0.2262,55303.3706,-6370999.9718,
290.0000,55276.3992,22.8295,0.1307,0.0693,0.0873,0.2090,55303.3706,-6370999.9718,
290.2500,55270.3932,25.2413,0.1606,0.0768,0.0873,0.1920,55303.3705,-6370999.9718,
290.5000,55263.7839,27.6533,0.1935,0.0843,0.0873,0.1752,55303.3705,-6370999.9718,
290.7500,55256.5714,30.0654,0.2296,0.0917,0.0873,0.1586,55303.3704,-6370999.9718,
291.0000,55248.7557,32.4777,0.2688,0.0992,0.0873,0.1423,55303.3704,-6370999.9718,
291.2500,55240.3368,34.8900,0.3112,0.1067,0.0873,0.1262,55303.3703,-6370999.9718,
291.5000,55231.3146,37.3025,0.3567,0.1142,0.0873,0.1103,55303.3702,-6370999.9718,
291.7500,55221.6892,39.7150,0.4055,0.1216,0.0873,0.0947,55303.3700,-6370999.9718,
292.0000,55211.4606,42.1275,0.4574,0.1291,0.0873,0.0792,55303.3698,-6370999.9718,
292.2500,55200.6287,44.5401,0.5126,0.1366,0.0873,0.0640,55303.3696,-6370999.9718,
292.5000,55189.1936,46.9527,0.5711,0.1441,0.0873,0.0489,55303.3694,-6370999.9718,
292.7500,55177.1552,49.3654,0.6328,0.1515,0.0873,0.0341,55303.3691,-6370999.9718,
293.0000,55164.5136,51.7781,0.6978,0.1590,0.0873,0.0195,55303.3688,-6370999.9718,
293.2500,55151.2688,54.1908,0.7662,0.1665,0.0873,0.0051,55303.3684,-6370999.9718,
293.5000,55137.4207,56.6036,0.8380,0.1739,0.0873,-0.0091,55303.3680,-6370999.9718,
293.7500,55122.9694,59.0164,0.9131,0.1814,0.0873,-0.0231,55303.3675,-6370999.9718,
294.0000,55107.9148,61.4292,0.9917,0.1889,0.0873,-0.0370,55303.3670,-6370999.9718,
294.2500,55092.2570,63.8420,1.0738,0.1963,0.0873,-0.0506,55303.3664,-6370999.9718,
294.5000,55075.9960,66.2548,1.1593,0.2038,0.0873,-0.0641,55303.3657,-6370999.9718,
294.7500,55059.1317,68.6676,1.2484,0.2112,0.0873,-0.0773,55303.3649,-6370999.9718,
295.0000,55041.6642,71.0805,1.3411,0.2187,0.0873,-0.0904,55303.3640,-6370999.9718,
295.2500,55023.5934,73.4934,1.4374,0.2261,0.0873,-0.1033,55303.3631,-6370999.9718,
295.5000,55004.9193,75.9062,1.5374,0.2336,0.0873,-0.1160,55303.3620,-6370999.9718,
295.7500,54985.6420,78.3191,1.6410,0.2410,0.0873,-0.1286,55303.3608,-6370999.9718,
296.0000,54965.7615,80.7320,1.7484,0.2485,0.0873,-0.1410,55303.3595,-6370999.9718,
296.2500,54945.2777,83.1449,1.8597,0.2559,0.0873,-0.1532,55303.3581,-6370999.9718,
296.5000,54924.1907,85.5579,1.9747,0.2634,0.0873,-0.1652,55303.3566,-6370999.9718,
296.7500,54902.5004,87.9708,2.0937,0.2708,0.0873,-0.1771,55303.3549,-6370999.9718,
297.0000,54880.2068,90.3837,2.2166,0.2782,0.0873,-0.1888,55303.3530,-6370999.9718,
297.2500,54857.3100,92.7967,2.3435,0.2857,0.0873,-0.2003,55303.3510,-6370999.9718,
297.5000,54833.8099,95.2097,2.4744,0.2931,0.0873,-0.2117,55303.3489,-6370999.9718,
297.7500,54809.7066,97.6226,2.6095,0.3005,0.0873,-0.2230,55303.3465,-6370999.9718,
298.0000,54785.0000,100.0356,2.7487,0.3080,0.0873,-0.2341,55303.3440,-6370999.9718,
298.2500,54759.6901,102.4486,2.8922,0.3154,0.0873,-0.2450,55303.3413,-6370999.9718,
298.5000,54733.7770,104.8616,3.0400,0.3228,0.0873,-0.2558,55303.3383,-6370999.9718,
298.7500,54707.2606,107.2746,3.1921,0.3302,0.0873,-0.2664,55303.3351,-6370999.9718,
299.0000,54680.1410,109.6876,3.3487,0.3376,0.0873,-0.2769,55303.3317,-6370999.9718,
299.2500,54652.4181,112.1007,3.5097,0.3450,0.0873,-0.2872,55303.3281,-6370999.9718,
299.5000,54624.0919,114.5137,3.6753,0.3524,0.0873,-0.2974,55303.3242,-6370999.9718,
299.7500,54595.1624,116.9267,3.8456,0.3598,0.0873,-0.3075,55303.3200,-6370999.9718,
300.0000,54565.6297,119.3398,4.0206,0.3672,0.0873,-0.3174,55303.3156,-6370999.9718,
300.2500,54535.4936,121.7528,4.2004,0.3746,0.0873,-0.3272,55303.3108,-6370999.9718,
300.5000,54504.7544,124.1659,4.3850,0.3820,0.0873,-0.3368,55303.3057,-6370999.9718,
300.7500,54473.4118,126.5790,4.5746,0.3894,0.0873,-0.3464,55303.3003,-6370999.9718,
301.0000,54441.4660,128.9920,4.7693,0.3968,0.0873,-0.3557,55303.2946,-6370999.9718,
301.2500,54408.9168,131.4051,4.9690,0.4042,0.0873,-0.3650,55303.2885,-6370999.9718,
301.5000,54375.7644,133.8182,5.1740,0.4116,0.0873,-0.3741,55303.2821,-6370999.9718,
301.7500,54342.0087,136.2313,5.3843,0.4189,0.0873,-0.3831,55303.2752,-6370999.9718,
302.0000,54307.6498,138.6444,5.6000,0.4263,0.0873,-0.3920,55303.2680,-6370999.9718,
302.2500,54272.6875,141.0575,5.8211,0.4337,0.0873,-0.4008,55303.2603,-6370999.9718,
302.5000,54237.1219,143.4707,6.0479,0.4410,0.0873,-0.4094,55303.2522,-6370999.9718,
302.7500,54200.9531,145.8838,6.2803,0.4484,0.0873,-0.4179,55303.2437,-6370999.9718,
303.0000,54164.1810,148.2969,6.5186,0.4557,0.0873,-0.4263,55303.2346,-6370999.9718,
303.2500,54126.8056,150.7101,6.7627,0.4631,0.0873,-0.4346,55303.2251,-6370999.9718,
303.5000,54088.8269,153.1232,7.0129,0.4704,0.0873,-0.4428,55303.2150,-6370999.9718,
303.7500,54050.2449,155.5364,7.2692,0.4778,0.0873,-0.4509,55303.2045,-6370999.9718,
304.0000,54011.0596,157.9495,7.5317,0.4851,0.0873,-0.4588,55303.1933,-6370999.9718,
304.2500,53971.2710,160.3627,7.8006,0.4924,0.0873,-0.4667,55303.1816,-6370999.9718,
304.5000,53930.8791,162.7758,8.0759,0.4997,0.0873,-0.4744,55303.1693,-6370999.9718,
304.7500,53889.8839,165.1890,8.3579,0.5071,0.0873,-0.4820,55303.1563,-6370999.9718,
305.0000,53848.2854,167.6022,8.6466,0.5144,0.0873,-0.4895,55303.1428,-6370999.9718,
305.2500,53806.0836,170.0154,8.9421,0.5217,0.0873,-0.4970,55303.1285,-6370999.9718,
305.5000,53763.2785,172.4286,9.2446,0.5290,0.0873,-0.5043,55303.1135,-6370999.9718,
305.7500,53719.8701,174.8418,9.5543,0.5363,0.0873,-0.5115,55303.0979,-6370999.9718,
306.0000,53675.8584,177.2550,9.8712,0.5436,0.0873,-0.5186,55303.0814,-6370999.9718,
306.2500,53631.2434,179.6682,10.1955,0.5509,0.0873,-0.5256,55303.0642,-6370999.9718,
306.5000,53586.0250,182.0814,10.5274,0.5582,0.0873,-0.5326,55303.0462,-6370999.9718,
306.7500,53540.2034,184.4946,10.8670,0.5655,0.0873,-0.5394,55303.0274,-6370999.9718,
307.0000,53493.7785,186.9078,11.2144,0.5727,0.0873,-0.5461,55303.0077,-6370999.9718,
307.2500,53446.7503,189.3210,11.5699,0.5800,0.0873,-0.5528,55302.9871,-6370999.9718,
307.5000,53399.1187,191.7342,11.9335,0.5873,0.0873,-0.5593,55302.9656,-6370999.9718,
307.7500,53350.8839,194.1474,12.3055,0.5945,0.0873,-0.5658,55302.9431,-6370999.9718,
308.0000,53302.0457,196.5607,12.6860,0.6018,0.0873,-0.5721,55302.9197,-6370999.9718,
308.2500,53252.6042,198.9739,13.0752,0.6090,0.0873,-0.5784,55302.8952,-6370999.9718,
308.5000,53202.5594,201.3871,13.4732,0.6163,0.0873,-0.5846,55302.8697,-6370999.9718,
308.7500,53151.9114,203.8003,13.8803,0.6235,0.0873,-0.5907,55302.8430,-6370999.9718,
309.0000,53100.6600,206.2135,14.2967,0.6307,0.0873,-0.5968,55302.8153,-6370999.9718,
309.2500,53048.8052,208.6268,14.7224,0.6380,0.0873,-0.6027,55302.7864,-6370999.9718,
309.5000,52996.3472,211.0400,15.1578,0.6452,0.0873,-0.6086,55302.7562,-6370999.9718,
309.7500,52943.2859,213.4532,15.6030,0.6524,0.0873,-0.6144,55302.7249,-6370999.9718,
310.0000,52889.6213,215.8664,16.0582,0.6596,0.0873,-0.6201,55302.6922,-6370999.9718,
310.2500,52835.3533,218.2796,16.5237,0.6668,0.0873,-0.6257,55302.6582,-6370999.9718,
310.5000,52780.4821,220.6929,16.9996,0.6740,0.0873,-0.6312,55302.6229,-6370999.9718,
310.7500,52725.0075,223.1061,17.4862,0.6812,0.0873,-0.6367,55302.5861,-6370999.9718,
311.0000,52668.9296,225.5193,17.9837,0.6883,0.0873,-0.6421,55302.5478,-6370999.9718,
311.2500,52612.2485,227.9325,18.4923,0.6955,0.0873,-0.6474,55302.5081,-6370999.9718,
311.5000,52554.9640,230.3457,19.0122,0.7027,0.0873,-0.6527,55302.4668,-6370999.9718,
311.7500,52497.0762,232.7589,19.5438,0.7099,0.0873,-0.6579,55302.4239,-6370999.9718,
312.0000,52438.5851,235.1721,20.0872,0.7170,0.0873,-0.6630,55302.3793,-6370999.9718,
312.2500,52379.4907,237.5852,20.6427,0.7242,0.0873,-0.6680,55302.3330,-6370999.9718,
312.5000,52319.7931,239.9984,21.2106,0.7313,0.0873,-0.6730,55302.2850,-6370999.9718,
312.7500,52259.4921,242.4116,21.7911,0.7384,0.0873,-0.6779,55302.2351,-6370999.9718,
313.0000,52198.5878,244.8247,22.3845,0.7456,0.0873,-0.6827,55302.1834,-6370999.9718,
313.2500,52137.0803,247.2379,22.9911,0.7527,0.0873,-0.6875,55302.1298,-6370999.9718,
313.5000,52074.9694,249.6510,23.6111,0.7598,0.0873,-0.6922,55302.0741,-6370999.9718,
313.7500,52012.2553,252.0641,24.2449,0.7669,0.0873,-0.6968,55302.0164,-6370999.9718,
314.0000,51948.9379,254.4773,24.8927,0.7740,0.0873,-0.7014,55301.9566,-6370999.9718,
314.2500,51885.0172,256.8904,25.5549,0.7811,0.0873,-0.7059,55301.8946,-6370999.9718,
314.5000,51820.4933,259.3034,26.2317,0.7882,0.0873,-0.7103,55301.8303,-6370999.9718,
314.7500,51755.3660,261.7165,26.9236,0.7953,0.0873,-0.7147,55301.7637,-6370999.9718,
315.0000,51689.6355,264.1295,27.6307,0.8023,0.0873,-0.7190,55301.6946,-6370999.9718,
315.2500,51623.3018,266.5424,28.3535,0.8094,0.0873,-0.7233,55301.6198,-6370999.9718,
315.5000,51556.3648,268.9551,29.0922,0.8165,0.0873,-0.7275,55301.5382,-6370999.9718,
315.7500,51488.8247,271.3677,29.8472,0.8235,0.0873,-0.7317,55301.4494,-6370999.9718,
316.0000,51420.6815,273.7800,30.6189,0.8305,0.0873,-0.7357,55301.3530,-6370999.9718,
316.2500,51351.9353,276.1921,31.4076,0.8376,0.0873,-0.7398,55301.2486,-6370999.9718,
316.5000,51282.5860,278.6041,32.2137,0.8446,0.0873,-0.7438,55301.1359,-6370999.9718,
316.7500,51212.6337,281.0158,33.0375,0.8516,0.0873,-0.7477,55301.0143,-6370999.9718,
317.0000,51142.0786,283.4272,33.8795,0.8586,0.0873,-0.7516,55300.8835,-6370999.9718,
317.2500,51070.9206,285.8385,34.7401,0.8656,0.0873,-0.7554,55300.7429,-6370999.9718,
317.5000,50999.1598,288.2495,35.6196,0.8726,0.0873,-0.7592,55300.5921,-6370999.9718,
317.7500,50926.7964,290.6601,36.8095,0.8799,0.0873,-0.7629,55300.4294,-6370999.9718,
318.0000,50853.8303,293.0705,37.7638,0.8872,0.0873,-0.7665,55300.2548,-6370999.9718,
318.2500,50780.2616,295.4806,38.7405,0.8945,0.0873,-0.7701,55300.0679,-6370999.9718,
318.5000,50706.0905,297.8903,39.7400,0.9018,0.0873,-0.7737,55299.8680,-6370999.9718,
318.7500,50631.3169,300.2997,40.7629,0.9091,0.0873,-0.7772,55299.6546,-6370999.9718,
319.0000,50555.9411,302.7088,41.8098,0.9164,0.0873,-0.7807,55299.4269,-6370999.9718,
319.2500,50479.9630,305.1175,42.8813,0.9237,0.0873,-0.7841,55299.1842,-6370999.9718,
319.5000,50403.3828,307.5259,43.9780,0.9310,0.0873,-0.7875,55298.9259,-6370999.9718,
319.7500,50326.2006,309.9338,45.1004,0.9383,0.0873,-0.7908,55298.6512,-6370999.9718,
320.0000,50248.4164,312.3413,46.2492,0.9456,0.0873,-0.7941,55298.3593,-6370999.9718,
320.2500,50170.0304,314.7484,47.4251,0.9529,0.0873,-0.7973,55298.0494,-6370999.9719,
320.5000,50091.0427,317.1550,48.6286,0.9602,0.0873,-0.8005,55297.7206,-6370999.9719,
320.7500,50011.4533,319.5612,49.8606,0.9675,0.0873,-0.8037,55297.3722,-6370999.9719,
321.0000,49931.2625,321.9669,51.1217,0.9748,0.0873,-0.8068,55297.0031,-6370999.9719,
321.2500,49850.4703,324.3721,52.4126,0.9821,0.0873,-0.8098,55296.6125,-6370999.9719,
321.5000,49769.0769,326.7768,53.7340,0.9894,0.0873,-0.8128,55296.1993,-6370999.9719,
321.7500,49687.0824,329.1809,55.0867,0.9967,0.0873,-0.8158,55295.7626,-6370999.9719,
322.0000,49604.4870,331.5844,56.4715,1.0039,0.0873,-0.8188,55295.3013,-6370999.9719,
322.2500,49521.2907,333.9874,57.8891,1.0112,0.0873,-0.8216,55294.8143,-6370999.9719,
322.5000,49437.4937,336.3897,59.3404,1.0185,0.0873,-0.8245,55294.3004,-6370999.9719,
322.7500,49353.0963,338.7914,60.8262,1.0258,0.0873,-0.8273,55293.7585,-6370999.9719,
323.0000,49268.0985,341.1924,62.3474,1.0331,0.0873,-0.8301,55293.1874,-6370999.9719,
323.2500,49182.5005,343.5928,63.9049,1.0404,0.0873,-0.8328,55292.5858,-6370999.9719,
323.5000,49096.3025,345.9924,65.4995,1.0476,0.0873,-0.8355,55291.9523,-6370999.9719,
323.7500,49009.5047,348.3915,67.1322,1.0549,0.0873,-0.8382,55291.2891,-6370999.9719,
324.0000,48922.1072,350.7902,68.8041,1.0622,0.0873,-0.8408,55290.6067,-6370999.9719,
324.2500,48834.1100,353.1886,70.5162,1.0695,0.0873,-0.8434,55289.9053,-6370999.9719,
324.5000,48745.5133,355.5867,72.2695,1.0767,0.0873,-0.8460,55289.1844,-6370999.9719,
324.7500,48656.3171,357.9844,74.0651,1.0840,0.0873,-0.8485,55288.4436,-6370999.9719,
325.0000,48566.5215,360.3818,75.9040,1.0913,0.0873,-0.8510,55287.6823,-6370999.9719,
325.2500,48476.1266,362.7788,77.7873,1.0985,0.0873,-0.8534,55286.9000,-6370999.9719,
325.5000,48385.1325,365.1755,79.7163,1.1058,0.0873,-0.8559,55286.0961,-6370999.9719,
325.7500,48293.5392,367.5718,81.6920,1.1131,0.0873,-0.8583,55285.2702,-6370999.9719,
326.0000,48201.3470,369.9677,83.7157,1.1203,0.0873,-0.8606,55284.4215,-6370999.9719,
326.2500,48108.5558,372.3632,85.7885,1.1276,0.0873,-0.8629,55283.5496,-6370999.9719,
326.5000,48015.1658,374.7583,87.9118,1.1349,0.0873,-0.8652,55282.6539,-6370999.9719,
326.7500,47921.1771,377.1529,90.0869,1.1421,0.0873,-0.8675,55281.7337,-6370999.9719,
327.0000,47826.5897,379.5472,92.3150,1.1494,0.0873,-0.8697,55280.7883,-6370999.9719,
327.2500,47731.4039,381.9410,94.5977,1.1566,0.0873,-0.8719,55279.8172,-6370999.9719,
327.5000,47635.6196,384.3344,96.9361,1.1639,0.0873,-0.8741,55278.8197,-6370999.9719,
327.7500,47539.2370,386.7273,99.3319,1.1712,0.0873,-0.8762,55277.7950,-6370999.9719,
328.0000,47442.2563,389.1198,101.7865,1.1784,0.0873,-0.8783,55276.7426,-6370999.9719,
328.2500,47344.6775,391.5118,104.3015,1.1857,0.0873,-0.8804,55275.6615,-6370999.9719,
328.5000,47246.5008,393.9033,106.8784,1.1929,0.0873,-0.8824,55274.5512,-6370999.9719,
328.7500,47147.7263,396.2943,109.5188,1.2002,0.0873,-0.8844,55273.4108,-6370999.9720,
329.0000,47048.3540,398.6848,112.2244,1.2074,0.0873,-0.8864,55272.2396,-6370999.9720,
329.2500,46948.3843,401.0743,118.2125,1.2149,0.0873,-0.8884,55271.0243,-6370999.9720,
329.5000,46847.8173,403.4629,121.2522,1.2227,0.0873,-0.8903,55269.7542,-6370999.9720,
329.7500,46746.6532,405.8509,124.3729,1.2306,0.0873,-0.8923,55268.4488,-6370999.9720,
330.0000,46644.8922,408.2384,127.5768,1.2385,0.0873,-0.8941,55267.1074,-6370999.9720,
330.2500,46542.5344,410.6252,130.8664,1.2464,0.0873,-0.8960,55265.7289,-6370999.9720,
330.5000,46439.5800,413.0113,134.2443,1.2544,0.0873,-0.8978,55264.3122,-6370999.9720,
330.7500,46336.0291,415.3968,137.7129,1.2623,0.0873,-0.8996,55262.8564,-6370999.9720,
331.0000,46231.8819,417.7817,141.2751,1.2702,0.0873,-0.9014,55261.3603,-6370999.9720,
331.2500,46127.1386,420.1659,144.9335,1.2782,0.0873,-0.9032,55259.8229,-6370999.9720,
331.5000,46021.7994,422.5493,148.6911,1.2862,0.0873,-0.9049,55258.2429,-6370999.9720,
331.7500,45915.8644,424.9321,152.5507,1.2941,0.0873,-0.9066,55256.6191,-6370999.9720,
332.0000,45809.3337,427.3141,156.5154,1.3021,0.0873,-0.9083,55254.9504,-6370999.9720,
332.2500,45702.2077,429.6954,160.5883,1.3101,0.0873,-0.9100,55253.2356,-6370999.9720,
332.5000,45594.4864,432.0759,164.7727,1.3181,0.0873,-0.9116,55251.4732,-6370999.9720,
332.7500,45486.1701,434.4556,169.0720,1.3262,0.0873,-0.9133,55249.6619,-6370999.9720,
333.0000,45377.2590,436.8344,173.4895,1.3342,0.0873,-0.9149,55247.8005,-6370999.9720,
333.2500,45267.7533,439.2125,178.0289,1.3422,0.0873,-0.9164,55245.8874,-6370999.9720,
333.5000,45157.6532,441.5897,182.6938,1.3503,0.0873,-0.9180,55243.9212,-6370999.9720,
333.7500,45046.9588,443.9660,187.4881,1.3584,0.0873,-0.9195,55241.9004,-6370999.9720,
334.0000,44935.6706,446.3414,192.4157,1.3664,0.0873,-0.9210,55239.8234,-6370999.9721,
334.2500,44823.7885,448.7158,197.4806,1.3745,0.0873,-0.9225,55237.6887,-6370999.9721,
334.5000,44711.3130,451.0894,202.6871,1.3826,0.0873,-0.9240,55235.4945,-6370999.9721,
334.7500,44598.2442,453.4619,208.0394,1.3907,0.0873,-0.9254,55233.2392,-6370999.9721,
335.0000,44484.5825,455.8334,213.5422,1.3989,0.0873,-0.9269,55230.9210,-6370999.9721,
335.2500,44370.3279,458.2039,219.2000,1.4070,0.0873,-0.9283,55228.5381,-6370999.9721,
335.5000,44255.4809,460.5734,225.0176,1.4151,0.0873,-0.9297,55226.0887,-6370999.9721,
335.7500,44140.0416,462.9417,230.9999,1.4233,0.0873,-0.9310,55223.5707,-6370999.9721,
336.0000,44024.0104,465.3090,237.1521,1.4315,0.0873,-0.9324,55220.9823,-6370999.9721,
336.2500,43907.3875,467.6751,243.4795,1.4397,0.0873,-0.9337,55218.3214,-6370999.9721,
336.5000,43790.1732,470.0400,249.9876,1.4478,0.0873,-0.9350,55215.5858,-6370999.9721,
336.7500,43672.3679,472.4037,256.6819,1.4561,0.0873,-0.9363,55212.7734,-6370999.9721,
337.0000,43553.9718,474.7662,263.5684,1.4643,0.0873,-0.9376,55209.8820,-6370999.9721,
337.2500,43434.9852,477.1273,270.6530,1.4725,0.0873,-0.9389,55206.9091,-6370999.9721,
337.5000,43315.4085,479.4872,277.9422,1.4807,0.0873,-0.9401,55203.8525,-6370999.9721,
337.7500,43195.2420,481.8457,285.4422,1.4890,0.0873,-0.9414,55200.7096,-6370999.9722,
338.0000,43074.4860,484.2029,293.1598,1.4973,0.0873,-0.9426,55197.4779,-6370999.9722,
338.2500,42953.1409,486.5586,301.1020,1.5055,0.0873,-0.9438,55194.1548,-6370999.9722,
338.5000,42831.2071,488.9129,309.2759,1.5138,0.0873,-0.9449,55190.7375,-6370999.9722,
338.7500,42708.6849,491.2656,317.6888,1.5221,0.0873,-0.9461,55187.2232,-6370999.9722,
339.0000,42585.5747,493.6168,326.3485,1.5304,0.0873,-0.9473,55183.6091,-6370999.9722,
339.2500,42461.8769,495.9665,335.2629,1.5388,0.0873,-0.9484,55179.8921,-6370999.9722,
339.5000,42337.5919,498.3145,344.4402,1.5471,0.0873,-0.9495,55176.0692,-6370999.9722,
339.7500,42212.7200,500.6608,353.8889,1.5554,0.0873,-0.9506,55172.1372,-6370999.9722,
340.0000,42087.2619,503.0054,363.6177,1.5638,0.0873,-0.9517,55168.0927,-6370999.9722,
340.2500,41961.2178,505.3482,373.6358,1.5722,0.0873,-0.9527,55163.9325,-6370999.9722,
340.5000,41834.5882,507.6892,383.9525,1.5806,0.0873,-0.9538,55159.6529,-6370999.9722,
340.7500,41707.3736,510.0283,394.5777,1.5889,0.0873,-0.9548,55155.2503,-6370999.9723,
341.0000,41579.5744,512.3656,405.5214,1.5974,0.0873,-0.9559,55150.7211,-6370999.9723,
341.2500,41451.1912,514.7008,416.7940,1.6058,0.0873,-0.9569,55146.0612,-6370999.9723,
341.5000,41322.2245,517.0340,428.4064,1.6142,0.0873,-0.9579,55141.2668,-6370999.9723,
341.7500,41192.6747,519.3651,440.3698,1.6226,0.0873,-0.9589,55136.3337,-6370999.9723,
342.0000,41062.5424,521.6940,452.6957,1.6311,0.0873,-0.9598,55131.2576,-6370999.9723,
342.2500,40931.8281,524.0207,465.3961,1.6396,0.0873,-0.9608,55126.0342,-6370999.9723,
342.5000,40800.5325,526.3451,478.4836,1.6480,0.0873,-0.9617,55120.6587,-6370999.9723,
342.7500,40668.6560,528.6672,491.9709,1.6565,0.0873,-0.9627,55115.1266,-6370999.9723,
343.0000,40536.1993,530.9869,505.8714,1.6650,0.0873,-0.9636,55109.4330,-6370999.9723,
343.2500,40403.1630,533.3041,520.1990,1.6735,0.0873,-0.9645,55103.5728,-6370999.9724,
343.5000,40269.5478,535.6187,534.9679,1.6820,0.0873,-0.9654,55097.5408,-6370999.9724,
343.7500,40135.3541,537.9307,550.1930,1.6906,0.0873,-0.9663,55091.3316,-6370999.9724,
344.0000,40000.5829,540.2400,565.8896,1.6991,0.0873,-0.9671,55084.9397,-6370999.9724,
344.2500,39865.2346,542.5465,582.0737,1.7077,0.0873,-0.9680,55078.3593,-6370999.9724,
344.5000,39729.3101,544.8501,598.7618,1.7162,0.0873,-0.9688,55071.5844,-6370999.9724,
344.7500,39592.8101,547.1508,615.9709,1.7248,0.0873,-0.9697,55064.6090,-6370999.9724,
345.0000,39455.7352,549.4484,633.7188,1.7334,0.0873,-0.9705,55057.4266,-6370999.9724,
345.2500,39318.0864,551.7429,652.0238,1.7420,0.0873,-0.9713,55050.0306,-6370999.9725,
345.5000,39179.8643,554.0342,670.9049,1.7506,0.0873,-0.9721,55042.4142,-6370999.9725,
345.7500,39041.0698,556.3221,690.3820,1.7592,0.0873,-0.9729,55034.5705,-6370999.9725,
346.0000,38901.7037,558.6067,710.4754,1.7678,0.0873,-0.9737,55026.4920,-6370999.9725,
346.2500,38761.7670,560.8877,731.2063,1.7764,0.0873,-0.9744,55018.1713,-6370999.9725,
346.5000,38621.2604,563.1650,752.5967,1.7851,0.0873,-0.9752,55009.6005,-6370999.9725,
346.7500,38480.1850,565.4387,774.6693,1.7937,0.0873,-0.9759,55000.7715,-6370999.9725,
347.0000,38338.5417,567.7084,797.4479,1.8024,0.0873,-0.9767,54991.6761,-6370999.9725,
347.2500,38196.3314,569.9742,820.9568,1.8110,0.0873,-0.9774,54982.3055,-6370999.9726,
347.5000,38053.5551,572.2359,845.2215,1.8197,0.0873,-0.9781,54972.6508,-6370999.9726,
347.7500,37910.2140,574.4934,870.2682,1.8284,0.0873,-0.9788,54962.7027,-6370999.9726,
348.0000,37766.3090,576.7466,896.1243,1.8371,0.0873,-0.9795,54952.4516,-6370999.9726,
348.2500,37621.8413,578.9953,922.8182,1.8458,0.0873,-0.9802,54941.8876,-6370999.9726,
348.5000,37476.8120,581.2393,950.3790,1.8545,0.0873,-0.9809,54931.0005,-6370999.9726,
348.7500,37331.2223,583.4786,978.8373,1.8632,0.0873,-0.9816,54919.7795,-6370999.9727,
349.0000,37185.0733,585.7130,1008.2247,1.8719,0.0873,-0.9822,54908.2136,-6370999.9727,
349.2500,37038.3664,587.9423,1038.5738,1.8806,0.0873,-0.9829,54896.2915,-6370999.9727,
349.5000,36891.1028,590.1665,1069.9187,1.8893,0.0873,-0.9835,54884.0012,-6370999.9727,
349.7500,36743.2839,592.3852,1102.2946,1.8981,0.0873,-0.9841,54871.3307,-6370999.9727,
350.0000,36594.9109,594.5984,1135.7379,1.9068,0.0873,-0.9848,54858.2671,-6370999.9728,
350.2500,36445.9854,596.8059,1170.2866,1.9155,0.0873,-0.9854,54844.7974,-6370999.9728,
350.5000,36296.5087,599.0074,1205.9801,1.9243,0.0873,-0.9860,54830.9079,-6370999.9728,
350.7500,36146.4824,601.2029,1242.8589,1.9330,0.0873,-0.9866,54816.5846,-6370999.9728,
351.0000,35995.9080,603.3921,1280.9656,1.9418,0.0873,-0.9872,54801.8129,-6370999.9728,
351.2500,35844.7870,605.5749,1320.3438,1.9505,0.0873,-0.9878,54786.5777,-6370999.9729,
351.5000,35693.1213,607.7509,1361.0391,1.9593,0.0873,-0.9883,54770.8633,-6370999.9729,
351.7500,35540.9124,609.9201,1403.0986,1.9680,0.0873,-0.9889,54754.6535,-6370999.9729,
352.0000,35388.1621,612.0821,1446.5714,1.9768,0.0873,-0.9894,54737.9315,-6370999.9729,
352.2500,35234.8721,614.2368,1491.5082,1.9856,0.0873,-0.9900,54720.6799,-6370999.9730,
352.5000,35081.0445,616.3840,1537.9616,1.9943,0.0873,-0.9905,54702.8807,-6370999.9730,
352.7500,34926.6810,618.5233,1585.9863,2.0031,0.0873,-0.9911,54684.5152,-6370999.9730,
353.0000,34771.7837,620.6545,1635.6388,2.0118,0.0873,-0.9916,54665.5639,-6370999.9730,
353.2500,34616.3547,622.7774,1686.9780,2.0206,0.0873,-0.9921,54646.0069,-6370999.9731,
353.5000,34460.3960,624.8916,1740.0648,2.0293,0.0873,-0.9926,54625.8234,-6370999.9731,
353.7500,34303.9098,626.9970,1794.9624,2.0381,0.0873,-0.9931,54604.9918,-6370999.9731,
354.0000,34146.8985,629.0932,1851.7362,2.0468,0.0873,-0.9936,54583.4898,-6370999.9731,
354.2500,33989.3642,631.1800,1910.4543,2.0555,0.0873,-0.9941,54561.2943,-6370999.9732,
354.5000,33831.3095,633.2569,1971.1870,2.0643,0.0873,-0.9946,54538.3814,-6370999.9732,
354.7500,33672.7368,635.3238,2034.0074,2.0730,0.0873,-0.9951,54514.7260,-6370999.9732,
355.0000,33513.6487,637.3802,2098.9913,2.0817,0.0873,-0.9955,54490.3027,-6370999.9733,
355.2500,33354.0478,639.4258,2166.2172,2.0904,0.0873,-0.9959,54465.0846,-6370999.9733,
355.5000,33193.9369,641.4603,2235.7663,2.0991,0.0873,-0.9962,54439.0442,-6370999.9733,
355.7500,33033.3188,643.4832,2307.7231,2.1077,0.0873,-0.9965,54412.1528,-6370999.9734,
356.0000,32872.1965,645.4943,2382.1749,2.1164,0.0873,-0.9967,54384.3807,-6370999.9734,
356.2500,32710.5729,647.4931,2459.2124,2.1250,0.0873,-0.9969,54355.6972,-6370999.9734,
356.5000,32548.4512,649.4792,2538.9293,2.1337,0.0873,-0.9971,54326.0705,-6370999.9735,
356.7500,32385.8346,651.4522,2621.4228,2.1423,0.0873,-0.9972,54295.4676,-6370999.9735,
357.0000,32222.7264,653.4116,2706.7936,2.1509,0.0873,-0.9974,54263.8542,-6370999.9735,
357.2500,32059.1302,655.3570,2795.1460,2.1594,0.0873,-0.9975,54231.1949,-6370999.9736,
357.5000,31895.0497,657.2829,2931.0713,2.1674,0.0873,-0.9976,54197.2197,-6370999.9736,
357.7500,31730.4903,659.1912,3022.8013,2.1745,0.0873,-0.9977,54161.8323,-6370999.9737,
358.0000,31565.4556,661.0844,3117.4977,2.1815,0.0873,-0.9978,54125.3062,-6370999.9737,
358.2500,31399.9496,662.9619,3215.2550,2.1885,0.0873,-0.9978,54087.6041,-6370999.9737,
358.5000,31233.9762,664.8234,3316.1706,2.1955,0.0873,-0.9979,54048.6873,-6370999.9738,
358.7500,31067.5395,666.6682,3420.3443,2.2024,0.0873,-0.9980,54008.5161,-6370999.9738,
359.0000,30900.6437,668.4959,3527.8791,2.2092,0.0873,-0.9980,53967.0492,-6370999.9739,
359.2500,30733.2932,670.3059,3638.8803,2.2160,0.0873,-0.9980,53924.2444,-6370999.9739,
359.5000,30565.4924,672.0978,3753.4564,2.2228,0.0873,-0.9981,53880.0580,-6370999.9740,
359.7500,30397.2461,673.8708,3871.7185,2.2295,0.0873,-0.9981,53834.4448,-6370999.9740,
360.0000,30228.5588,675.6245,3993.7807,2.2362,0.0873,-0.9981,53787.3584,-6370999.9741,
360.2500,30059.4357,677.3581,4119.7598,2.2428,0.0873,-0.9981,53738.7509,-6370999.9741,
360.5000,29889.8817,679.0712,4249.7758,2.2493,0.0873,-0.9982,53688.5731,-6370999.9742,
360.7500,29719.9020,680.7630,4383.9514,2.2557,0.0873,-0.9982,53636.7740,-6370999.9742,
361.0000,29549.5022,682.4329,4522.4123,2.2621,0.0873,-0.9982,53583.3014,-6370999.9743,
361.2500,29378.6877,684.0802,4665.2868,2.2685,0.0873,-0.9982,53528.1013,-6370999.9744,
361.5000,29207.4642,685.7042,4812.7067,2.2747,0.0873,-0.9982,53471.1183,-6370999.9744,
361.7500,29035.8378,687.3041,4964.8060,2.2809,0.0873,-0.9982,53412.2953,-6370999.9745,
362.0000,28863.8144,688.8793,5121.7219,2.2871,0.0873,-0.9982,53351.5735,-6370999.9745,
362.2500,28691.4004,690.4289,5283.5944,2.2931,0.0873,-0.9983,53288.8926,-6370999.9746,
362.5000,28518.6023,691.9522,5450.5661,2.2991,0.0873,-0.9983,53224.1903,-6370999.9747,
362.7500,28345.4268,693.4483,5622.7823,2.3049,0.0873,-0.9983,53157.4029,-6370999.9747,
363.0000,28171.8807,694.9164,5800.3909,2.3107,0.0873,-0.9983,53088.4647,-6370999.9748,
363.2500,27997.9712,696.3557,5983.5423,2.3164,0.0873,-0.9983,53017.3084,-6370999.9749,
363.5000,27823.7055,697.7652,6172.3892,2.3220,0.0873,-0.9983,52943.8648,-6370999.9750,
363.7500,27649.0913,699.1440,6367.0868,2.3276,0.0873,-0.9983,52868.0628,-6370999.9750,
364.0000,27474.1363,700.4913,6567.7921,2.3330,0.0873,-0.9983,52789.8297,-6370999.9751,
364.2500,27298.8485,701.8060,6774.6643,2.3383,0.0873,-0.9983,52709.0907,-6370999.9752,
364.5000,27123.2363,703.0871,6987.8643,2.3435,0.0873,-0.9983,52625.7694,-6370999.9753,
364.7500,26947.3080,704.3337,7207.5543,2.3486,0.0873,-0.9983,52539.7872,-6370999.9754,
365.0000,26771.0726,705.5447,7433.8984,2.3536,0.0873,-0.9983,52451.0639,-6370999.9754,
365.2500,26594.5389,706.7189,7667.0612,2.3585,0.0873,-0.9983,52359.5174,-6370999.9755,
365.5000,26417.7164,707.8554,7907.2085,2.3632,0.0873,-0.9983,52265.0636,-6370999.9756,
365.7500,26240.6146,708.9530,8154.5063,2.3679,0.0873,-0.9983,52167.6165,-6370999.9757,
366.0000,26063.2434,710.0105,8409.1212,2.3724,0.0873,-0.9983,52067.0886,-6370999.9758,
366.2500,25885.6130,711.0267,8671.2191,2.3767,0.0873,-0.9983,51963.3902,-6370999.9759,
366.5000,25707.7337,712.0005,8940.9656,2.3810,0.0873,-0.9983,51856.4299,-6370999.9760,
366.7500,25529.6165,712.9306,9218.5253,2.3851,0.0873,-0.9983,51746.1147,-6370999.9761,
367.0000,25351.2724,713.8156,9504.0611,2.3890,0.0873,-0.9983,51632.3497,-6370999.9762,
367.2500,25172.7127,714.6544,9797.7340,2.3928,0.0873,-0.9983,51515.0383,-6370999.9763,
367.5000,24993.9493,715.4456,10099.7025,2.3965,0.0873,-0.9983,51394.0825,-6370999.9764,
367.7500,24814.9942,716.1878,10410.1220,2.4000,0.0873,-0.9983,51269.3825,-6370999.9765,
368.0000,24635.8598,716.8795,10729.1439,2.4033,0.0873,-0.9983,51140.8370,-6370999.9766,
368.2500,24456.5589,717.5195,11056.9155,2.4064,0.0873,-0.9983,51008.3436,-6370999.9768,
368.5000,24277.1046,718.1063,11393.5788,2.4094,0.0873,-0.9983,50871.7982,-6370999.9769,
368.7500,24097.5104,718.6383,11739.2699,2.4122,0.0873,-0.9983,50731.0958,-6370999.9770,
369.0000,23917.7903,719.1142,12094.1182,2.4148,0.0873,-0.9983,50586.1301,-6370999.9771,
369.2500,23737.9583,719.5322,12458.2455,2.4173,0.0873,-0.9983,50436.7940,-6370999.9772,
369.5000,23558.0292,719.8910,12831.7655,2.4195,0.0873,-0.9983,50282.9793,-6370999.9774,
369.7500,23378.0180,720.1888,13214.7819,2.4215,0.0873,-0.9983,50124.5774,-6370999.9775,
370.0000,23197.9402,720.4242,13607.3885,2.4234,0.0873,-0.9983,49961.4791,-6370999.9776,
370.2500,23017.8115,720.5954,14009.6674,2.4250,0.0873,-0.9983,49793.5748,-6370999.9778,
370.5000,22837.6481,720.7008,14421.6882,2.4264,0.0873,-0.9983,49620.7548,-6370999.9779,
370.7500,22657.4668,720.7388,14843.5069,2.4275,0.0873,-0.9983,49442.9096,-6370999.9781,
371.0000,22477.2846,720.7075,15275.1646,2.4285,0.0873,-0.9983,49259.9296,-6370999.9782,
371.2500,22297.1191,720.6054,15716.6862,2.4292,0.0873,-0.9983,49071.7062,-6370999.9784,
371.5000,22116.9881,720.4307,16168.0793,2.4296,0.0873,-0.9983,48878.1313,-6370999.9785,
371.7500,21936.9101,720.1816,16629.3327,2.4298,0.0873,-0.9983,48679.0980,-6370999.9787,
372.0000,21756.9038,719.8564,17100.4154,2.4298,0.0873,-0.9983,48474.5006,-6370999.9789,
372.2500,21576.9885,719.4533,17581.2748,2.4295,0.0873,-0.9983,48264.2352,-6370999.9790,
372.5000,21397.1840,718.9705,18071.8354,2.4289,0.0873,-0.9983,48048.1998,-6370999.9792,
372.7500,21217.5102,718.4062,18571.9976,2.4281,0.0873,-0.9983,47826.2947,-6370999.9794,
373.0000,21037.9879,717.7587,19081.6360,2.4269,0.0873,-0.9983,47598.4230,-6370999.9795,
373.2500,20858.6381,717.0261,19600.5980,2.4255,0.0873,-0.9983,47364.4906,-6370999.9797,
373.5000,20679.4822,716.2067,20128.7026,2.4238,0.0873,-0.9983,47124.4072,-6370999.9799,
373.7500,20500.5423,715.2988,20665.7383,2.4218,0.0873,-0.9983,46878.0859,-6370999.9801,
374.0000,20321.8405,714.3004,21211.4625,2.4195,0.0873,-0.9983,46625.4444,-6370999.9803,
374.2500,20143.3999,713.2099,21765.5995,2.4168,0.0873,-0.9983,46366.4048,-6370999.9805,
374.5000,19965.2436,712.0213,22327.8394,2.4139,0.0873,-0.9983,46100.8947,-6370999.9807,
374.7500,19787.3994,710.7172,23035.7199,2.4095,0.0873,-0.9983,45827.1067,-6370999.9809,
375.0000,19609.8931,709.3180,23593.0066,2.4049,0.0873,-0.9983,45546.8275,-6370999.9811,
375.2500,19432.7486,707.8223,24155.7502,2.3999,0.0873,-0.9983,45260.0796,-6370999.9813,
375.5000,19255.9902,706.2287,24723.4660,2.3945,0.0873,-0.9983,44966.8294,-6370999.9815,
375.7500,19079.6426,704.5357,25295.6342,2.3888,0.0873,-0.9983,44667.0512,-6370999.9817,
376.0000,18903.7309,702.7421,25871.6988,2.3828,0.0873,-0.9983,44360.7272,-6370999.9819,
376.2500,18728.2802,700.8466,26451.0682,2.3765,0.0873,-0.9983,44047.8478,-6370999.9821,
376.5000,18553.3163,698.8480,27033.1147,2.3698,0.0873,-0.9983,43728.4124,-6370999.9824,
376.7500,18378.8650,696.7452,27617.1742,2.3627,0.0873,-0.9983,43402.4296,-6370999.9826,
377.0000,18204.9526,694.5371,28202.5473,2.3553,0.0873,-0.9983,43069.9176,-6370999.9828,
377.2500,18031.6054,692.2228,28788.4989,2.3475,0.0873,-0.9983,42730.9044,-6370999.9831,
377.5000,17858.8502,689.8013,29374.2594,2.3394,0.0873,-0.9983,42385.4287,-6370999.9833,
377.7500,17686.7139,687.2718,29959.0253,2.3309,0.0873,-0.9983,42033.5396,-6370999.9835,
378.0000,17515.2235,684.6335,30541.9603,2.3220,0.0873,-0.9983,41675.2973,-6370999.9838,
378.2500,17344.4064,681.8859,31122.1969,2.3128,0.0873,-0.9983,41310.7732,-6370999.9840,
378.5000,17174.2899,679.0284,31698.8372,2.3032,0.0873,-0.9983,40940.0506,-6370999.9843,
378.7500,17004.9015,676.0606,32270.9555,2.2932,0.0873,-0.9983,40563.2241,-6370999.9845,
379.0000,16836.2689,672.9821,32837.5999,2.2829,0.0873,-0.9983,40180.4007,-6370999.9848,
379.2500,16668.4198,669.7927,33397.7947,2.2721,0.0873,-0.9983,39791.6994,-6370999.9850,
379.5000,16501.3819,666.4925,33950.5428,2.2610,0.0873,-0.9983,39397.2514,-6370999.9853,
379.7500,16335.1829,663.0813,34494.8285,2.2495,0.0873,-0.9983,38997.2005,-6370999.9855,
380.0000,16169.8506,659.5594,35029.6208,2.2377,0.0873,-0.9983,38591.7026,-6370999.9858,
380.2500,16005.4125,655.9271,35553.8763,2.2254,0.0873,-0.9983,38180.9261,-6370999.9860,
380.5000,15841.8963,652.1848,36066.5427,2.2128,0.0873,-0.9983,37765.0519,-6370999.9863,
380.7500,15679.3293,648.3331,36566.5628,2.1998,0.0873,-0.9983,37344.2728,-6370999.9866,
381.0000,15517.7389,644.3727,37052.8782,2.1865,0.0873,-0.9983,36918.7939,-6370999.9868,
381.2500,15357.1521,640.3044,37524.4333,2.1728,0.0873,-0.9983,36488.8321,-6370999.9871,
381.5000,15197.5957,636.1294,37980.1799,2.1587,0.0873,-0.9983,36054.6156,-6370999.9873,
381.7500,15039.0963,631.8486,38419.0812,2.1443,0.0873,-0.9983,35616.3842,-6370999.9876,
382.0000,14881.6802,627.4635,38840.1166,2.1295,0.0873,-0.9983,35174.3883,-6370999.9879,
382.2500,14725.3732,622.9755,39242.2861,2.1143,0.0873,-0.9983,34728.8889,-6370999.9881,
382.5000,14570.2009,618.3863,39624.6155,2.0988,0.0873,-0.9983,34280.1568,-6370999.9884,
382.7500,14416.1884,613.6975,39986.1605,2.0830,0.0873,-0.9983,33828.4724,-6370999.9887,
383.0000,14263.3604,608.9111,40326.0116,2.0669,0.0873,-0.9983,33374.1246,-6370999.9889,
383.2500,14111.7409,604.0293,40643.2994,2.0504,0.0873,-0.9983,32917.4108,-6370999.9892,
383.5000,13961.3536,599.0542,40937.1981,2.0336,0.0873,-0.9983,32458.6359,-6370999.9895,
383.7500,13812.2215,593.9882,41206.9313,2.0165,0.0873,-0.9983,31998.1112,-6370999.9897,
384.0000,13664.3670,588.8338,41451.7752,1.9991,0.0873,-0.9983,31536.1543,-6370999.9900,
384.2500,13517.8118,583.5937,41671.0640,1.9814,0.0873,-0.9983,31073.0881,-6370999.9902,
384.5000,13372.5771,578.2708,41864.1927,1.9634,0.0873,-0.9983,30609.2395,-6370999.9905,
384.7500,13228.6832,572.8679,42030.6219,1.9451,0.0873,-0.9983,30144.9393,-6370999.9907,
385.0000,13086.1497,567.3882,42169.8806,1.9266,0.0873,-0.9983,29680.5205,-6370999.9910,
385.2500,12944.9953,561.8350,42281.5695,1.9078,0.0873,-0.9983,29216.3180,-6370999.9913,
385.5000,12805.2381,556.2114,42365.3640,1.8888,0.0873,-0.9983,28752.6675,-6370999.9915,
385.7500,12666.8952,550.5212,42421.0166,1.8696,0.0873,-0.9983,28289.9043,-6370999.9917,
386.0000,12529.9829,544.7677,42448.3584,1.8501,0.0873,-0.9983,27828.3627,-6370999.9920,
386.2500,12394.5164,538.9547,42447.3014,1.8305,0.0873,-0.9983,27368.3749,-6370999.9922,
386.5000,12260.5102,533.0861,42417.8391,1.8106,0.0873,-0.9983,26910.2701,-6370999.9925,
386.7500,12127.9777,527.1656,42360.0477,1.7906,0.0873,-0.9983,26454.3732,-6370999.9927,
387.0000,11996.9314,521.1974,42274.0854,1.7704,0.0873,-0.9983,26001.0046,-6370999.9929,
387.2500,11867.3828,515.1853,42160.1931,1.7501,0.0873,-0.9983,25550.4787,-6370999.9932,
387.5000,11739.3421,509.1337,42018.6929,1.7296,0.0873,-0.9983,25103.1032,-6370999.9934,
387.7500,11612.8190,503.0466,41849.9873,1.7090,0.0873,-0.9983,24659.1782,-6370999.9936,
388.0000,11487.8215,496.9283,41654.5569,1.6882,0.0873,-0.9983,24218.9956,-6370999.9938,
388.2500,11364.3571,490.7831,41432.9586,1.6674,0.0873,-0.9983,23782.8380,-6370999.9940,
388.5000,11242.4319,484.6153,41185.8229,1.6465,0.0873,-0.9983,23350.9781,-6370999.9942,
388.7500,11122.0510,478.4293,40913.8504,1.6256,0.0873,-0.9983,22923.6781,-6370999.9944,
389.0000,11003.2185,472.2295,40617.8085,1.6046,0.0873,-0.9983,22501.1890,-6370999.9946,
389.2500,10885.9395,466.0039,40311.2024,1.5814,0.0873,-0.9983,22083.0540,-6370999.9948,
389.5000,10770.2152,459.7935,39825.6887,1.5576,0.0873,-0.9983,21670.8965,-6370999.9950,
389.7500,10656.0411,453.6034,39325.4654,1.5341,0.0873,-0.9983,21265.2063,-6370999.9952,
390.0000,10543.4116,447.4373,38811.7829,1.5107,0.0873,-0.9983,20866.1202,-6370999.9954,
390.2500,10432.3202,441.2991,38285.8894,1.4876,0.0873,-0.9983,20473.7601,-6370999.9956,
390.5000,10322.7594,435.1927,37749.0261,1.4647,0.0873,-0.9983,20088.2330,-6370999.9957,
390.7500,10214.7210,429.1215,37202.4227,1.4420,0.0873,-0.9983,19709.6311,-6370999.9959,
391.0000,10108.1955,423.0892,36647.2926,1.4195,0.0873,-0.9983,19338.0324,-6370999.9960,
391.2500,10003.1729,417.0990,36084.8285,1.3973,0.0873,-0.9983,18973.5004,-6370999.9962,
391.5000,9899.6422,411.1544,35516.1988,1.3753,0.0873,-0.9983,18616.0847,-6370999.9964,
391.7500,9797.5917,405.2584,34942.5434,1.3536,0.0873,-0.9983,18265.8216,-6370999.9965,
392.0000,9697.0088,399.4140,34364.9709,1.3322,0.0873,-0.9983,17922.7340,-6370999.9966,
392.2500,9597.8802,393.6242,33784.5549,1.3110,0.0873,-0.9983,17586.8322,-6370999.9968,
392.5000,9500.1919,387.8917,33202.3317,1.2901,0.0873,-0.9983,17258.1141,-6370999.9969,
392.7500,9403.9294,382.2190,32619.2975,1.2695,0.0873,-0.9983,16936.5661,-6370999.9970,
393.0000,9309.0773,376.6086,32036.4068,1.2492,0.0873,-0.9983,16622.1630,-6370999.9972,
393.2500,9215.6198,371.0628,31454.5702,1.2291,0.0873,-0.9983,16314.8693,-6370999.9973,
393.5000,9123.5404,365.5838,30874.6532,1.2094,0.0873,-0.9983,16014.6390,-6370999.9974,
393.7500,9032.8222,360.1736,30297.4751,1.1900,0.0873,-0.9983,15721.4167,-6370999.9975,
394.0000,8943.4477,354.8340,29723.8082,1.1709,0.0873,-0.9983,15435.1380,-6370999.9976,
394.2500,8855.3992,349.5667,29154.3772,1.1520,0.0873,-0.9983,15155.7300,-6370999.9977,
394.5000,8768.6583,344.3733,28589.8590,1.1335,0.0873,-0.9983,14883.1122,-6370999.9978,
394.7500,8683.2063,339.2552,28030.8831,1.1153,0.0873,-0.9983,14617.1966,-6370999.9979,
395.0000,8599.0243,334.2136,27478.0314,1.0975,0.0873,-0.9983,14357.8890,-6370999.9980,
395.2500,8516.0930,329.2497,26931.8390,1.0799,0.0873,-0.9983,14105.0887,-6370999.9981,
395.5000,8434.3929,324.3645,26392.7951,1.0627,0.0873,-0.9983,13858.6900,-6370999.9982,
395.7500,8353.9027,319.5983,25863.3746,1.0458,0.0873,-0.9983,13618.9941,-6370999.9982,
396.0000,8274.5594,315.2178,25384.3872,1.0301,0.0873,-0.9983,13393.9574,-6370999.9983,
396.2500,8196.2612,311.2294,24965.0429,1.0157,0.0873,-0.9983,13184.8642,-6370999.9984,
396.5000,8118.9159,307.5872,24597.6276,1.0026,0.0873,-0.9983,12989.6223,-6370999.9985,
396.7500,8042.4420,304.2525,24275.7259,0.9905,0.0873,-0.9983,12806.4899,-6370999.9985,
397.0000,7970.7647,228.2674,17818.6883,0.8440,0.0873,1.5708,11437.5797,-6370999.9989,
397.2500,7926.1496,142.4377,6273.1609,0.4990,0.0873,1.5708,9142.3512,-6370999.9996,
397.5000,7895.8056,104.4779,3232.9528,0.3574,0.0873,1.5708,8521.7355,-6370999.9998,
397.7500,7872.5569,83.2943,2006.4094,0.2811,0.0873,1.5708,8260.8291,-6370999.9999,
398.0000,7853.5198,69.9247,1392.7366,0.2338,0.0873,1.5708,8123.0214,-6370999.9999,
398.2500,7837.2436,60.8214,1042.7663,0.2021,0.0873,1.5708,8039.0547,-6371000.0000,
398.5000,7822.8960,54.2985,824.8211,0.1796,0.0873,1.5708,7982.5647,-6371000.0000,
398.7500,7809.9557,49.4517,680.2665,0.1629,0.0873,1.5708,7941.6739,-6371000.0000,
399.0000,7798.0751,45.7523,579.7673,0.1503,0.0873,1.5708,7910.3576,-6371000.0000,
399.2500,7787.0117,42.8705,507.3189,0.1404,0.0873,1.5708,7885.2779,-6371000.0000,
399.5000,7776.5900,40.5895,453.5825,0.1327,0.0873,1.5708,7864.4539,-6371000.0000,
399.7500,7766.6793,38.7614,412.8079,0.1265,0.0873,1.5708,7846.6439,-6371000.0000,
400.0000,7757.1804,37.2815,381.2947,0.1215,0.0873,1.5708,7831.0333,-6371000.0000,
400.2500,7748.0160,36.0736,356.5724,0.1174,0.0873,1.5708,7817.0680,-6371000.0000,
400.5000,7739.1256,35.0812,336.9389,0.1141,0.0873,1.5708,7804.3586,-6371000.0000,
400.7500,7730.4610,34.2614,321.1898,0.1113,0.0873,1.5708,7792.6241,-6371000.0000,
401.0000,7721.9833,33.5812,308.4523,0.1090,0.0873,1.5708,7781.6572,-6371000.0000,
401.2500,7713.6610,33.0146,298.0816,0.1071,0.0873,1.5708,7771.3019,-6371000.0000,
401.5000,7705.4683,32.5412,289.5920,0.1055,0.0873,1.5708,7761.4387,-6371000.0000,
401.7500,7697.3840,32.1448,282.6123,0.1042,0.0873,1.5708,7751.9746,-6371000.0000,
402.0000,7689.3906,31.8119,276.8549,0.1030,0.0873,1.5708,7742.8368,-6371000.0000,
402.2500,7681.4736,31.5320,272.0939,0.1021,0.0873,1.5708,7733.9670,-6371000.0000,
402.5000,7673.6209,31.2962,268.1503,0.1013,0.0873,1.5708,7725.3186,-6371000.0000,
402.7500,7665.8224,31.0974,264.8808,0.1006,0.0873,1.5708,7716.8539,-6371000.0000,
403.0000,7658.0696,30.9295,262.1696,0.1000,0.0873,1.5708,7708.5421,-6371000.0000,
403.2500,7650.3555,30.7877,259.9227,0.0995,0.0873,1.5708,7700.3581,-6371000.0000,
403.5000,7642.6740,30.6677,258.0632,0.0991,0.0873,1.5708,7692.2809,-6371000.0000,
403.7500,7635.0201,30.5662,256.5278,0.0988,0.0873,1.5708,7684.2935,-6371000.0000,
404.0000,7627.3896,30.4802,255.2641,0.0985,0.0873,1.5708,7676.3814,-6371000.0000,
404.2500,7619.7789,30.4074,254.2289,0.0982,0.0873,1.5708,7668.5329,-6371000.0000,
404.5000,7612.1850,30.3456,253.3859,0.0980,0.0873,1.5708,7660.7378,-6371000.0000,
404.7500,7604.6053,30.2933,252.7050,0.0978,0.0873,1.5708,7652.9879,-6371000.0000,
405.0000,7597.0377,30.2489,252.1610,0.0977,0.0873,1.5708,7645.2762,-6371000.0000,
405.2500,7589.4803,30.2113,251.7326,0.0975,0.0873,1.5708,7637.5967,-6371000.0000,
405.5000,7581.9316,30.1794,251.4021,0.0974,0.0873,1.5708,7629.9445,-6371000.0000,
405.7500,7574.3902,30.1523,251.1544,0.0973,0.0873,1.5708,7622.3154,-6371000.0000,
406.0000,7566.8551,30.1293,250.9769,0.0972,0.0873,1.5708,7614.7059,-6371000.0000,
406.2500,7559.3253,30.1098,250.8588,0.0972,0.0873,1.5708,7607.1130,-6371000.0000,
406.5000,7551.7999,30.0932,250.7912,0.0971,0.0873,1.5708,7599.5341,-6371000.0000,
406.7500,7544.2784,30.0792,250.7664,0.0970,0.0873,1.5708,7591.9672,-6371000.0000,
407.0000,7536.7602,30.0672,250.7780,0.0970,0.0873,1.5708,7584.4104,-6371000.0000,
407.2500,7529.2447,30.0571,250.8204,0.0969,0.0873,1.5708,7576.8621,-6371000.0000,
407.5000,7521.7315,30.0485,250.8890,0.0969,0.0873,1.5708,7569.3211,-6371000.0000,
407.7500,7514.2203,30.0412,250.9800,0.0969,0.0873,1.5708,7561.7863,-6371000.0000,
408.0000,7506.7108,30.0350,251.0899,0.0968,0.0873,1.5708,7554.2567,-6371000.0000,
408.2500,7499.2028,30.0297,251.2159,0.0968,0.0873,1.5708,7546.7316,-6371000.0000,
408.5000,7491.6959,30.0252,251.3556,0.0968,0.0873,1.5708,7539.2102,-6371000.0000,
408.7500,7484.1901,30.0214,251.5070,0.0968,0.0873,1.5708,7531.6920,-6371000.0000,
409.0000,7476.6852,30.0182,251.6683,0.0968,0.0873,1.5708,7524.1766,-6371000.0000,
409.2500,7469.1810,30.0154,251.8381,0.0967,0.0873,1.5708,7516.6635,-6371000.0000,
409.5000,7461.6774,30.0131,252.0152,0.0967,0.0873,1.5708,7509.1523,-6371000.0000,
409.7500,7454.1744,30.0111,252.1983,0.0967,0.0873,1.5708,7501.6428,-6371000.0000,
410.0000,7446.6718,30.0095,252.3868,0.0967,0.0873,1.5708,7494.1348,-6371000.0000,
410.2500,7439.1696,30.0080,252.5797,0.0967,0.0873,1.5708,7486.6279,-6371000.0000,
410.5000,7431.6678,30.0068,252.7764,0.0967,0.0873,1.5708,7479.1220,-6371000.0000,
410.7500,7424.1662,30.0058,252.9765,0.0966,0.0873,1.5708,7471.6170,-6371000.0000,
411.0000,7416.6649,30.0049,253.1793,0.0966,0.0873,1.5708,7464.1128,-6371000.0000,
411.2500,7409.1637,30.0042,253.3845,0.0966,0.0873,1.5708,7456.6091,-6371000.0000,
411.5000,7401.6628,30.0036,253.5919,0.0966,0.0873,1.5708,7449.1060,-6371000.0000,
411.7500,7394.1619,30.0030,253.8010,0.0966,0.0873,1.5708,7441.6034,-6371000.0000,
412.0000,7386.6612,30.0026,254.0116,0.0966,0.0873,1.5708,7434.1011,-6371000.0000,
412.2500,7379.1607,30.0022,254.2235,0.0966,0.0873,1.5708,7426.5992,-6371000.0000,
412.5000,7371.6602,30.0018,254.4367,0.0966,0.0873,1.5708,7419.0975,-6371000.0000,
412.7500,7364.1597,30.0016,254.6508,0.0965,0.0873,1.5708,7411.5961,-6371000.0000,
413.0000,7356.6594,30.0013,254.8658,0.0965,0.0873,1.5708,7404.0949,-6371000.0000,
413.2500,7349.1591,30.0011,255.0815,0.0965,0.0873,1.5708,7396.5938,-6371000.0000,
413.5000,7341.6588,30.0010,255.2979,0.0965,0.0873,1.5708,7389.0929,-6371000.0000,
413.7500,7334.1586,30.0008,255.5149,0.0965,0.0873,1.5708,7381.5921,-6371000.0000,
414.0000,7326.6584,30.0007,255.7325,0.0965,0.0873,1.5708,7374.0914,-6371000.0000,
414.2500,7319.1582,30.0006,255.9505,0.0965,0.0873,1.5708,7366.5908,-6371000.0000,
414.5000,7311.6581,30.0005,256.1689,0.0965,0.0873,1.5708,7359.0903,-6371000.0000,
414.7500,7304.1580,30.0004,256.3877,0.0965,0.0873,1.5708,7351.5898,-6371000.0000,
415.0000,7296.6579,30.0004,256.6068,0.0965,0.0873,1.5708,7344.0894,-6371000.0000,
415.2500,7289.1578,30.0003,256.8263,0.0964,0.0873,1.5708,7336.5890,-6371000.0000,
415.5000,7281.6577,30.0003,257.0460,0.0964,0.0873,1.5708,7329.0887,-6371000.0000,
415.7500,7274.1577,30.0002,257.2660,0.0964,0.0873,1.5708,7321.5884,-6371000.0000,
416.0000,7266.6576,30.0002,257.4863,0.0964,0.0873,1.5708,7314.0881,-6371000.0000,
416.2500,7259.1576,30.0002,257.7068,0.0964,0.0873,1.5708,7306.5879,-6371000.0000,
416.5000,7251.6575,30.0001,257.9275,0.0964,0.0873,1.5708,7299.0877,-6371000.0000,
416.7500,7244.1575,30.0001,258.1485,0.0964,0.0873,1.5708,7291.5875,-6371000.0000,
417.0000,7236.6575,30.0001,258.3696,0.0964,0.0873,1.5708,7284.0873,-6371000.0000,
417.2500,7229.1575,30.0001,258.5909,0.0964,0.0873,1.5708,7276.5871,-6371000.0000,
417.5000,7221.6574,30.0001,258.8124,0.0964,0.0873,1.5708,7269.0869,-6371000.0000,
417.7500,7214.1574,30.0001,259.0341,0.0963,0.0873,1.5708,7261.5868,-6371000.0000,
418.0000,7206.6574,30.0001,259.2560,0.0963,0.0873,1.5708,7254.0866,-6371000.0000,
418.2500,7199.1574,30.0000,259.4780,0.0963,0.0873,1.5708,7246.5865,-6371000.0000,
418.5000,7191.6574,30.0000,259.7002,0.0963,0.0873,1.5708,7239.0863,-6371000.0000,
418.7500,7184.1574,30.0000,259.9225,0.0963,0.0873,1.5708,7231.5862,-6371000.0000,
419.0000,7176.6574,30.0000,260.1451,0.0963,0.0873,1.5708,7224.0861,-6371000.0000,
419.2500,7169.1574,30.0000,260.3678,0.0963,0.0873,1.5708,7216.5859,-6371000.0000,
419.5000,7161.6574,30.0000,260.5906,0.0963,0.0873,1.5708,7209.0858,-6371000.0000,
419.7500,7154.1573,30.0000,260.8136,0.0963,0.0873,1.5708,7201.5857,-6371000.0000,
420.0000,7146.6573,30.0000,261.0367,0.0963,0.0873,1.5708,7194.0856,-6371000.0000,
420.2500,7139.1573,30.0000,261.2600,0.0963,0.0873,1.5708,7186.5855,-6371000.0000,
420.5000,7131.6573,30.0000,261.4835,0.0962,0.0873,1.5708,7179.0853,-6371000.0000,
420.7500,7124.1573,30.0000,261.7071,0.0962,0.0873,1.5708,7171.5852,-6371000.0000,
421.0000,7116.6573,30.0000,261.9309,0.0962,0.0873,1.5708,7164.0851,-6371000.0000,
421.2500,7109.1573,30.0000,262.1548,0.0962,0.0873,1.5708,7156.5850,-6371000.0000,
421.5000,7101.6573,30.0000,262.3788,0.0962,0.0873,1.5708,7149.0849,-6371000.0000,
421.7500,7094.1573,30.0000,262.6031,0.0962,0.0873,1.5708,7141.5848,-6371000.0000,
422.0000,7086.6573,30.0000,262.8274,0.0962,0.0873,1.5708,7134.0847,-6371000.0000,
422.2500,7079.1573,30.0000,263.0519,0.0962,0.0873,1.5708,7126.5846,-6371000.0000,
422.5000,7071.6573,30.0000,263.2766,0.0962,0.0873,1.5708,7119.0844,-6371000.0000,
422.7500,7064.1573,30.0000,263.5014,0.0962,0.0873,1.5708,7111.5843,-6371000.0000,
423.0000,7056.6573,30.0000,263.7264,0.0961,0.0873,1.5708,7104.0842,-6371000.0000,
423.2500,7049.1573,30.0000,263.9515,0.0961,0.0873,1.5708,7096.5841,-6371000.0000,
423.5000,7041.6573,30.0000,264.1767,0.0961,0.0873,1.5708,7089.0840,-6371000.0000,
423.7500,7034.1573,30.0000,264.4021,0.0961,0.0873,1.5708,7081.5839,-6371000.0000,
424.0000,7026.6573,30.0000,264.6277,0.0961,0.0873,1.5708,7074.0838,-6371000.0000,
424.2500,7019.1573,30.0000,264.8534,0.0961,0.0873,1.5708,7066.5837,-6371000.0000,
424.5000,7011.6573,30.0000,265.0792,0.0961,0.0873,1.5708,7059.0836,-6371000.0000,
424.7500,7004.1573,30.0000,265.3052,0.0961,0.0873,1.5708,7051.5835,-6371000.0000,
425.0000,6996.6573,30.0000,265.5314,0.0961,0.0873,1.5708,7044.0834,-6371000.0000,
425.2500,6989.1573,30.0000,265.7577,0.0961,0.0873,1.5708,7036.5832,-6371000.0000,
425.5000,6981.6573,30.0000,265.9841,0.0960,0.0873,1.5708,7029.0831,-6371000.0000,
425.7500,6974.1573,30.0000,266.2107,0.0960,0.0873,1.5708,7021.5830,-6371000.0000,
426.0000,6966.6573,30.0000,266.4375,0.0960,0.0873,1.5708,7014.0829,-6371000.0000,
426.2500,6959.1573,30.0000,266.6643,0.0960,0.0873,1.5708,7006.5828,-6371000.0000,
426.5000,6951.6573,30.0000,266.8914,0.0960,0.0873,1.5708,6999.0827,-6371000.0000,
426.7500,6944.1573,30.0000,267.1186,0.0960,0.0873,1.5708,6991.5826,-6371000.0000,
427.0000,6936.6573,30.0000,267.3459,0.0960,0.0873,1.5708,6984.0825,-6371000.0000,
427.2500,6929.1573,30.0000,267.5734,0.0960,0.0873,1.5708,6976.5824,-6371000.0000,
427.5000,6921.6573,30.0000,267.8010,0.0960,0.0873,1.5708,6969.0823,-6371000.0000,
427.7500,6914.1573,30.0000,268.0288,0.0960,0.0873,1.5708,6961.5822,-6371000.0000,
428.0000,6906.6573,30.0000,268.2568,0.0960,0.0873,1.5708,6954.0821,-6371000.0000,
428.2500,6899.1573,30.0000,268.4849,0.0959,0.0873,1.5708,6946.5820,-6371000.0000,
428.5000,6891.6573,30.0000,268.7131,0.0959,0.0873,1.5708,6939.0818,-6371000.0000,
428.7500,6884.1573,30.0000,268.9415,0.0959,0.0873,1.5708,6931.5817,-6371000.0000,
429.0000,6876.6573,30.0000,269.1700,0.0959,0.0873,1.5708,6924.0816,-6371000.0000,
429.2500,6869.1573,30.0000,269.3987,0.0959,0.0873,1.5708,6916.5815,-6371000.0000,
429.5000,6861.6573,30.0000,269.6275,0.0959,0.0873,1.5708,6909.0814,-6371000.0000,
429.7500,6854.1573,30.0000,269.8565,0.0959,0.0873,1.5708,6901.5813,-6371000.0000,
430.0000,6846.6573,30.0000,270.0856,0.0959,0.0873,1.5708,6894.0812,-6371000.0000,
430.2500,6839.1573,30.0000,270.3149,0.0959,0.0873,1.5708,6886.5811,-6371000.0000,
430.5000,6831.6573,30.0000,270.5444,0.0959,0.0873,1.5708,6879.0810,-6371000.0000,
430.7500,6824.1573,30.0000,270.7739,0.0958,0.0873,1.5708,6871.5809,-6371000.0000,
431.0000,6816.6573,30.0000,271.0037,0.0958,0.0873,1.5708,6864.0808,-6371000.0000,
431.2500,6809.1573,30.0000,271.2335,0.0958,0.0873,1.5708,6856.5807,-6371000.0000,
431.5000,6801.6573,30.0000,271.4636,0.0958,0.0873,1.5708,6849.0805,-6371000.0000,
431.7500,6794.1573,30.0000,271.6938,0.0958,0.0873,1.5708,6841.5804,-6371000.0000,
432.0000,6786.6573,30.0000,271.9241,0.0958,0.0873,1.5708,6834.0803,-6371000.0000,
432.2500,6779.1573,30.0000,272.1546,0.0958,0.0873,1.5708,6826.5802,-6371000.0000,
432.5000,6771.6573,30.0000,272.3852,0.0958,0.0873,1.5708,6819.0801,-6371000.0000,
432.7500,6764.1573,30.0000,272.6160,0.0958,0.0873,1.5708,6811.5800,-6371000.0000,
433.0000,6756.6573,30.0000,272.8469,0.0958,0.0873,1.5708,6804.0799,-6371000.0000,
433.2500,6749.1573,30.0000,273.0780,0.0957,0.0873,1.5708,6796.5798,-6371000.0000,
433.5000,6741.6573,30.0000,273.3093,0.0957,0.0873,1.5708,6789.0797,-6371000.0000,
433.7500,6734.1573,30.0000,273.5407,0.0957,0.0873,1.5708,6781.5796,-6371000.0000,
434.0000,6726.6573,30.0000,273.7722,0.0957,0.0873,1.5708,6774.0795,-6371000.0000,
434.2500,6719.1573,30.0000,274.0039,0.0957,0.0873,1.5708,6766.5794,-6371000.0000,
434.5000,6711.6573,30.0000,274.2357,0.0957,0.0873,1.5708,6759.0792,-6371000.0000,
434.7500,6704.1573,30.0000,274.4677,0.0957,0.0873,1.5708,6751.5791,-6371000.0000,
435.0000,6696.6573,30.0000,274.6999,0.0957,0.0873,1.5708,6744.0790,-6371000.0000,
435.2500,6689.1573,30.0000,274.9322,0.0957,0.0873,1.5708,6736.5789,-6371000.0000,
435.5000,6681.6573,30.0000,275.1646,0.0957,0.0873,1.5708,6729.0788,-6371000.0000,
435.7500,6674.1573,30.0000,275.3972,0.0957,0.0873,1.5708,6721.5787,-6371000.0000,
436.0000,6666.6573,30.0000,275.6299,0.0956,0.0873,1.5708,6714.0786,-6371000.0000,
436.2500,6659.1573,30.0000,275.8628,0.0956,0.0873,1.5708,6706.5785,-6371000.0000,
436.5000,6651.6573,30.0000,276.0959,0.0956,0.0873,1.5708,6699.0784,-6371000.0000,
436.7500,6644.1573,30.0000,276.3291,0.0956,0.0873,1.5708,6691.5783,-6371000.0000,
437.0000,6636.6573,30.0000,276.5625,0.0956,0.0873,1.5708,6684.0782,-6371000.0000,
437.2500,6629.1573,30.0000,276.7960,0.0956,0.0873,1.5708,6676.5781,-6371000.0000,
437.5000,6621.6573,30.0000,277.0296,0.0956,0.0873,1.5708,6669.0780,-6371000.0000,
437.7500,6614.1573,30.0000,277.2634,0.0956,0.0873,1.5708,6661.5778,-6371000.0000,
438.0000,6606.6573,30.0000,277.4974,0.0956,0.0873,1.5708,6654.0777,-6371000.0000,
438.2500,6599.1573,30.0000,277.7315,0.0956,0.0873,1.5708,6646.5776,-6371000.0000,
438.5000,6591.6573,30.0000,277.9658,0.0955,0.0873,1.5708,6639.0775,-6371000.0000,
438.7500,6584.1573,30.0000,278.2002,0.0955,0.0873,1.5708,6631.5774,-6371000.0000,
439.0000,6576.6573,30.0000,278.4348,0.0955,0.0873,1.5708,6624.0773,-6371000.0000,
439.2500,6569.1573,30.0000,278.6695,0.0955,0.0873,1.5708,6616.5772,-6371000.0000,
439.5000,6561.6573,30.0000,278.9044,0.0955,0.0873,1.5708,6609.0771,-6371000.0000,
439.7500,6554.1573,30.0000,279.1394,0.0955,0.0873,1.5708,6601.5770,-6371000.0000,
440.0000,6546.6573,30.0000,279.3746,0.0955,0.0873,1.5708,6594.0769,-6371000.0000,
440.2500,6539.1573,30.0000,279.6099,0.0955,0.0873,1.5708,6586.5768,-6371000.0000,
440.5000,6531.6573,30.0000,279.8454,0.0955,0.0873,1.5708,6579.0767,-6371000.0000,
440.7500,6524.1573,30.0000,280.0810,0.0955,0.0873,1.5708,6571.5765,-6371000.0000,
441.0000,6516.6573,30.0000,280.3168,0.0955,0.0873,1.5708,6564.0764,-6371000.0000,
441.2500,6509.1573,30.0000,280.5528,0.0954,0.0873,1.5708,6556.5763,-6371000.0000,
441.5000,6501.6573,30.0000,280.7889,0.0954,0.0873,1.5708,6549.0762,-6371000.0000,
441.7500,6494.1573,30.0000,281.0251,0.0954,0.0873,1.5708,6541.5761,-6371000.0000,
442.0000,6486.6573,30.0000,281.2615,0.0954,0.0873,1.5708,6534.0760,-6371000.0000,
442.2500,6479.1573,30.0000,281.4981,0.0954,0.0873,1.5708,6526.5759,-6371000.0000,
442.5000,6471.6573,30.0000,281.7348,0.0954,0.0873,1.5708,6519.0758,-6371000.0000,
442.7500,6464.1573,30.0000,281.9717,0.0954,0.0873,1.5708,6511.5757,-6371000.0000,
443.0000,6456.6573,30.0000,282.2087,0.0954,0.0873,1.5708,6504.0756,-6371000.0000,
443.2500,6449.1573,30.0000,282.4459,0.0954,0.0873,1.5708,6496.5755,-6371000.0000,
443.5000,6441.6573,30.0000,282.6832,0.0954,0.0873,1.5708,6489.0754,-6371000.0000,
443.7500,6434.1573,30.0000,282.9207,0.0954,0.0873,1.5708,6481.5753,-6371000.0000,
444.0000,6426.6573,30.0000,283.1583,0.0953,0.0873,1.5708,6474.0751,-6371000.0000,
444.2500,6419.1573,30.0000,283.3961,0.0953,0.0873,1.5708,6466.5750,-6371000.0000,
444.5000,6411.6573,30.0000,283.6340,0.0953,0.0873,1.5708,6459.0749,-6371000.0000,
444.7500,6404.1573,30.0000,283.8721,0.0953,0.0873,1.5708,6451.5748,-6371000.0000,
445.0000,6396.6573,30.0000,284.1104,0.0953,0.0873,1.5708,6444.0747,-6371000.0000,
445.2500,6389.1573,30.0000,284.3488,0.0953,0.0873,1.5708,6436.5746,-6371000.0000,
445.5000,6381.6573,30.0000,284.5873,0.0953,0.0873,1.5708,6429.0745,-6371000.0000,
445.7500,6374.1573,30.0000,284.8260,0.0953,0.0873,1.5708,6421.5744,-6371000.0000,
446.0000,6366.6573,30.0000,285.0649,0.0953,0.0873,1.5708,6414.0743,-6371000.0000,
446.2500,6359.1573,30.0000,285.3039,0.0953,0.0873,1.5708,6406.5742,-6371000.0000,
446.5000,6351.6573,30.0000,285.5431,0.0952,0.0873,1.5708,6399.0741,-6371000.0000,
446.7500,6344.1573,30.0000,285.7824,0.0952,0.0873,1.5708,6391.5740,-6371000.0000,
447.0000,6336.6573,30.0000,286.0219,0.0952,0.0873,1.5708,6384.0738,-6371000.0000,
447.2500,6329.1573,30.0000,286.2616,0.0952,0.0873,1.5708,6376.5737,-6371000.0000,
447.5000,6321.6573,30.0000,286.5014,0.0952,0.0873,1.5708,6369.0736,-6371000.0000,
447.7500,6314.1573,30.0000,286.7413,0.0952,0.0873,1.5708,6361.5735,-6371000.0000,
448.0000,6306.6573,30.0000,286.9814,0.0952,0.0873,1.5708,6354.0734,-6371000.0000,
448.2500,6299.1573,30.0000,287.2217,0.0952,0.0873,1.5708,6346.5733,-6371000.0000,
448.5000,6291.6573,30.0000,287.4621,0.0952,0.0873,1.5708,6339.0732,-6371000.0000,
448.7500,6284.1573,30.0000,287.7026,0.0952,0.0873,1.5708,6331.5731,-6371000.0000,
449.0000,6276.6573,30.0000,287.9434,0.0952,0.0873,1.5708,6324.0730,-6371000.0000,
449.2500,6269.1573,30.0000,288.1842,0.0951,0.0873,1.5708,6316.5729,-6371000.0000,
449.5000,6261.6573,30.0000,288.4253,0.0951,0.0873,1.5708,6309.0728,-6371000.0000,
449.7500,6254.1573,30.0000,288.6665,0.0951,0.0873,1.5708,6301.5727,-6371000.0000,
450.0000,6246.6573,30.0000,288.9078,0.0951,0.0873,1.5708,6294.0726,-6371000.0000,
450.2500,6239.1573,30.0000,289.1493,0.0951,0.0873,1.5708,6286.5724,-6371000.0000,
450.5000,6231.6573,30.0000,289.3910,0.0951,0.0873,1.5708,6279.0723,-6371000.0000,
450.7500,6224.1573,30.0000,289.6328,0.0951,0.0873,1.5708,6271.5722,-6371000.0000,
451.0000,6216.6573,30.0000,289.8747,0.0951,0.0873,1.5708,6264.0721,-6371000.0000,
451.2500,6209.1573,30.0000,290.1169,0.0951,0.0873,1.5708,6256.5720,-6371000.0000,
451.5000,6201.6573,30.0000,290.3591,0.0951,0.0873,1.5708,6249.0719,-6371000.0000,
451.7500,6194.1573,30.0000,290.6016,0.0951,0.0873,1.5708,6241.5718,-6371000.0000,
452.0000,6186.6573,30.0000,290.8442,0.0950,0.0873,1.5708,6234.0717,-6371000.0000,
452.2500,6179.1573,30.0000,291.0869,0.0950,0.0873,1.5708,6226.5716,-6371000.0000,
452.5000,6171.6573,30.0000,291.3298,0.0950,0.0873,1.5708,6219.0715,-6371000.0000,
452.7500,6164.1573,30.0000,291.5729,0.0950,0.0873,1.5708,6211.5714,-6371000.0000,
453.0000,6156.6573,30.0000,291.8161,0.0950,0.0873,1.5708,6204.0713,-6371000.0000,
453.2500,6149.1573,30.0000,292.0594,0.0950,0.0873,1.5708,6196.5711,-6371000.0000,
453.5000,6141.6573,30.0000,292.3030,0.0950,0.0873,1.5708,6189.0710,-6371000.0000,
453.7500,6134.1573,30.0000,292.5467,0.0950,0.0873,1.5708,6181.5709,-6371000.0000,
454.0000,6126.6573,30.0000,292.7905,0.0950,0.0873,1.5708,6174.0708,-6371000.0000,
454.2500,6119.1573,30.0000,293.0345,0.0950,0.0873,1.5708,6166.5707,-6371000.0000,
454.5000,6111.6573,30.0000,293.2786,0.0949,0.0873,1.5708,6159.0706,-6371000.0000,
454.7500,6104.1573,30.0000,293.5230,0.0949,0.0873,1.5708,6151.5705,-6371000.0000,
455.0000,6096.6573,30.0000,293.7674,0.0949,0.0873,1.5708,6144.0704,-6371000.0000,
455.2500,6089.1573,30.0000,294.0121,0.0949,0.0873,1.5708,6136.5703,-6371000.0000,
455.5000,6081.6573,30.0000,294.2568,0.0949,0.0873,1.5708,6129.0702,-6371000.0000,
455.7500,6074.1573,30.0000,294.5018,0.0949,0.0873,1.5708,6121.5701,-6371000.0000,
456.0000,6066.6573,30.0000,294.7469,0.0949,0.0873,1.5708,6114.0700,-6371000.0000,
456.2500,6059.1573,30.0000,294.9921,0.0949,0.0873,1.5708,6106.5699,-6371000.0000,
456.5000,6051.6573,30.0000,295.2375,0.0949,0.0873,1.5708,6099.0697,-6371000.0000,
456.7500,6044.1573,30.0000,295.4831,0.0949,0.0873,1.5708,6091.5696,-6371000.0000,
457.0000,6036.6573,30.0000,295.7288,0.0949,0.0873,1.5708,6084.0695,-6371000.0000,
457.2500,6029.1573,30.0000,295.9747,0.0948,0.0873,1.5708,6076.5694,-6371000.0000,
457.5000,6021.6573,30.0000,296.2207,0.0948,0.0873,1.5708,6069.0693,-6371000.0000,
457.7500,6014.1573,30.0000,296.4669,0.0948,0.0873,1.5708,6061.5692,-6371000.0000,
458.0000,6006.6573,30.0000,296.7133,0.0948,0.0873,1.5708,6054.0691,-6371000.0000,
458.2500,5999.1573,30.0000,296.9598,0.0948,0.0873,1.5708,6046.5690,-6371000.0000,
458.5000,5991.6573,30.0000,297.2065,0.0948,0.0873,1.5708,6039.0689,-6371000.0000,
458.7500,5984.1573,30.0000,297.4533,0.0948,0.0873,1.5708,6031.5688,-6371000.0000,
459.0000,5976.6573,30.0000,297.7003,0.0948,0.0873,1.5708,6024.0687,-6371000.0000,
459.2500,5969.1573,30.0000,297.9474,0.0948,0.0873,1.5708,6016.5686,-6371000.0000,
459.5000,5961.6573,30.0000,298.1947,0.0948,0.0873,1.5708,6009.0685,-6371000.0000,
459.7500,5954.1573,30.0000,298.4422,0.0948,0.0873,1.5708,6001.5683,-6371000.0000,
460.0000,5946.6573,30.0000,298.6898,0.0947,0.0873,1.5708,5994.0682,-6371000.0000,
460.2500,5939.1573,30.0000,298.9376,0.0947,0.0873,1.5708,5986.5681,-6371000.0000,
460.5000,5931.6573,30.0000,299.1855,0.0947,0.0873,1.5708,5979.0680,-6371000.0000,
460.7500,5924.1573,30.0000,299.4336,0.0947,0.0873,1.5708,5971.5679,-6371000.0000,
461.0000,5916.6573,30.0000,299.6819,0.0947,0.0873,1.5708,5964.0678,-6371000.0000,
461.2500,5909.1573,30.0000,299.9303,0.0947,0.0873,1.5708,5956.5677,-6371000.0000,
461.5000,5901.6573,30.0000,300.1789,0.0947,0.0873,1.5708,5949.0676,-6371000.0000,
461.7500,5894.1573,30.0000,300.4276,0.0947,0.0873,1.5708,5941.5675,-6371000.0000,
462.0000,5886.6573,30.0000,300.6765,0.0947,0.0873,1.5708,5934.0674,-6371000.0000,
462.2500,5879.1573,30.0000,300.9255,0.0947,0.0873,1.5708,5926.5673,-6371000.0000,
462.5000,5871.6573,30.0000,301.1747,0.0947,0.0873,1.5708,5919.0672,-6371000.0000,
462.7500,5864.1573,30.0000,301.4241,0.0946,0.0873,1.5708,5911.5670,-6371000.0000,
463.0000,5856.6573,30.0000,301.6736,0.0946,0.0873,1.5708,5904.0669,-6371000.0000,
463.2500,5849.1573,30.0000,301.9233,0.0946,0.0873,1.5708,5896.5668,-6371000.0000,
463.5000,5841.6573,30.0000,302.1731,0.0946,0.0873,1.5708,5889.0667,-6371000.0000,
463.7500,5834.1573,30.0000,302.4231,0.0946,0.0873,1.5708,5881.5666,-6371000.0000,
464.0000,5826.6573,30.0000,302.6733,0.0946,0.0873,1.5708,5874.0665,-6371000.0000,
464.2500,5819.1573,30.0000,302.9236,0.0946,0.0873,1.5708,5866.5664,-6371000.0000,
464.5000,5811.6573,30.0000,303.1741,0.0946,0.0873,1.5708,5859.0663,-6371000.0000,
464.7500,5804.1573,30.0000,303.4247,0.0946,0.0873,1.5708,5851.5662,-6371000.0000,
465.0000,5796.6573,30.0000,303.6755,0.0946,0.0873,1.5708,5844.0661,-6371000.0000,
465.2500,5789.1573,30.0000,303.9265,0.0945,0.0873,1.5708,5836.5660,-6371000.0000,
465.5000,5781.6573,30.0000,304.1776,0.0945,0.0873,1.5708,5829.0659,-6371000.0000,
465.7500,5774.1573,30.0000,304.4289,0.0945,0.0873,1.5708,5821.5658,-6371000.0000,
466.0000,5766.6573,30.0000,304.6803,0.0945,0.0873,1.5708,5814.0656,-6371000.0000,
466.2500,5759.1573,30.0000,304.9319,0.0945,0.0873,1.5708,5806.5655,-6371000.0000,
466.5000,5751.6573,30.0000,305.1837,0.0945,0.0873,1.5708,5799.0654,-6371000.0000,
466.7500,5744.1573,30.0000,305.4356,0.0945,0.0873,1.5708,5791.5653,-6371000.0000,
467.0000,5736.6573,30.0000,305.6877,0.0945,0.0873,1.5708,5784.0652,-6371000.0000,
467.2500,5729.1573,30.0000,305.9399,0.0945,0.0873,1.5708,5776.5651,-6371000.0000,
467.5000,5721.6573,30.0000,306.1923,0.0945,0.0873,1.5708,5769.0650,-6371000.0000,
467.7500,5714.1573,30.0000,306.4449,0.0945,0.0873,1.5708,5761.5649,-6371000.0000,
468.0000,5706.6573,30.0000,306.6976,0.0944,0.0873,1.5708,5754.0648,-6371000.0000,
468.2500,5699.1573,30.0000,306.9505,0.0944,0.0873,1.5708,5746.5647,-6371000.0000,
468.5000,5691.6573,30.0000,307.2035,0.0944,0.0873,1.5708,5739.0646,-6371000.0000,
468.7500,5684.1573,30.0000,307.4568,0.0944,0.0873,1.5708,5731.5645,-6371000.0000,
469.0000,5676.6573,30.0000,307.7101,0.0944,0.0873,1.5708,5724.0643,-6371000.0000,
469.2500,5669.1573,30.0000,307.9636,0.0944,0.0873,1.5708,5716.5642,-6371000.0000,
469.5000,5661.6573,30.0000,308.2173,0.0944,0.0873,1.5708,5709.0641,-6371000.0000,
469.7500,5654.1573,30.0000,308.4712,0.0944,0.0873,1.5708,5701.5640,-6371000.0000,
470.0000,5646.6573,30.0000,308.7252,0.0944,0.0873,1.5708,5694.0639,-6371000.0000,
470.2500,5639.1573,30.0000,308.9794,0.0944,0.0873,1.5708,5686.5638,-6371000.0000,
470.5000,5631.6573,30.0000,309.2337,0.0944,0.0873,1.5708,5679.0637,-6371000.0000,
470.7500,5624.1573,30.0000,309.4882,0.0943,0.0873,1.5708,5671.5636,-6371000.0000,
471.0000,5616.6573,30.0000,309.7428,0.0943,0.0873,1.5708,5664.0635,-6371000.0000,
471.2500,5609.1573,30.0000,309.9977,0.0943,0.0873,1.5708,5656.5634,-6371000.0000,
471.5000,5601.6573,30.0000,310.2526,0.0943,0.0873,1.5708,5649.0633,-6371000.0000,
471.7500,5594.1573,30.0000,310.5078,0.0943,0.0873,1.5708,5641.5632,-6371000.0000,
472.0000,5586.6573,30.0000,310.7631,0.0943,0.0873,1.5708,5634.0631,-6371000.0000,
472.2500,5579.1573,30.0000,311.0185,0.0943,0.0873,1.5708,5626.5629,-6371000.0000,
472.5000,5571.6573,30.0000,311.2742,0.0943,0.0873,1.5708,5619.0628,-6371000.0000,
472.7500,5564.1573,30.0000,311.5299,0.0943,0.0873,1.5708,5611.5627,-6371000.0000,
473.0000,5556.6573,30.0000,311.7859,0.0943,0.0873,1.5708,5604.0626,-6371000.0000,
473.2500,5549.1573,30.0000,312.0420,0.0943,0.0873,1.5708,5596.5625,-6371000.0000,
473.5000,5541.6573,30.0000,312.2983,0.0942,0.0873,1.5708,5589.0624,-6371000.0000,
473.7500,5534.1573,30.0000,312.5547,0.0942,0.0873,1.5708,5581.5623,-6371000.0000,
474.0000,5526.6573,30.0000,312.8113,0.0942,0.0873,1.5708,5574.0622,-6371000.0000,
474.2500,5519.1573,30.0000,313.0681,0.0942,0.0873,1.5708,5566.5621,-6371000.0000,
474.5000,5511.6573,30.0000,313.3250,0.0942,0.0873,1.5708,5559.0620,-6371000.0000,
474.7500,5504.1573,30.0000,313.5821,0.0942,0.0873,1.5708,5551.5619,-6371000.0000,
475.0000,5496.6573,30.0000,313.8393,0.0942,0.0873,1.5708,5544.0618,-6371000.0000,
475.2500,5489.1573,30.0000,314.0967,0.0942,0.0873,1.5708,5536.5616,-6371000.0000,
475.5000,5481.6573,30.0000,314.3543,0.0942,0.0873,1.5708,5529.0615,-6371000.0000,
475.7500,5474.1573,30.0000,314.6120,0.0942,0.0873,1.5708,5521.5614,-6371000.0000,
476.0000,5466.6573,30.0000,314.8699,0.0942,0.0873,1.5708,5514.0613,-6371000.0000,
476.2500,5459.1573,30.0000,315.1280,0.0941,0.0873,1.5708,5506.5612,-6371000.0000,
476.5000,5451.6573,30.0000,315.3862,0.0941,0.0873,1.5708,5499.0611,-6371000.0000,
476.7500,5444.1573,30.0000,315.6446,0.0941,0.0873,1.5708,5491.5610,-6371000.0000,
477.0000,5436.6573,30.0000,315.9032,0.0941,0.0873,1.5708,5484.0609,-6371000.0000,
477.2500,5429.1573,30.0000,316.1619,0.0941,0.0873,1.5708,5476.5608,-6371000.0000,
477.5000,5421.6573,30.0000,316.4208,0.0941,0.0873,1.5708,5469.0607,-6371000.0000,
477.7500,5414.1573,30.0000,316.6798,0.0941,0.0873,1.5708,5461.5606,-6371000.0000,
478.0000,5406.6573,30.0000,316.9390,0.0941,0.0873,1.5708,5454.0605,-6371000.0000,
478.2500,5399.1573,30.0000,317.1984,0.0941,0.0873,1.5708,5446.5604,-6371000.0000,
478.5000,5391.6573,30.0000,317.4579,0.0941,0.0873,1.5708,5439.0602,-6371000.0000,
478.7500,5384.1573,30.0000,317.7176,0.0941,0.0873,1.5708,5431.5601,-6371000.0000,
479.0000,5376.6573,30.0000,317.9775,0.0940,0.0873,1.5708,5424.0600,-6371000.0000,
479.2500,5369.1573,30.0000,318.2375,0.0940,0.0873,1.5708,5416.5599,-6371000.0000,
479.5000,5361.6573,30.0000,318.4977,0.0940,0.0873,1.5708,5409.0598,-6371000.0000,
479.7500,5354.1573,30.0000,318.7580,0.0940,0.0873,1.5708,5401.5597,-6371000.0000,
480.0000,5346.6573,30.0000,319.0185,0.0940,0.0873,1.5708,5394.0596,-6371000.0000,
480.2500,5339.1573,30.0000,319.2792,0.0940,0.0873,1.5708,5386.5595,-6371000.0000,
480.5000,5331.6573,30.0000,319.5401,0.0940,0.0873,1.5708,5379.0594,-6371000.0000,
480.7500,5324.1573,30.0000,319.8011,0.0940,0.0873,1.5708,5371.5593,-6371000.0000,
481.0000,5316.6573,30.0000,320.0622,0.0940,0.0873,1.5708,5364.0592,-6371000.0000,
481.2500,5309.1573,30.0000,320.3236,0.0940,0.0873,1.5708,5356.5591,-6371000.0000,
481.5000,5301.6573,30.0000,320.5851,0.0940,0.0873,1.5708,5349.0589,-6371000.0000,
481.7500,5294.1573,30.0000,320.8467,0.0939,0.0873,1.5708,5341.5588,-6371000.0000,
482.0000,5286.6573,30.0000,321.1086,0.0939,0.0873,1.5708,5334.0587,-6371000.0000,
482.2500,5279.1573,30.0000,321.3706,0.0939,0.0873,1.5708,5326.5586,-6371000.0000,
482.5000,5271.6573,30.0000,321.6327,0.0939,0.0873,1.5708,5319.0585,-6371000.0000,
482.7500,5264.1573,30.0000,321.8951,0.0939,0.0873,1.5708,5311.5584,-6371000.0000,
483.0000,5256.6573,30.0000,322.1575,0.0939,0.0873,1.5708,5304.0583,-6371000.0000,
483.2500,5249.1573,30.0000,322.4202,0.0939,0.0873,1.5708,5296.5582,-6371000.0000,
483.5000,5241.6573,30.0000,322.6830,0.0939,0.0873,1.5708,5289.0581,-6371000.0000,
483.7500,5234.1573,30.0000,322.9460,0.0939,0.0873,1.5708,5281.5580,-6371000.0000,
484.0000,5226.6573,30.0000,323.2092,0.0939,0.0873,1.5708,5274.0579,-6371000.0000,
484.2500,5219.1573,30.0000,323.4725,0.0939,0.0873,1.5708,5266.5578,-6371000.0000,
484.5000,5211.6573,30.0000,323.7360,0.0938,0.0873,1.5708,5259.0577,-6371000.0000,
484.7500,5204.1573,30.0000,323.9996,0.0938,0.0873,1.5708,5251.5575,-6371000.0000,
485.0000,5196.6573,30.0000,324.2634,0.0938,0.0873,1.5708,5244.0574,-6371000.0000,
485.2500,5189.1573,30.0000,324.5274,0.0938,0.0873,1.5708,5236.5573,-6371000.0000,
485.5000,5181.6573,30.0000,324.7915,0.0938,0.0873,1.5708,5229.0572,-6371000.0000,
485.7500,5174.1573,30.0000,325.0558,0.0938,0.0873,1.5708,5221.5571,-6371000.0000,
486.0000,5166.6573,30.0000,325.3203,0.0938,0.0873,1.5708,5214.0570,-6371000.0000,
486.2500,5159.1573,30.0000,325.5850,0.0938,0.0873,1.5708,5206.5569,-6371000.0000,
486.5000,5151.6573,30.0000,325.8498,0.0938,0.0873,1.5708,5199.0568,-6371000.0000,
486.7500,5144.1573,30.0000,326.1147,0.0938,0.0873,1.5708,5191.5567,-6371000.0000,
487.0000,5136.6573,30.0000,326.3799,0.0938,0.0873,1.5708,5184.0566,-6371000.0000,
487.2500,5129.1573,30.0000,326.6452,0.0938,0.0873,1.5708,5176.5565,-6371000.0000,
487.5000,5121.6573,30.0000,326.9107,0.0937,0.0873,1.5708,5169.0564,-6371000.0000,
487.7500,5114.1573,30.0000,327.1763,0.0937,0.0873,1.5708,5161.5562,-6371000.0000,
488.0000,5106.6573,30.0000,327.4421,0.0937,0.0873,1.5708,5154.0561,-6371000.0000,
488.2500,5099.1573,30.0000,327.7081,0.0937,0.0873,1.5708,5146.5560,-6371000.0000,
488.5000,5091.6573,30.0000,327.9742,0.0937,0.0873,1.5708,5139.0559,-6371000.0000,
488.7500,5084.1573,30.0000,328.2405,0.0937,0.0873,1.5708,5131.5558,-6371000.0000,
489.0000,5076.6573,30.0000,328.5070,0.0937,0.0873,1.5708,5124.0557,-6371000.0000,
489.2500,5069.1573,30.0000,328.7736,0.0937,0.0873,1.5708,5116.5556,-6371000.0000,
489.5000,5061.6573,30.0000,329.0404,0.0937,0.0873,1.5708,5109.0555,-6371000.0000,
489.7500,5054.1573,30.0000,329.3074,0.0937,0.0873,1.5708,5101.5554,-6371000.0000,
490.0000,5046.6573,30.0000,329.5745,0.0937,0.0873,1.5708,5094.0553,-6371000.0000,
490.2500,5039.1573,30.0000,329.8419,0.0936,0.0873,1.5708,5086.5552,-6371000.0000,
490.5000,5031.6573,30.0000,330.1093,0.0936,0.0873,1.5708,5079.0551,-6371000.0000,
490.7500,5024.1573,30.0000,330.3770,0.0936,0.0873,1.5708,5071.5550,-6371000.0000,
491.0000,5016.6573,30.0000,330.6448,0.0936,0.0873,1.5708,5064.0548,-6371000.0000,
491.2500,5009.1573,30.0000,330.9128,0.0936,0.0873,1.5708,5056.5547,-6371000.0000,
491.5000,5001.6573,30.0000,331.1809,0.0936,0.0873,1.5708,5049.0546,-6371000.0000,
491.7500,4994.1573,30.0000,331.4492,0.0936,0.0873,1.5708,5041.5545,-6371000.0000,
492.0000,4986.6573,30.0000,331.7177,0.0936,0.0873,1.5708,5034.0544,-6371000.0000,
492.2500,4979.1573,30.0000,331.9863,0.0936,0.0873,1.5708,5026.5543,-6371000.0000,
492.5000,4971.6573,30.0000,332.2551,0.0936,0.0873,1.5708,5019.0542,-6371000.0000,
492.7500,4964.1573,30.0000,332.5241,0.0936,0.0873,1.5708,5011.5541,-6371000.0000,
493.0000,4956.6573,30.0000,332.7933,0.0935,0.0873,1.5708,5004.0540,-6371000.0000,
493.2500,4949.1573,30.0000,333.0626,0.0935,0.0873,1.5708,4996.5539,-6371000.0000,
493.5000,4941.6573,30.0000,333.3321,0.0935,0.0873,1.5708,4989.0538,-6371000.0000,
493.7500,4934.1573,30.0000,333.6017,0.0935,0.0873,1.5708,4981.5537,-6371000.0000,
494.0000,4926.6573,30.0000,333.8715,0.0935,0.0873,1.5708,4974.0535,-6371000.0000,
494.2500,4919.1573,30.0000,334.1415,0.0935,0.0873,1.5708,4966.5534,-6371000.0000,
494.5000,4911.6573,30.0000,334.4117,0.0935,0.0873,1.5708,4959.0533,-6371000.0000,
494.7500,4904.1573,30.0000,334.6820,0.0935,0.0873,1.5708,4951.5532,-6371000.0000,
495.0000,4896.6573,30.0000,334.9525,0.0935,0.0873,1.5708,4944.0531,-6371000.0000,
495.2500,4889.1573,30.0000,335.2232,0.0935,0.0873,1.5708,4936.5530,-6371000.0000,
495.5000,4881.6573,30.0000,335.4940,0.0935,0.0873,1.5708,4929.0529,-6371000.0000,
495.7500,4874.1573,30.0000,335.7650,0.0934,0.0873,1.5708,4921.5528,-6371000.0000,
496.0000,4866.6573,30.0000,336.0362,0.0934,0.0873,1.5708,4914.0527,-6371000.0000,
496.2500,4859.1573,30.0000,336.3075,0.0934,0.0873,1.5708,4906.5526,-6371000.0000,
496.5000,4851.6573,30.0000,336.5790,0.0934,0.0873,1.5708,4899.0525,-6371000.0000,
496.7500,4844.1573,30.0000,336.8507,0.0934,0.0873,1.5708,4891.5524,-6371000.0000,
497.0000,4836.6573,30.0000,337.1226,0.0934,0.0873,1.5708,4884.0523,-6371000.0000,
497.2500,4829.1573,30.0000,337.3946,0.0934,0.0873,1.5708,4876.5521,-6371000.0000,
497.5000,4821.6573,30.0000,337.6668,0.0934,0.0873,1.5708,4869.0520,-6371000.0000,
497.7500,4814.1573,30.0000,337.9391,0.0934,0.0873,1.5708,4861.5519,-6371000.0000,
498.0000,4806.6573,30.0000,338.2116,0.0934,0.0873,1.5708,4854.0518,-6371000.0000,
498.2500,4799.1573,30.0000,338.4843,0.0934,0.0873,1.5708,4846.5517,-6371000.0000,
498.5000,4791.6573,30.0000,338.7572,0.0933,0.0873,1.5708,4839.0516,-6371000.0000,
498.7500,4784.1573,30.0000,339.0302,0.0933,0.0873,1.5708,4831.5515,-6371000.0000,
499.0000,4776.6573,30.0000,339.3034,0.0933,0.0873,1.5708,4824.0514,-6371000.0000,
499.2500,4769.1573,30.0000,339.5768,0.0933,0.0873,1.5708,4816.5513,-6371000.0000,
499.5000,4761.6573,30.0000,339.8503,0.0933,0.0873,1.5708,4809.0512,-6371000.0000,
499.7500,4754.1573,30.0000,340.1240,0.0933,0.0873,1.5708,4801.5511,-6371000.0000,
500.0000,4746.6573,30.0000,340.3979,0.0933,0.0873,1.5708,4794.0510,-6371000.0000,
500.2500,4739.1573,30.0000,340.6720,0.0933,0.0873,1.5708,4786.5508,-6371000.0000,
500.5000,4731.6573,30.0000,340.9462,0.0933,0.0873,1.5708,4779.0507,-6371000.0000,
500.7500,4724.1573,30.0000,341.2206,0.0933,0.0873,1.5708,4771.5506,-6371000.0000,
501.0000,4716.6573,30.0000,341.4952,0.0933,0.0873,1.5708,4764.0505,-6371000.0000,
501.2500,4709.1573,30.0000,341.7699,0.0933,0.0873,1.5708,4756.5504,-6371000.0000,
501.5000,4701.6573,30.0000,342.0448,0.0932,0.0873,1.5708,4749.0503,-6371000.0000,
501.7500,4694.1573,30.0000,342.3199,0.0932,0.0873,1.5708,4741.5502,-6371000.0000,
502.0000,4686.6573,30.0000,342.5951,0.0932,0.0873,1.5708,4734.0501,-6371000.0000,
502.2500,4679.1573,30.0000,342.8705,0.0932,0.0873,1.5708,4726.5500,-6371000.0000,
502.5000,4671.6573,30.0000,343.1461,0.0932,0.0873,1.5708,4719.0499,-6371000.0000,
502.7500,4664.1573,30.0000,343.4219,0.0932,0.0873,1.5708,4711.5498,-6371000.0000,
503.0000,4656.6573,30.0000,343.6978,0.0932,0.0873,1.5708,4704.0497,-6371000.0000,
503.2500,4649.1573,30.0000,343.9739,0.0932,0.0873,1.5708,4696.5496,-6371000.0000,
503.5000,4641.6573,30.0000,344.2502,0.0932,0.0873,1.5708,4689.0494,-6371000.0000,
503.7500,4634.1573,30.0000,344.5266,0.0932,0.0873,1.5708,4681.5493,-6371000.0000,
504.0000,4626.6573,30.0000,344.8032,0.0932,0.0873,1.5708,4674.0492,-6371000.0000,
504.2500,4619.1573,30.0000,345.0800,0.0931,0.0873,1.5708,4666.5491,-6371000.0000,
504.5000,4611.6573,30.0000,345.3570,0.0931,0.0873,1.5708,4659.0490,-6371000.0000,
504.7500,4604.1573,30.0000,345.6341,0.0931,0.0873,1.5708,4651.5489,-6371000.0000,
505.0000,4596.6573,30.0000,345.9114,0.0931,0.0873,1.5708,4644.0488,-6371000.0000,
505.2500,4589.1573,30.0000,346.1888,0.0931,0.0873,1.5708,4636.5487,-6371000.0000,
505.5000,4581.6573,30.0000,346.4665,0.0931,0.0873,1.5708,4629.0486,-6371000.0000,
505.7500,4574.1573,30.0000,346.7443,0.0931,0.0873,1.5708,4621.5485,-6371000.0000,
506.0000,4566.6573,30.0000,347.0223,0.0931,0.0873,1.5708,4614.0484,-6371000.0000,
506.2500,4559.1573,30.0000,347.3004,0.0931,0.0873,1.5708,4606.5483,-6371000.0000,
506.5000,4551.6573,30.0000,347.5788,0.0931,0.0873,1.5708,4599.0481,-6371000.0000,
506.7500,4544.1573,30.0000,347.8573,0.0931,0.0873,1.5708,4591.5480,-6371000.0000,
507.0000,4536.6573,30.0000,348.1359,0.0930,0.0873,1.5708,4584.0479,-6371000.0000,
507.2500,4529.1573,30.0000,348.4148,0.0930,0.0873,1.5708,4576.5478,-6371000.0000,
507.5000,4521.6573,30.0000,348.6938,0.0930,0.0873,1.5708,4569.0477,-6371000.0000,
507.7500,4514.1573,30.0000,348.9730,0.0930,0.0873,1.5708,4561.5476,-6371000.0000,
508.0000,4506.6573,30.0000,349.2524,0.0930,0.0873,1.5708,4554.0475,-6371000.0000,
508.2500,4499.1573,30.0000,349.5319,0.0930,0.0873,1.5708,4546.5474,-6371000.0000,
508.5000,4491.6573,30.0000,349.8116,0.0930,0.0873,1.5708,4539.0473,-6371000.0000,
508.7500,4484.1573,30.0000,350.0915,0.0930,0.0873,1.5708,4531.5472,-6371000.0000,
509.0000,4476.6573,30.0000,350.3715,0.0930,0.0873,1.5708,4524.0471,-6371000.0000,
509.2500,4469.1573,30.0000,350.6518,0.0930,0.0873,1.5708,4516.5470,-6371000.0000,
509.5000,4461.6573,30.0000,350.9321,0.0930,0.0873,1.5708,4509.0469,-6371000.0000,
509.7500,4454.1573,30.0000,351.2127,0.0930,0.0873,1.5708,4501.5467,-6371000.0000,
510.0000,4446.6573,30.0000,351.4935,0.0929,0.0873,1.5708,4494.0466,-6371000.0000,
510.2500,4439.1573,30.0000,351.7744,0.0929,0.0873,1.5708,4486.5465,-6371000.0000,
510.5000,4431.6573,30.0000,352.0555,0.0929,0.0873,1.5708,4479.0464,-6371000.0000,
510.7500,4424.1573,30.0000,352.3367,0.0929,0.0873,1.5708,4471.5463,-6371000.0000,
511.0000,4416.6573,30.0000,352.6182,0.0929,0.0873,1.5708,4464.0462,-6371000.0000,
511.2500,4409.1573,30.0000,352.8998,0.0929,0.0873,1.5708,4456.5461,-6371000.0000,
511.5000,4401.6573,30.0000,353.1816,0.0929,0.0873,1.5708,4449.0460,-6371000.0000,
511.7500,4394.1573,30.0000,353.4635,0.0929,0.0873,1.5708,4441.5459,-6371000.0000,
512.0000,4386.6573,30.0000,353.7457,0.0929,0.0873,1.5708,4434.0458,-6371000.0000,
512.2500,4379.1573,30.0000,354.0280,0.0929,0.0873,1.5708,4426.5457,-6371000.0000,
512.5000,4371.6573,30.0000,354.3104,0.0929,0.0873,1.5708,4419.0456,-6371000.0000,
512.7500,4364.1573,30.0000,354.5931,0.0928,0.0873,1.5708,4411.5455,-6371000.0000,
513.0000,4356.6573,30.0000,354.8759,0.0928,0.0873,1.5708,4404.0453,-6371000.0000,
513.2500,4349.1573,30.0000,355.1589,0.0928,0.0873,1.5708,4396.5452,-6371000.0000,
513.5000,4341.6573,30.0000,355.4421,0.0928,0.0873,1.5708,4389.0451,-6371000.0000,
513.7500,4334.1573,30.0000,355.7254,0.0928,0.0873,1.5708,4381.5450,-6371000.0000,
514.0000,4326.6573,30.0000,356.0090,0.0928,0.0873,1.5708,4374.0449,-6371000.0000,
514.2500,4319.1573,30.0000,356.2927,0.0928,0.0873,1.5708,4366.5448,-6371000.0000,
514.5000,4311.6573,30.0000,356.5765,0.0928,0.0873,1.5708,4359.0447,-6371000.0000,
514.7500,4304.1573,30.0000,356.8606,0.0928,0.0873,1.5708,4351.5446,-6371000.0000,
515.0000,4296.6573,30.0000,357.1448,0.0928,0.0873,1.5708,4344.0445,-6371000.0000,
515.2500,4289.1573,30.0000,357.4292,0.0928,0.0873,1.5708,4336.5444,-6371000.0000,
515.5000,4281.6573,30.0000,357.7138,0.0928,0.0873,1.5708,4329.0443,-6371000.0000,
515.7500,4274.1573,30.0000,357.9985,0.0927,0.0873,1.5708,4321.5442,-6371000.0000,
516.0000,4266.6573,30.0000,358.2834,0.0927,0.0873,1.5708,4314.0440,-6371000.0000,
516.2500,4259.1573,30.0000,358.5685,0.0927,0.0873,1.5708,4306.5439,-6371000.0000,
516.5000,4251.6573,30.0000,358.8538,0.0927,0.0873,1.5708,4299.0438,-6371000.0000,
516.7500,4244.1573,30.0000,359.1392,0.0927,0.0873,1.5708,4291.5437,-6371000.0000,
517.0000,4236.6573,30.0000,359.4249,0.0927,0.0873,1.5708,4284.0436,-6371000.0000,
517.2500,4229.1573,30.0000,359.7106,0.0927,0.0873,1.5708,4276.5435,-6371000.0000,
517.5000,4221.6573,30.0000,359.9966,0.0927,0.0873,1.5708,4269.0434,-6371000.0000,
517.7500,4214.1573,30.0000,360.2828,0.0927,0.0873,1.5708,4261.5433,-6371000.0000,
518.0000,4206.6573,30.0000,360.5691,0.0927,0.0873,1.5708,4254.0432,-6371000.0000,
518.2500,4199.1573,30.0000,360.8556,0.0927,0.0873,1.5708,4246.5431,-6371000.0000,
518.5000,4191.6573,30.0000,361.1423,0.0926,0.0873,1.5708,4239.0430,-6371000.0000,
518.7500,4184.1573,30.0000,361.4291,0.0926,0.0873,1.5708,4231.5429,-6371000.0000,
519.0000,4176.6573,30.0000,361.7161,0.0926,0.0873,1.5708,4224.0428,-6371000.0000,
519.2500,4169.1573,30.0000,362.0033,0.0926,0.0873,1.5708,4216.5426,-6371000.0000,
519.5000,4161.6573,30.0000,362.2907,0.0926,0.0873,1.5708,4209.0425,-6371000.0000,
519.7500,4154.1573,30.0000,362.5783,0.0926,0.0873,1.5708,4201.5424,-6371000.0000,
520.0000,4146.6573,30.0000,362.8660,0.0926,0.0873,1.5708,4194.0423,-6371000.0000,
520.2500,4139.1573,30.0000,363.1539,0.0926,0.0873,1.5708,4186.5422,-6371000.0000,
520.5000,4131.6573,30.0000,363.4420,0.0926,0.0873,1.5708,4179.0421,-6371000.0000,
520.7500,4124.1573,30.0000,363.7302,0.0926,0.0873,1.5708,4171.5420,-6371000.0000,
521.0000,4116.6573,30.0000,364.0187,0.0926,0.0873,1.5708,4164.0419,-6371000.0000,
521.2500,4109.1573,30.0000,364.3073,0.0926,0.0873,1.5708,4156.5418,-6371000.0000,
521.5000,4101.6573,30.0000,364.5960,0.0925,0.0873,1.5708,4149.0417,-6371000.0000,
521.7500,4094.1573,30.0000,364.8850,0.0925,0.0873,1.5708,4141.5416,-6371000.0000,
522.0000,4086.6573,30.0000,365.1741,0.0925,0.0873,1.5708,4134.0415,-6371000.0000,
522.2500,4079.1573,30.0000,365.4635,0.0925,0.0873,1.5708,4126.5413,-6371000.0000,
522.5000,4071.6573,30.0000,365.7530,0.0925,0.0873,1.5708,4119.0412,-6371000.0000,
522.7500,4064.1573,30.0000,366.0426,0.0925,0.0873,1.5708,4111.5411,-6371000.0000,
523.0000,4056.6573,30.0000,366.3325,0.0925,0.0873,1.5708,4104.0410,-6371000.0000,
523.2500,4049.1573,30.0000,366.6225,0.0925,0.0873,1.5708,4096.5409,-6371000.0000,
523.5000,4041.6573,30.0000,366.9127,0.0925,0.0873,1.5708,4089.0408,-6371000.0000,
523.7500,4034.1573,30.0000,367.2031,0.0925,0.0873,1.5708,4081.5407,-6371000.0000,
524.0000,4026.6573,30.0000,367.4936,0.0925,0.0873,1.5708,4074.0406,-6371000.0000,
524.2500,4019.1573,30.0000,367.7844,0.0925,0.0873,1.5708,4066.5405,-6371000.0000,
524.5000,4011.6573,30.0000,368.0753,0.0924,0.0873,1.5708,4059.0404,-6371000.0000,
524.7500,4004.1573,30.0000,368.3664,0.0924,0.0873,1.5708,4051.5403,-6371000.0000,
525.0000,3996.6573,30.0000,368.6576,0.0924,0.0873,1.5708,4044.0402,-6371000.0000,
525.2500,3989.1573,30.0000,368.9491,0.0924,0.0873,1.5708,4036.5401,-6371000.0000,
525.5000,3981.6573,30.0000,369.2407,0.0924,0.0873,1.5708,4029.0399,-6371000.0000,
525.7500,3974.1573,30.0000,369.5325,0.0924,0.0873,1.5708,4021.5398,-6371000.0000,
526.0000,3966.6573,30.0000,369.8245,0.0924,0.0873,1.5708,4014.0397,-6371000.0000,
526.2500,3959.1573,30.0000,370.1166,0.0924,0.0873,1.5708,4006.5396,-6371000.0000,
526.5000,3951.6573,30.0000,370.4090,0.0924,0.0873,1.5708,3999.0395,-6371000.0000,
526.7500,3944.1573,30.0000,370.7015,0.0924,0.0873,1.5708,3991.5394,-6371000.0000,
527.0000,3936.6573,30.0000,370.9942,0.0924,0.0873,1.5708,3984.0393,-6371000.0000,
527.2500,3929.1573,30.0000,371.2870,0.0923,0.0873,1.5708,3976.5392,-6371000.0000,
527.5000,3921.6573,30.0000,371.5801,0.0923,0.0873,1.5708,3969.0391,-6371000.0000,
527.7500,3914.1573,30.0000,371.8733,0.0923,0.0873,1.5708,3961.5390,-6371000.0000,
528.0000,3906.6573,30.0000,372.1667,0.0923,0.0873,1.5708,3954.0389,-6371000.0000,
528.2500,3899.1573,30.0000,372.4603,0.0923,0.0873,1.5708,3946.5388,-6371000.0000,
528.5000,3891.6573,30.0000,372.7540,0.0923,0.0873,1.5708,3939.0386,-6371000.0000,
528.7500,3884.1573,30.0000,373.0480,0.0923,0.0873,1.5708,3931.5385,-6371000.0000,
529.0000,3876.6573,30.0000,373.3421,0.0923,0.0873,1.5708,3924.0384,-6371000.0000,
529.2500,3869.1573,30.0000,373.6364,0.0923,0.0873,1.5708,3916.5383,-6371000.0000,
529.5000,3861.6573,30.0000,373.9309,0.0923,0.0873,1.5708,3909.0382,-6371000.0000,
529.7500,3854.1573,30.0000,374.2255,0.0923,0.0873,1.5708,3901.5381,-6371000.0000,
530.0000,3846.6573,30.0000,374.5203,0.0923,0.0873,1.5708,3894.0380,-6371000.0000,
530.2500,3839.1573,30.0000,374.8154,0.0922,0.0873,1.5708,3886.5379,-6371000.0000,
530.5000,3831.6573,30.0000,375.1106,0.0922,0.0873,1.5708,3879.0378,-6371000.0000,
530.7500,3824.1573,30.0000,375.4059,0.0922,0.0873,1.5708,3871.5377,-6371000.0000,
531.0000,3816.6573,30.0000,375.7015,0.0922,0.0873,1.5708,3864.0376,-6371000.0000,
531.2500,3809.1573,30.0000,375.9972,0.0922,0.0873,1.5708,3856.5375,-6371000.0000,
531.5000,3801.6573,30.0000,376.2931,0.0922,0.0873,1.5708,3849.0374,-6371000.0000,
531.7500,3794.1573,30.0000,376.5892,0.0922,0.0873,1.5708,3841.5372,-6371000.0000,
532.0000,3786.6573,30.0000,376.8855,0.0922,0.0873,1.5708,3834.0371,-6371000.0000,
532.2500,3779.1573,30.0000,377.1819,0.0922,0.0873,1.5708,3826.5370,-6371000.0000,
532.5000,3771.6573,30.0000,377.4786,0.0922,0.0873,1.5708,3819.0369,-6371000.0000,
532.7500,3764.1573,30.0000,377.7754,0.0922,0.0873,1.5708,3811.5368,-6371000.0000,
533.0000,3756.6573,30.0000,378.0724,0.0922,0.0873,1.5708,3804.0367,-6371000.0000,
533.2500,3749.1573,30.0000,378.3695,0.0921,0.0873,1.5708,3796.5366,-6371000.0000,
533.5000,3741.6573,30.0000,378.6669,0.0921,0.0873,1.5708,3789.0365,-6371000.0000,
533.7500,3734.1573,30.0000,378.9644,0.0921,0.0873,1.5708,3781.5364,-6371000.0000,
534.0000,3726.6573,30.0000,379.2621,0.0921,0.0873,1.5708,3774.0363,-6371000.0000,
534.2500,3719.1573,30.0000,379.5600,0.0921,0.0873,1.5708,3766.5362,-6371000.0000,
534.5000,3711.6573,30.0000,379.8581,0.0921,0.0873,1.5708,3759.0361,-6371000.0000,
534.7500,3704.1573,30.0000,380.1563,0.0921,0.0873,1.5708,3751.5360,-6371000.0000,
535.0000,3696.6573,30.0000,380.4548,0.0921,0.0873,1.5708,3744.0358,-6371000.0000,
535.2500,3689.1573,30.0000,380.7534,0.0921,0.0873,1.5708,3736.5357,-6371000.0000,
535.5000,3681.6573,30.0000,381.0522,0.0921,0.0873,1.5708,3729.0356,-6371000.0000,
535.7500,3674.1573,30.0000,381.3512,0.0921,0.0873,1.5708,3721.5355,-6371000.0000,
536.0000,3666.6573,30.0000,381.6503,0.0920,0.0873,1.5708,3714.0354,-6371000.0000,
536.2500,3659.1573,30.0000,381.9497,0.0920,0.0873,1.5708,3706.5353,-6371000.0000,
536.5000,3651.6573,30.0000,382.2492,0.0920,0.0873,1.5708,3699.0352,-6371000.0000,
536.7500,3644.1573,30.0000,382.5489,0.0920,0.0873,1.5708,3691.5351,-6371000.0000,
537.0000,3636.6573,30.0000,382.8488,0.0920,0.0873,1.5708,3684.0350,-6371000.0000,
537.2500,3629.1573,30.0000,383.1488,0.0920,0.0873,1.5708,3676.5349,-6371000.0000,
537.5000,3621.6573,30.0000,383.4491,0.0920,0.0873,1.5708,3669.0348,-6371000.0000,
537.7500,3614.1573,30.0000,383.7495,0.0920,0.0873,1.5708,3661.5347,-6371000.0000,
538.0000,3606.6573,30.0000,384.0501,0.0920,0.0873,1.5708,3654.0345,-6371000.0000,
538.2500,3599.1573,30.0000,384.3509,0.0920,0.0873,1.5708,3646.5344,-6371000.0000,
538.5000,3591.6573,30.0000,384.6519,0.0920,0.0873,1.5708,3639.0343,-6371000.0000,
538.7500,3584.1573,30.0000,384.9530,0.0920,0.0873,1.5708,3631.5342,-6371000.0000,
539.0000,3576.6573,30.0000,385.2543,0.0919,0.0873,1.5708,3624.0341,-6371000.0000,
539.2500,3569.1573,30.0000,385.5559,0.0919,0.0873,1.5708,3616.5340,-6371000.0000,
539.5000,3561.6573,30.0000,385.8576,0.0919,0.0873,1.5708,3609.0339,-6371000.0000,
539.7500,3554.1573,30.0000,386.1594,0.0919,0.0873,1.5708,3601.5338,-6371000.0000,
540.0000,3546.6573,30.0000,386.4615,0.0919,0.0873,1.5708,3594.0337,-6371000.0000,
540.2500,3539.1573,30.0000,386.7638,0.0919,0.0873,1.5708,3586.5336,-6371000.0000,
540.5000,3531.6573,30.0000,387.0662,0.0919,0.0873,1.5708,3579.0335,-6371000.0000,
540.7500,3524.1573,30.0000,387.3688,0.0919,0.0873,1.5708,3571.5334,-6371000.0000,
541.0000,3516.6573,30.0000,387.6716,0.0919,0.0873,1.5708,3564.0333,-6371000.0000,
541.2500,3509.1573,30.0000,387.9746,0.0919,0.0873,1.5708,3556.5331,-6371000.0000,
541.5000,3501.6573,30.0000,388.2777,0.0919,0.0873,1.5708,3549.0330,-6371000.0000,
541.7500,3494.1573,30.0000,388.5811,0.0919,0.0873,1.5708,3541.5329,-6371000.0000,
542.0000,3486.6573,30.0000,388.8846,0.0918,0.0873,1.5708,3534.0328,-6371000.0000,
542.2500,3479.1573,30.0000,389.1883,0.0918,0.0873,1.5708,3526.5327,-6371000.0000,
542.5000,3471.6573,30.0000,389.4922,0.0918,0.0873,1.5708,3519.0326,-6371000.0000,
542.7500,3464.1573,30.0000,389.7963,0.0918,0.0873,1.5708,3511.5325,-6371000.0000,
543.0000,3456.6573,30.0000,390.1005,0.0918,0.0873,1.5708,3504.0324,-6371000.0000,
543.2500,3449.1573,30.0000,390.4050,0.0918,0.0873,1.5708,3496.5323,-6371000.0000,
543.5000,3441.6573,30.0000,390.7096,0.0918,0.0873,1.5708,3489.0322,-6371000.0000,
543.7500,3434.1573,30.0000,391.0144,0.0918,0.0873,1.5708,3481.5321,-6371000.0000,
544.0000,3426.6573,30.0000,391.3194,0.0918,0.0873,1.5708,3474.0320,-6371000.0000,
544.2500,3419.1573,30.0000,391.6246,0.0918,0.0873,1.5708,3466.5318,-6371000.0000,
544.5000,3411.6573,30.0000,391.9299,0.0918,0.0873,1.5708,3459.0317,-6371000.0000,
544.7500,3404.1573,30.0000,392.2355,0.0918,0.0873,1.5708,3451.5316,-6371000.0000,
545.0000,3396.6573,30.0000,392.5412,0.0917,0.0873,1.5708,3444.0315,-6371000.0000,
545.2500,3389.1573,30.0000,392.8471,0.0917,0.0873,1.5708,3436.5314,-6371000.0000,
545.5000,3381.6573,30.0000,393.1532,0.0917,0.0873,1.5708,3429.0313,-6371000.0000,
545.7500,3374.1573,30.0000,393.4595,0.0917,0.0873,1.5708,3421.5312,-6371000.0000,
546.0000,3366.6573,30.0000,393.7659,0.0917,0.0873,1.5708,3414.0311,-6371000.0000,
546.2500,3359.1573,30.0000,394.0726,0.0917,0.0873,1.5708,3406.5310,-6371000.0000,
546.5000,3351.6573,30.0000,394.3794,0.0917,0.0873,1.5708,3399.0309,-6371000.0000,
546.7500,3344.1573,30.0000,394.6864,0.0917,0.0873,1.5708,3391.5308,-6371000.0000,
547.0000,3336.6573,30.0000,394.9936,0.0917,0.0873,1.5708,3384.0307,-6371000.0000,
547.2500,3329.1573,30.0000,395.3010,0.0917,0.0873,1.5708,3376.5306,-6371000.0000,
547.5000,3321.6573,30.0000,395.6086,0.0917,0.0873,1.5708,3369.0304,-6371000.0000,
547.7500,3314.1573,30.0000,395.9163,0.0917,0.0873,1.5708,3361.5303,-6371000.0000,
548.0000,3306.6573,30.0000,396.2243,0.0916,0.0873,1.5708,3354.0302,-6371000.0000,
548.2500,3299.1573,30.0000,396.5324,0.0916,0.0873,1.5708,3346.5301,-6371000.0000,
548.5000,3291.6573,30.0000,396.8407,0.0916,0.0873,1.5708,3339.0300,-6371000.0000,
548.7500,3284.1573,30.0000,397.1492,0.0916,0.0873,1.5708,3331.5299,-6371000.0000,
549.0000,3276.6573,30.0000,397.4579,0.0916,0.0873,1.5708,3324.0298,-6371000.0000,
549.2500,3269.1573,30.0000,397.7667,0.0916,0.0873,1.5708,3316.5297,-6371000.0000,
549.5000,3261.6573,30.0000,398.0758,0.0916,0.0873,1.5708,3309.0296,-6371000.0000,
549.7500,3254.1573,30.0000,398.3850,0.0916,0.0873,1.5708,3301.5295,-6371000.0000,
550.0000,3246.6573,30.0000,398.6945,0.0916,0.0873,1.5708,3294.0294,-6371000.0000,
550.2500,3239.1573,30.0000,399.0041,0.0916,0.0873,1.5708,3286.5293,-6371000.0000,
550.5000,3231.6573,30.0000,399.3138,0.0916,0.0873,1.5708,3279.0291,-6371000.0000,
550.7500,3224.1573,30.0000,399.6238,0.0916,0.0873,1.5708,3271.5290,-6371000.0000,
551.0000,3216.6573,30.0000,399.9340,0.0915,0.0873,1.5708,3264.0289,-6371000.0000,
551.2500,3209.1573,30.0000,400.2443,0.0915,0.0873,1.5708,3256.5288,-6371000.0000,
551.5000,3201.6573,30.0000,400.5549,0.0915,0.0873,1.5708,3249.0287,-6371000.0000,
551.7500,3194.1573,30.0000,400.8656,0.0915,0.0873,1.5708,3241.5286,-6371000.0000,
552.0000,3186.6573,30.0000,401.1765,0.0915,0.0873,1.5708,3234.0285,-6371000.0000,
552.2500,3179.1573,30.0000,401.4876,0.0915,0.0873,1.5708,3226.5284,-6371000.0000,
552.5000,3171.6573,30.0000,401.7989,0.0915,0.0873,1.5708,3219.0283,-6371000.0000,
552.7500,3164.1573,30.0000,402.1103,0.0915,0.0873,1.5708,3211.5282,-6371000.0000,
553.0000,3156.6573,30.0000,402.4220,0.0915,0.0873,1.5708,3204.0281,-6371000.0000,
553.2500,3149.1573,30.0000,402.7338,0.0915,0.0873,1.5708,3196.5280,-6371000.0000,
553.5000,3141.6573,30.0000,403.0458,0.0915,0.0873,1.5708,3189.0279,-6371000.0000,
553.7500,3134.1573,30.0000,403.3581,0.0915,0.0873,1.5708,3181.5277,-6371000.0000,
554.0000,3126.6573,30.0000,403.6705,0.0914,0.0873,1.5708,3174.0276,-6371000.0000,
554.2500,3119.1573,30.0000,403.9830,0.0914,0.0873,1.5708,3166.5275,-6371000.0000,
554.5000,3111.6573,30.0000,404.2958,0.0914,0.0873,1.5708,3159.0274,-6371000.0000,
554.7500,3104.1573,30.0000,404.6088,0.0914,0.0873,1.5708,3151.5273,-6371000.0000,
555.0000,3096.6573,30.0000,404.9219,0.0914,0.0873,1.5708,3144.0272,-6371000.0000,
555.2500,3089.1573,30.0000,405.2352,0.0914,0.0873,1.5708,3136.5271,-6371000.0000,
555.5000,3081.6573,30.0000,405.5488,0.0914,0.0873,1.5708,3129.0270,-6371000.0000,
555.7500,3074.1573,30.0000,405.8625,0.0914,0.0873,1.5708,3121.5269,-6371000.0000,
556.0000,3066.6573,30.0000,406.1764,0.0914,0.0873,1.5708,3114.0268,-6371000.0000,
556.2500,3059.1573,30.0000,406.4904,0.0914,0.0873,1.5708,3106.5267,-6371000.0000,
556.5000,3051.6573,30.0000,406.8047,0.0914,0.0873,1.5708,3099.0266,-6371000.0000,
556.7500,3044.1573,30.0000,407.1192,0.0914,0.0873,1.5708,3091.5265,-6371000.0000,
557.0000,3036.6573,30.0000,407.4338,0.0913,0.0873,1.5708,3084.0263,-6371000.0000,
557.2500,3029.1573,30.0000,407.7486,0.0913,0.0873,1.5708,3076.5262,-6371000.0000,
557.5000,3021.6573,30.0000,408.0637,0.0913,0.0873,1.5708,3069.0261,-6371000.0000,
557.7500,3014.1573,30.0000,408.3789,0.0913,0.0873,1.5708,3061.5260,-6371000.0000,
558.0000,3006.6573,30.0000,408.6943,0.0913,0.0873,1.5708,3054.0259,-6371000.0000,
558.2500,2999.1573,30.0000,409.0098,0.0913,0.0873,1.5708,3046.5258,-6371000.0000,
558.5000,2995.5175,8.6579,43.9717,0.0299,0.0873,1.5708,3000.9068,-6371000.0000,
558.7500,2993.7428,6.1162,18.5798,0.0195,0.0873,1.5708,2996.1374,-6371000.0000,
559.0000,2992.3209,5.3912,13.6591,0.0167,0.0873,1.5708,2994.1231,-6371000.0000,
559.2500,2991.0093,5.1432,12.1811,0.0157,0.0873,1.5708,2992.6320,-6371000.0000,
559.5000,2989.7366,5.0532,11.6706,0.0154,0.0873,1.5708,2991.2969,-6371000.0000,
559.7500,2988.4782,5.0199,11.4857,0.0153,0.0873,1.5708,2990.0157,-6371000.0000,
560.0000,2987.2250,5.0074,11.4181,0.0152,0.0873,1.5708,2988.7541,-6371000.0000,
560.2500,2985.9738,5.0028,11.3937,0.0152,0.0873,1.5708,2987.4998,-6371000.0000,
560.5000,2984.7234,5.0010,11.3855,0.0152,0.0873,1.5708,2986.2482,-6371000.0000,
560.7500,2983.4732,5.0004,11.3834,0.0152,0.0873,1.5708,2984.9976,-6371000.0000,
561.0000,2982.2231,5.0001,11.3835,0.0152,0.0873,1.5708,2983.7474,-6371000.0000,
561.2500,2980.9731,5.0001,11.3844,0.0152,0.0873,1.5708,2982.4973,-6371000.0000,
561.5000,2979.7231,5.0000,11.3857,0.0152,0.0873,1.5708,2981.2472,-6371000.0000,
561.7500,2978.4731,5.0000,11.3871,0.0152,0.0873,1.5708,2979.9972,-6371000.0000,
562.0000,2977.2231,5.0000,11.3885,0.0152,0.0873,1.5708,2978.7472,-6371000.0000,
562.2500,2975.9731,5.0000,11.3900,0.0152,0.0873,1.5708,2977.4972,-6371000.0000,
562.5000,2974.7231,5.0000,11.3914,0.0152,0.0873,1.5708,2976.2472,-6371000.0000,
562.7500,2973.4731,5.0000,11.3929,0.0152,0.0873,1.5708,2974.9972,-6371000.0000,
563.0000,2972.2231,5.0000,11.3944,0.0152,0.0873,1.5708,2973.7472,-6371000.0000,
563.2500,2970.9731,5.0000,11.3958,0.0152,0.0873,1.5708,2972.4972,-6371000.0000,
563.5000,2969.7231,5.0000,11.3973,0.0152,0.0873,1.5708,2971.2472,-6371000.0000,
563.7500,2968.4731,5.0000,11.3988,0.0152,0.0873,1.5708,2969.9972,-6371000.0000,
564.0000,2967.2231,5.0000,11.4002,0.0152,0.0873,1.5708,2968.7472,-6371000.0000,
564.2500,2965.9731,5.0000,11.4017,0.0152,0.0873,1.5708,2967.4972,-6371000.0000,
564.5000,2964.7231,5.0000,11.4032,0.0152,0.0873,1.5708,2966.2472,-6371000.0000,
564.7500,2963.4731,5.0000,11.4046,0.0152,0.0873,1.5708,2964.9972,-6371000.0000,
565.0000,2962.2231,5.0000,11.4061,0.0152,0.0873,1.5708,2963.7472,-6371000.0000,
565.2500,2960.9731,5.0000,11.4076,0.0152,0.0873,1.5708,2962.4972,-6371000.0000,
565.5000,2959.7231,5.0000,11.4090,0.0152,0.0873,1.5708,2961.2472,-6371000.0000,
565.7500,2958.4731,5.0000,11.4105,0.0152,0.0873,1.5708,2959.9972,-6371000.0000,
566.0000,2957.2231,5.0000,11.4120,0.0152,0.0873,1.5708,2958.7472,-6371000.0000,
566.2500,2955.9731,5.0000,11.4134,0.0152,0.0873,1.5708,2957.4972,-6371000.0000,
566.5000,2954.7231,5.0000,11.4149,0.0152,0.0873,1.5708,2956.2472,-6371000.0000,
566.7500,2953.4731,5.0000,11.4164,0.0152,0.0873,1.5708,2954.9972,-6371000.0000,
567.0000,2952.2231,5.0000,11.4178,0.0152,0.0873,1.5708,2953.7472,-6371000.0000,
567.2500,2950.9731,5.0000,11.4193,0.0152,0.0873,1.5708,2952.4972,-6371000.0000,
567.5000,2949.7231,5.0000,11.4208,0.0152,0.0873,1.5708,2951.2472,-6371000.0000,
567.7500,2948.4731,5.0000,11.4222,0.0152,0.0873,1.5708,2949.9972,-6371000.0000,
568.0000,2947.2231,5.0000,11.4237,0.0152,0.0873,1.5708,2948.7472,-6371000.0000,
568.2500,2945.9731,5.0000,11.4252,0.0152,0.0873,1.5708,2947.4972,-6371000.0000,
568.5000,2944.7231,5.0000,11.4266,0.0152,0.0873,1.5708,2946.2472,-6371000.0000,
568.7500,2943.4731,5.0000,11.4281,0.0152,0.0873,1.5708,2944.9972,-6371000.0000,
569.0000,2942.2231,5.0000,11.4296,0.0152,0.0873,1.5708,2943.7472,-6371000.0000,
569.2500,2940.9731,5.0000,11.4310,0.0152,0.0873,1.5708,2942.4972,-6371000.0000,
569.5000,2939.7231,5.0000,11.4325,0.0152,0.0873,1.5708,2941.2472,-6371000.0000,
569.7500,2938.4731,5.0000,11.4340,0.0152,0.0873,1.5708,2939.9972,-6371000.0000,
570.0000,2937.2231,5.0000,11.4354,0.0152,0.0873,1.5708,2938.7472,-6371000.0000,
570.2500,2935.9731,5.0000,11.4369,0.0152,0.0873,1.5708,2937.4972,-6371000.0000,
570.5000,2934.7231,5.0000,11.4384,0.0152,0.0873,1.5708,2936.2472,-6371000.0000,
570.7500,2933.4731,5.0000,11.4399,0.0152,0.0873,1.5708,2934.9972,-6371000.0000,
571.0000,2932.2231,5.0000,11.4413,0.0152,0.0873,1.5708,2933.7472,-6371000.0000,
571.2500,2930.9731,5.0000,11.4428,0.0152,0.0873,1.5708,2932.4972,-6371000.0000,
571.5000,2929.7231,5.0000,11.4443,0.0152,0.0873,1.5708,2931.2472,-6371000.0000,
571.7500,2928.4731,5.0000,11.4457,0.0152,0.0873,1.5708,2929.9972,-6371000.0000,
572.0000,2927.2231,5.0000,11.4472,0.0152,0.0873,1.5708,2928.7472,-6371000.0000,
572.2500,2925.9731,5.0000,11.4487,0.0152,0.0873,1.5708,2927.4972,-6371000.0000,
572.5000,2924.7231,5.0000,11.4501,0.0152,0.0873,1.5708,2926.2472,-6371000.0000,
572.7500,2923.4731,5.0000,11.4516,0.0152,0.0873,1.5708,2924.9972,-6371000.0000,
573.0000,2922.2231,5.0000,11.4531,0.0152,0.0873,1.5708,2923.7472,-6371000.0000,
573.2500,2920.9731,5.0000,11.4546,0.0152,0.0873,1.5708,2922.4972,-6371000.0000,
573.5000,2919.7231,5.0000,11.4560,0.0152,0.0873,1.5708,2921.2472,-6371000.0000,
573.7500,2918.4731,5.0000,11.4575,0.0152,0.0873,1.5708,2919.9972,-6371000.0000,
574.0000,2917.2231,5.0000,11.4590,0.0152,0.0873,1.5708,2918.7472,-6371000.0000,
574.2500,2915.9731,5.0000,11.4604,0.0152,0.0873,1.5708,2917.4972,-6371000.0000,
574.5000,2914.7231,5.0000,11.4619,0.0152,0.0873,1.5708,2916.2472,-6371000.0000,
574.7500,2913.4731,5.0000,11.4634,0.0152,0.0873,1.5708,2914.9972,-6371000.0000,
575.0000,2912.2231,5.0000,11.4648,0.0152,0.0873,1.5708,2913.7472,-6371000.0000,
575.2500,2910.9731,5.0000,11.4663,0.0152,0.0873,1.5708,2912.4972,-6371000.0000,
575.5000,2909.7231,5.0000,11.4678,0.0152,0.0873,1.5708,2911.2472,-6371000.0000,
575.7500,2908.4731,5.0000,11.4693,0.0152,0.0873,1.5708,2909.9972,-6371000.0000,
576.0000,2907.2231,5.0000,11.4707,0.0152,0.0873,1.5708,2908.7472,-6371000.0000,
576.2500,2905.9731,5.0000,11.4722,0.0152,0.0873,1.5708,2907.4972,-6371000.0000,
576.5000,2904.7231,5.0000,11.4737,0.0152,0.0873,1.5708,2906.2472,-6371000.0000,
576.7500,2903.4731,5.0000,11.4752,0.0152,0.0873,1.5708,2904.9972,-6371000.0000,
577.0000,2902.2231,5.0000,11.4766,0.0152,0.0873,1.5708,2903.7472,-6371000.0000,
577.2500,2900.9731,5.0000,11.4781,0.0152,0.0873,1.5708,2902.4972,-6371000.0000,
577.5000,2899.7231,5.0000,11.4796,0.0152,0.0873,1.5708,2901.2472,-6371000.0000,
577.7500,2898.4731,5.0000,11.4810,0.0152,0.0873,1.5708,2899.9972,-6371000.0000,
578.0000,2897.2231,5.0000,11.4825,0.0152,0.0873,1.5708,2898.7472,-6371000.0000,
578.2500,2895.9731,5.0000,11.4840,0.0152,0.0873,1.5708,2897.4972,-6371000.0000,
578.5000,2894.7231,5.0000,11.4855,0.0152,0.0873,1.5708,2896.2472,-6371000.0000,
578.7500,2893.4731,5.0000,11.4869,0.0152,0.0873,1.5708,2894.9972,-6371000.0000,
579.0000,2892.2231,5.0000,11.4884,0.0152,0.0873,1.5708,2893.7472,-6371000.0000,
579.2500,2890.9731,5.0000,11.4899,0.0152,0.0873,1.5708,2892.4972,-6371000.0000,
579.5000,2889.7231,5.0000,11.4914,0.0152,0.0873,1.5708,2891.2472,-6371000.0000,
579.7500,2888.4731,5.0000,11.4928,0.0152,0.0873,1.5708,2889.9972,-6371000.0000,
580.0000,2887.2231,5.0000,11.4943,0.0152,0.0873,1.5708,2888.7472,-6371000.0000,
580.2500,2885.9731,5.0000,11.4958,0.0152,0.0873,1.5708,2887.4972,-6371000.0000,
580.5000,2884.7231,5.0000,11.4973,0.0152,0.0873,1.5708,2886.2472,-6371000.0000,
580.7500,2883.4731,5.0000,11.4987,0.0152,0.0873,1.5708,2884.9972,-6371000.0000,
581.0000,2882.2231,5.0000,11.5002,0.0152,0.0873,1.5708,2883.7472,-6371000.0000,
581.2500,2880.9731,5.0000,11.5017,0.0152,0.0873,1.5708,2882.4972,-6371000.0000,
581.5000,2879.7231,5.0000,11.5032,0.0152,0.0873,1.5708,2881.2472,-6371000.0000,
581.7500,2878.4731,5.0000,11.5046,0.0152,0.0873,1.5708,2879.9972,-6371000.0000,
582.0000,2877.2231,5.0000,11.5061,0.0152,0.0873,1.5708,2878.7472,-6371000.0000,
582.2500,2875.9731,5.0000,11.5076,0.0152,0.0873,1.5708,2877.4972,-6371000.0000,
582.5000,2874.7231,5.0000,11.5091,0.0152,0.0873,1.5708,2876.2472,-6371000.0000,
582.7500,2873.4731,5.0000,11.5105,0.0152,0.0873,1.5708,2874.9972,-6371000.0000,
583.0000,2872.2231,5.0000,11.5120,0.0152,0.0873,1.5708,2873.7472,-6371000.0000,
583.2500,2870.9731,5.0000,11.5135,0.0152,0.0873,1.5708,2872.4972,-6371000.0000,
583.5000,2869.7231,5.0000,11.5150,0.0152,0.0873,1.5708,2871.2472,-6371000.0000,
583.7500,2868.4731,5.0000,11.5164,0.0152,0.0873,1.5708,2869.9972,-6371000.0000,
584.0000,2867.2231,5.0000,11.5179,0.0152,0.0873,1.5708,2868.7472,-6371000.0000,
584.2500,2865.9731,5.0000,11.5194,0.0152,0.0873,1.5708,2867.4972,-6371000.0000,
584.5000,2864.7231,5.0000,11.5209,0.0152,0.0873,1.5708,2866.2472,-6371000.0000,
584.7500,2863.4731,5.0000,11.5224,0.0152,0.0873,1.5708,2864.9972,-6371000.0000,
585.0000,2862.2231,5.0000,11.5238,0.0152,0.0873,1.5708,2863.7472,-6371000.0000,
585.2500,2860.9731,5.0000,11.5253,0.0152,0.0873,1.5708,2862.4972,-6371000.0000,
585.5000,2859.7231,5.0000,11.5268,0.0152,0.0873,1.5708,2861.2472,-6371000.0000,
585.7500,2858.4731,5.0000,11.5283,0.0152,0.0873,1.5708,2859.9972,-6371000.0000,
586.0000,2857.2231,5.0000,11.5297,0.0152,0.0873,1.5708,2858.7472,-6371000.0000,
586.2500,2855.9731,5.0000,11.5312,0.0152,0.0873,1.5708,2857.4972,-6371000.0000,
586.5000,2854.7231,5.0000,11.5327,0.0152,0.0873,1.5708,2856.2472,-6371000.0000,
586.7500,2853.4731,5.0000,11.5342,0.0152,0.0873,1.5708,2854.9972,-6371000.0000,
587.0000,2852.2231,5.0000,11.5357,0.0152,0.0873,1.5708,2853.7472,-6371000.0000,
587.2500,2850.9731,5.0000,11.5371,0.0152,0.0873,1.5708,2852.4972,-6371000.0000,
587.5000,2849.7231,5.0000,11.5386,0.0152,0.0873,1.5708,2851.2472,-6371000.0000,
587.7500,2848.4731,5.0000,11.5401,0.0152,0.0873,1.5708,2849.9972,-6371000.0000,
588.0000,2847.2231,5.0000,11.5416,0.0152,0.0873,1.5708,2848.7472,-6371000.0000,
588.2500,2845.9731,5.0000,11.5431,0.0152,0.0873,1.5708,2847.4972,-6371000.0000,
588.5000,2844.7231,5.0000,11.5445,0.0152,0.0873,1.5708,2846.2472,-6371000.0000,
588.7500,2843.4731,5.0000,11.5460,0.0152,0.0873,1.5708,2844.9972,-6371000.0000,
589.0000,2842.2231,5.0000,11.5475,0.0152,0.0873,1.5708,2843.7472,-6371000.0000,
589.2500,2840.9731,5.0000,11.5490,0.0152,0.0873,1.5708,2842.4972,-6371000.0000,
589.5000,2839.7231,5.0000,11.5505,0.0152,0.0873,1.5708,2841.2472,-6371000.0000,
589.7500,2838.4731,5.0000,11.5519,0.0152,0.0873,1.5708,2839.9972,-6371000.0000,
590.0000,2837.2231,5.0000,11.5534,0.0152,0.0873,1.5708,2838.7472,-6371000.0000,
590.2500,2835.9731,5.0000,11.5549,0.0152,0.0873,1.5708,2837.4972,-6371000.0000,
590.5000,2834.7231,5.0000,11.5564,0.0152,0.0873,1.5708,2836.2472,-6371000.0000,
590.7500,2833.4731,5.0000,11.5579,0.0152,0.0873,1.5708,2834.9972,-6371000.0000,
591.0000,2832.2231,5.0000,11.5593,0.0152,0.0873,1.5708,2833.7472,-6371000.0000,
591.2500,2830.9731,5.0000,11.5608,0.0152,0.0873,1.5708,2832.4972,-6371000.0000,
591.5000,2829.7231,5.0000,11.5623,0.0152,0.0873,1.5708,2831.2472,-6371000.0000,
591.7500,2828.4731,5.0000,11.5638,0.0152,0.0873,1.5708,2829.9972,-6371000.0000,
592.0000,2827.2231,5.0000,11.5653,0.0152,0.0873,1.5708,2828.7472,-6371000.0000,
592.2500,2825.9731,5.0000,11.5667,0.0152,0.0873,1.5708,2827.4972,-6371000.0000,
592.5000,2824.7231,5.0000,11.5682,0.0152,0.0873,1.5708,2826.2472,-6371000.0000,
592.7500,2823.4731,5.0000,11.5697,0.0152,0.0873,1.5708,2824.9972,-6371000.0000,
593.0000,2822.2231,5.0000,11.5712,0.0152,0.0873,1.5708,2823.7471,-6371000.0000,
593.2500,2820.9731,5.0000,11.5727,0.0152,0.0873,1.5708,2822.4971,-6371000.0000,
593.5000,2819.7231,5.0000,11.5742,0.0152,0.0873,1.5708,2821.2471,-6371000.0000,
593.7500,2818.4731,5.0000,11.5756,0.0152,0.0873,1.5708,2819.9971,-6371000.0000,
594.0000,2817.2231,5.0000,11.5771,0.0152,0.0873,1.5708,2818.7471,-6371000.0000,
594.2500,2815.9731,5.0000,11.5786,0.0152,0.0873,1.5708,2817.4971,-6371000.0000,
594.5000,2814.7231,5.0000,11.5801,0.0152,0.0873,1.5708,2816.2471,-6371000.0000,
594.7500,2813.4731,5.0000,11.5816,0.0152,0.0873,1.5708,2814.9971,-6371000.0000,
595.0000,2812.2231,5.0000,11.5831,0.0152,0.0873,1.5708,2813.7471,-6371000.0000,
595.2500,2810.9731,5.0000,11.5845,0.0152,0.0873,1.5708,2812.4971,-6371000.0000,
595.5000,2809.7231,5.0000,11.5860,0.0152,0.0873,1.5708,2811.2471,-6371000.0000,
595.7500,2808.4731,5.0000,11.5875,0.0152,0.0873,1.5708,2809.9971,-6371000.0000,
596.0000,2807.2231,5.0000,11.5890,0.0152,0.0873,1.5708,2808.7471,-6371000.0000,
596.2500,2805.9731,5.0000,11.5905,0.0152,0.0873,1.5708,2807.4971,-6371000.0000,
596.5000,2804.7231,5.0000,11.5920,0.0152,0.0873,1.5708,2806.2471,-6371000.0000,
596.7500,2803.4731,5.0000,11.5934,0.0152,0.0873,1.5708,2804.9971,-6371000.0000,
597.0000,2802.2231,5.0000,11.5949,0.0152,0.0873,1.5708,2803.7471,-6371000.0000,
597.2500,2800.9731,5.0000,11.5964,0.0152,0.0873,1.5708,2802.4971,-6371000.0000,
597.5000,2799.7231,5.0000,11.5979,0.0152,0.0873,1.5708,2801.2471,-6371000.0000,
597.7500,2798.4731,5.0000,11.5994,0.0152,0.0873,1.5708,2799.9971,-6371000.0000,
598.0000,2797.2231,5.0000,11.6009,0.0152,0.0873,1.5708,2798.7471,-6371000.0000,
598.2500,2795.9731,5.0000,11.6024,0.0152,0.0873,1.5708,2797.4971,-6371000.0000,
598.5000,2794.7231,5.0000,11.6038,0.0152,0.0873,1.5708,2796.2471,-6371000.0000,
598.7500,2793.4731,5.0000,11.6053,0.0152,0.0873,1.5708,2794.9971,-6371000.0000,
599.0000,2792.2231,5.0000,11.6068,0.0152,0.0873,1.5708,2793.7471,-6371000.0000,
599.2500,2790.9731,5.0000,11.6083,0.0152,0.0873,1.5708,2792.4971,-6371000.0000,
599.5000,2789.7231,5.0000,11.6098,0.0152,0.0873,1.5708,2791.2471,-6371000.0000,
599.7500,2788.4731,5.0000,11.6113,0.0152,0.0873,1.5708,2789.9971,-6371000.0000,
600.0000,2787.2231,5.0000,11.6128,0.0152,0.0873,1.5708,2788.7471,-6371000.0000,
