time,altitude,velocity,q,mach,gimbal,theta,apoapsis,periapsis,theta_error
0.2500,1.4866,11.9041,55.4819,0.0280,0.0000,1.5708,5.5638,-6371000.0000,0.0000
0.5500,7.2112,26.2745,348.8754,0.0702,0.0000,1.5708,34.9765,-6371000.0000,0.0000
0.7500,13.4284,35.9038,686.3037,0.0984,0.0000,1.5708,68.8113,-6371000.0000,0.0000
1.0000,23.9142,47.9926,1269.2947,0.1339,0.0000,1.5708,127.3142,-6371000.0000,0.0000
1.2500,37.4292,60.1361,2032.6260,0.1696,0.0000,1.5708,204.0246,-6371000.0000,0.0000
1.5000,53.9865,72.3306,2977.1031,0.2055,0.0000,1.5708,299.1371,-6371000.0000,0.0000
1.7500,73.5985,84.5726,4102.9893,0.2415,0.0000,1.5708,412.8281,-6371000.0000,0.0000
2.0000,96.2765,96.8582,5409.9973,0.2777,0.0000,1.5708,545.2556,-6371000.0000,0.0000
2.2500,122.0309,109.1839,6897.2832,0.3140,0.0000,1.5708,696.5586,-6371000.0000,0.0000
2.5500,157.0106,124.0221,8917.9787,0.3578,0.0000,1.5708,903.2056,-6371000.0000,0.0000
2.8000,189.5655,136.4224,10796.1533,0.3944,0.0000,1.5708,1096.4301,-6371000.0000,0.0000
3.0500,225.2241,148.8506,12848.1597,0.4312,0.0000,1.5708,1308.8462,-6371000.0000,0.0000
3.3000,263.9928,161.3029,15070.8295,0.4680,0.0000,1.5708,1540.5124,-6371000.0000,0.0000
3.5500,305.8773,173.7757,17460.4613,0.5050,0.0000,1.5708,1791.4682,-6371000.0000,0.0000
3.8000,350.8821,186.2652,20012.8354,0.5421,0.0000,1.5708,2061.7346,-6371000.0000,0.0000
4.0500,399.0110,198.7679,22723.2313,0.5793,0.0000,1.5708,2351.3148,-6371000.0000,0.0000
4.3000,450.2668,211.2802,25586.4481,0.6166,0.0000,1.5708,2660.1945,-6371000.0000,0.0000
4.5500,504.6516,223.7987,28596.8275,0.6539,0.0000,1.5708,2988.3428,-6371000.0000,0.0000
4.8000,562.1664,236.3201,31748.2800,0.6914,0.0000,1.5708,3335.7132,-6371000.0000,0.0000
5.0500,622.8116,248.8411,35034.3122,0.7289,0.0000,1.5708,3702.2445,-6371000.0000,0.0000
5.3000,686.5867,261.3587,38448.0569,0.7665,0.0000,1.5708,4087.8619,-6371000.0000,0.0000
5.5500,753.4900,273.8524,41981.7191,0.8042,0.0000,1.5708,4492.4255,-6371000.0000,0.0000
5.8000,823.4852,286.0399,45553.7091,0.8412,0.0000,1.5708,4909.1350,-6371000.0000,0.0000
6.0500,896.4732,297.7862,49086.3233,0.8770,0.0000,1.5708,5331.2639,-6371000.0000,0.0000
6.3000,972.3377,309.0457,52543.6553,0.9116,0.0000,1.5708,5755.6668,-6371000.0000,0.0000
6.5500,1050.9523,319.7805,55892.0665,0.9446,-0.0016,1.5707,6179.2770,-6371000.0000,0.0000
6.8000,1132.1818,329.9616,59101.2797,0.9761,-0.0009,1.5701,6599.2070,-6370999.9999,-0.0008
7.0500,1215.8853,339.5691,62145.2733,1.0060,-0.0006,1.5690,7012.8364,-6370999.9998,-0.0016
7.3000,1301.9177,348.5924,65002.8751,1.0343,-0.0004,1.5677,7417.8794,-6370999.9994,-0.0020
7.5500,1390.1377,357.1282,67675.2648,1.0610,-0.0003,1.5663,7814.0709,-6370999.9986,-0.0023
7.8000,1480.4750,365.5599,70299.1155,1.0874,-0.0002,1.5648,8214.2281,-6370999.9967,-0.0024
8.0500,1572.9125,373.9304,72905.1262,1.1136,-0.0002,1.5632,8621.4580,-6370999.9933,-0.0025
8.3000,1667.4354,382.2450,75491.3257,1.1398,-0.0002,1.5616,9035.7898,-6370999.9873,-0.0026
8.5500,1764.0305,390.5089,78055.9459,1.1659,-0.0002,1.5600,9457.2734,-6370999.9777,-0.0026
8.8000,1862.6858,398.7274,80597.4072,1.1919,-0.0002,1.5583,9885.9787,-6370999.9632,-0.0027
9.0500,1963.3904,406.9057,83114.3029,1.2179,-0.0002,1.5566,10321.9956,-6370999.9419,-0.0028
9.3000,2066.1349,415.0490,85605.3856,1.2439,-0.0002,1.5548,10765.4328,-6370999.9121,-0.0028
9.5000,2149.7938,421.5420,87578.9207,1.2647,-0.0002,1.5534,11125.6105,-6370999.8806,-0.0029
9.7500,2256.1906,429.6355,90020.8495,1.2907,-0.0002,1.5516,11582.7381,-6370999.8296,-0.0029
10.0000,2364.6077,437.7086,92434.1994,1.3168,-0.0002,1.5497,12047.6891,-6370999.7628,-0.0030
10.2500,2475.0408,445.7666,94818.2027,1.3429,-0.0002,1.5478,12520.6409,-6370999.6772,-0.0030
10.5000,2587.4864,453.8145,97172.1878,1.3690,-0.0002,1.5459,13001.7885,-6370999.5692,-0.0031
10.7500,2701.9427,461.8576,99495.5676,1.3953,-0.0002,1.5439,13491.3439,-6370999.4348,-0.0032
11.0000,2818.4088,469.9009,101787.8286,1.4217,-0.0002,1.5419,13989.5357,-6370999.2695,-0.0032
11.2500,2936.8855,477.9494,104048.5201,1.4482,-0.0002,1.5399,14496.6092,-6370999.0685,-0.0033
11.5000,3057.3743,486.0084,106277.2446,1.4748,-0.0002,1.5378,15012.8262,-6370998.8264,-0.0033
11.7500,3179.8785,494.0827,108473.6480,1.5016,-0.0002,1.5357,15538.4647,-6370998.5373,-0.0034
12.0000,3304.4021,502.1774,110637.4105,1.5286,-0.0002,1.5336,16073.8191,-6370998.1947,-0.0034
12.2500,3430.9508,510.2975,112768.2384,1.5557,-0.0002,1.5314,16619.2001,-6370997.7916,-0.0035
12.5000,3559.5313,518.4480,114865.8555,1.5831,-0.0003,1.5292,17174.9348,-6370997.3203,-0.0036
12.7500,3690.1514,526.6337,116929.9958,1.6107,-0.0003,1.5269,17741.3665,-6370996.7724,-0.0036
13.0000,3822.8202,534.8596,118960.3960,1.6386,-0.0003,1.5246,18318.8551,-6370996.1387,-0.0037
13.2500,3957.5481,543.1306,120956.7887,1.6668,-0.0003,1.5223,18907.7772,-6370995.4096,-0.0037
13.5000,4094.3467,551.4516,122918.8959,1.6952,-0.0003,1.5200,19508.5262,-6370994.5741,-0.0038
13.7500,4233.2285,559.8273,124846.4225,1.7240,-0.0003,1.5176,20121.5124,-6370993.6209,-0.0039
14.0000,4374.2074,568.2627,126739.0511,1.7531,-0.0003,1.5151,20747.1637,-6370992.5372,-0.0039
14.2500,4517.2986,576.7625,128596.4358,1.7825,-0.0003,1.5127,21385.9255,-6370991.3097,-0.0040
14.5000,4662.5182,585.3317,130418.1977,1.8123,-0.0003,1.5102,22038.2610,-6370989.9237,-0.0040
14.7500,4809.8835,593.9749,132203.9194,1.8425,-0.0003,1.5076,22704.6521,-6370988.3635,-0.0041
15.0000,4959.4132,602.6971,133953.1410,1.8732,-0.0003,1.5050,23385.5990,-6370986.6121,-0.0042
15.2500,5111.1269,611.5029,135665.3552,1.9042,-0.0003,1.5024,24081.6214,-6370984.6512,-0.0042
15.5000,5265.0454,620.3973,137340.0038,1.9357,-0.0003,1.4998,24793.2586,-6370982.4610,-0.0043
15.7500,5421.1907,629.3850,138976.4737,1.9677,-0.0003,1.4971,25521.0701,-6370980.0203,-0.0043
16.0000,5579.5861,638.4708,140574.0932,2.0002,-0.0003,1.4943,26265.6363,-6370977.3064,-0.0044
16.2500,5740.2557,647.6595,142132.1294,2.0332,-0.0003,1.4915,27027.5588,-6370974.2947,-0.0045
16.5000,5903.2250,656.9559,143649.7845,2.0667,-0.0003,1.4887,27807.4614,-6370970.9587,-0.0045
16.7500,6068.5207,666.3650,145126.1939,2.1009,-0.0003,1.4859,28605.9906,-6370967.2700,-0.0046
17.0000,6236.1704,675.8915,146560.4231,2.1356,-0.0003,1.4830,29423.8165,-6370963.1982,-0.0047
17.2500,6406.2031,685.5403,147951.4659,2.1709,-0.0003,1.4800,30261.6332,-6370958.7104,-0.0047
17.5000,6578.6487,695.3163,149298.2425,2.2069,-0.0003,1.4771,31120.1602,-6370953.7715,-0.0048
17.7500,6753.5385,705.2244,150599.5980,2.2435,-0.0003,1.4740,32000.1430,-6370948.3436,-0.0049
18.0000,6930.9049,715.2697,151854.3012,2.2808,-0.0003,1.4710,32902.3541,-6370942.3861,-0.0049
18.2500,7110.7813,725.4570,153061.0433,2.3189,-0.0003,1.4679,33827.5939,-6370935.8555,-0.0050
18.5000,7293.2024,735.7914,154218.4378,2.3577,-0.0003,1.4647,34776.6921,-6370928.7049,-0.0051
18.7500,7478.2041,746.2779,155325.0197,2.3972,-0.0003,1.4615,35750.5084,-6370920.8842,-0.0051
19.0000,7665.8234,756.9218,156379.2460,2.4376,-0.0003,1.4583,36749.9342,-6370912.3394,-0.0052
19.2500,7856.0985,767.7280,157379.4960,2.4788,-0.0003,1.4550,37775.8936,-6370903.0128,-0.0053
19.5000,8049.0689,778.7020,158324.0718,2.5209,-0.0003,1.4517,38829.3450,-6370892.8423,-0.0054
19.7500,8244.7752,789.8489,159211.1999,2.5639,-0.0003,1.4483,39911.2824,-6370881.7614,-0.0054
20.0000,8443.2593,801.1741,160039.0328,2.6078,-0.0003,1.4448,41022.7370,-6370869.6988,-0.0055
20.2500,8644.5641,812.6831,160805.6506,2.6526,-0.0004,1.4414,42164.7793,-6370856.5778,-0.0056
20.5000,8848.7341,824.3813,161509.0641,2.6985,-0.0004,1.4378,43338.5202,-6370842.3164,-0.0057
20.7500,9055.8147,836.2743,162147.2173,2.7454,-0.0004,1.4343,44545.1137,-6370826.8264,-0.0058
21.0000,9265.8529,848.3679,162717.9907,2.7934,-0.0004,1.4306,45785.7585,-6370810.0135,-0.0058
21.2500,9478.8968,860.6679,163219.2057,2.8425,-0.0004,1.4269,47061.7002,-6370791.7763,-0.0059
21.5000,9694.9958,873.1802,163648.6284,2.8927,-0.0004,1.4232,48374.2341,-6370772.0063,-0.0060
21.7500,9914.2007,885.9107,164003.9748,2.9442,-0.0004,1.4194,49724.7072,-6370750.5867,-0.0061
22.0000,10136.5637,898.8657,164282.9162,2.9969,-0.0004,1.4156,51114.5216,-6370727.3928,-0.0062
22.2500,10362.1383,912.0515,164483.0847,3.0508,-0.0004,1.4117,52545.1368,-6370702.2904,-0.0063
22.5000,10590.9794,925.4746,164602.0804,3.1061,-0.0004,1.4077,54018.0730,-6370675.1357,-0.0064
22.7500,10823.1435,939.1415,164637.4774,3.1628,-0.0004,1.4037,55534.9146,-6370645.7744,-0.0064
23.0000,11058.6886,953.0702,164012.0063,3.2204,-0.0004,1.3997,57097.4511,-6370614.0399,-0.0065
23.2500,11297.6859,967.3329,162732.1445,3.2685,-0.0004,1.3955,58714.5380,-6370579.6909,-0.0066
23.5000,11540.2139,981.9235,161411.7349,3.3178,-0.0004,1.3913,60387.3419,-6370542.5357,-0.0067
23.7500,11786.3504,996.8468,160048.9231,3.3681,-0.0004,1.3871,62117.8111,-6370502.3608,-0.0068
24.0000,12036.1743,1012.1082,158642.0180,3.4196,-0.0004,1.3828,63907.9734,-6370458.9369,-0.0069
24.2500,12289.7656,1027.7130,157189.4930,3.4723,-0.0004,1.3784,65759.9399,-6370412.0180,-0.0070
24.5000,12547.2053,1043.6668,155689.9884,3.5261,-0.0004,1.3740,67675.9081,-6370361.3399,-0.0071
24.7500,12808.5755,1059.9757,154142.3124,3.5811,-0.0004,1.3694,69658.1653,-6370306.6192,-0.0072
25.0000,13073.9596,1076.6455,152545.4435,3.6374,-0.0004,1.3649,71709.0923,-6370247.5514,-0.0074
25.2500,13343.4421,1093.6827,150898.5321,3.6948,-0.0005,1.3602,73831.1676,-6370183.8099,-0.0075
25.5000,13617.1090,1111.0937,149200.9021,3.7536,-0.0005,1.3555,76026.9709,-6370115.0441,-0.0076
25.7500,13895.0473,1128.8852,147452.0523,3.8136,-0.0005,1.3507,78299.1877,-6370040.8773,-0.0077
26.0000,14177.3454,1147.0644,145651.6583,3.8750,-0.0005,1.3458,80650.6132,-6369960.9055,-0.0078
26.2500,14464.0932,1165.6383,143799.5734,3.9377,-0.0005,1.3409,83084.1575,-6369874.6948,-0.0079
26.5000,14755.3819,1184.6145,141895.8294,4.0017,-0.0005,1.3359,85602.8496,-6369781.7793,-0.0081
26.7500,15051.3042,1204.0006,139940.6373,4.0671,-0.0005,1.3308,88209.8430,-6369681.6589,-0.0082
27.0000,15351.9543,1223.8046,137934.3877,4.1339,-0.0005,1.3256,90908.4199,-6369573.7967,-0.0083
27.2500,15657.4278,1244.0346,135877.6510,4.2022,-0.0005,1.3203,93701.9975,-6369457.6163,-0.0085
27.5000,15967.8220,1264.6991,133771.1763,4.2719,-0.0005,1.3150,96594.1324,-6369332.4984,-0.0086
27.7500,16283.2356,1285.8068,131615.8912,4.3432,-0.0005,1.3095,99588.5271,-6369197.7786,-0.0087
28.0000,16600.8136,1280.3369,125451.8039,4.3472,-0.0015,1.3042,100035.2457,-6369157.8384,-0.0089
28.2500,16917.8831,1282.1521,119691.7595,4.3531,-0.0008,1.2988,100550.5904,-6369113.6613,-0.0095
28.5000,17234.2328,1277.6612,113084.4304,4.3375,-0.0024,1.2933,100247.0122,-6369103.3896,-0.0097
28.7500,17549.8135,1273.6266,106930.9609,4.3236,-0.0019,1.2878,100004.8291,-6369091.0754,-0.0098
29.0000,17864.8987,1276.8662,101191.3057,4.3111,-0.0018,1.2822,99820.2295,-6369077.0379,-0.0101
29.2500,18179.5903,1273.6608,96865.6733,4.3232,-0.0017,1.2766,100566.2993,-6369021.0288,-0.0102
29.5000,18493.8181,1270.8365,91792.3743,4.3133,-0.0018,1.2711,100482.2759,-6369002.7372,-0.0112
29.7500,18807.3416,1268.3868,87046.5449,4.3048,-0.0027,1.2656,100447.0756,-6368982.5140,
30.0000,19120.2486,1266.2886,82600.7574,4.2975,-0.0023,1.2601,100457.2639,-6368960.2725,
30.2500,19432.6219,1264.5226,78430.7251,4.2913,-0.0021,1.2546,100510.2800,-6368936.2042,
30.5000,19744.2075,1263.0832,74519.8871,4.2862,-0.0031,1.2491,100604.6444,-6368910.0835,
30.7500,20055.0808,1261.9565,70068.8896,4.2586,-0.0031,1.2437,99864.8507,-6368928.9831,
31.0000,20365.4854,1254.2002,66088.8841,4.2527,-0.0028,1.2382,100038.3188,-6368899.9163,
31.2500,20675.4927,1253.6539,62808.4217,4.2476,-0.0024,1.2327,100246.6434,-6368868.8523,
31.5000,20985.0002,1253.3703,59725.7731,4.2435,-0.0025,1.2272,100487.5101,-6368835.8036,
31.7500,21293.4029,1253.3537,56202.1406,4.2167,-0.0025,1.2219,99894.6612,-6368851.7584,
32.0000,21601.5917,1246.5859,53503.6594,4.2142,-0.0047,1.2166,100195.0227,-6368815.7775,
32.2500,21909.2874,1247.0067,50962.8844,4.2126,-0.0029,1.2111,100522.2012,-6368777.3094,
32.5000,22215.8763,1240.6743,48028.3655,4.1881,-0.0029,1.2057,100016.0818,-6368791.4583,
32.7500,22522.4062,1241.5052,45794.1038,4.1879,-0.0040,1.2002,100393.0925,-6368750.2013,
33.0000,22827.7604,1242.5410,43198.9781,4.1648,-0.0040,1.1951,99938.8252,-6368763.1794,
33.2500,23133.1437,1236.7501,41226.8052,4.1658,-0.0046,1.1896,100358.6995,-6368718.8260,
33.5000,23437.2718,1238.1321,38924.5906,4.1439,-0.0046,1.1845,99950.0319,-6368730.7642,
33.7500,23741.5084,1232.6663,37180.3411,4.1461,-0.0048,1.1789,100408.0211,-6368683.2459,
34.0000,24044.4021,1227.3669,35132.0135,4.1253,-0.0048,1.1738,100039.5887,-6368694.2572,
34.2500,24347.4753,1229.1859,33586.6054,4.1285,-0.0050,1.1682,100531.2583,-6368643.4454,
34.5000,24649.4401,1224.1588,31759.2206,4.1088,-0.0050,1.1630,100198.4371,-6368653.6281,
34.7500,24950.6598,1226.2526,30389.5914,4.1129,-0.0068,1.1579,100719.7073,-6368599.1729,
35.0000,25251.8214,1221.4689,28755.0857,4.0940,-0.0068,1.1525,100418.4763,-6368608.6141,
35.2500,25551.8029,1216.8108,27220.3961,4.0756,-0.0068,1.1476,100134.2537,-6368617.5593,
35.5000,25851.4523,1219.2412,26073.7540,4.0809,-0.0073,1.1423,100691.6266,-6368558.9184,
35.7500,26150.7934,1214.7887,24696.3470,4.0632,-0.0073,1.1368,100433.7304,-6368567.2402,
36.0000,26449.0335,1210.4428,23400.9585,4.0459,-0.0073,1.1318,100190.1013,-6368575.1342,
36.2500,26746.3608,1213.1666,22181.9856,4.0290,-0.0073,1.1270,99959.8443,-6368582.6261,
36.5000,27044.0983,1208.9948,21273.2872,4.0356,-0.0079,1.1212,100555.0637,-6368519.3263,
36.7500,27340.8018,1204.9137,20174.8477,4.0192,-0.0079,1.1159,100345.5104,-6368526.3234,
37.0000,27636.4931,1200.9182,19139.7968,4.0032,-0.0079,1.1111,100147.2566,-6368532.9710,
37.2500,27931.6769,1203.9529,18375.0101,4.0106,-0.0089,1.1061,100763.5465,-6368464.8298,
37.5000,28227.0156,1200.0976,17439.6916,3.9951,-0.0089,1.1004,100582.7361,-6368471.0580,
37.8000,28580.1585,1195.5676,16386.8524,3.9769,-0.0089,1.0942,100378.3774,-6368478.1297,
38.0500,28873.4117,1191.8681,15563.5074,3.9619,-0.0089,1.0895,100217.9279,-6368483.7076,
38.3000,29165.7436,1188.2334,14785.9715,3.9473,-0.0089,1.0852,100065.8727,-6368489.0160,
38.5500,29457.9681,1191.5784,14214.9027,3.9558,-0.0166,1.0803,100708.2540,-6368414.9375,
38.8000,29750.0974,1188.0499,13509.3887,3.9415,-0.0166,1.0749,100569.1419,-6368419.9334,
39.0500,30041.3463,1184.5773,12842.4746,3.9274,-0.0166,1.0699,100437.2096,-6368424.6914,
39.3000,30331.7279,1181.1574,12211.8039,3.9135,-0.0166,1.0654,100312.0472,-6368429.2243,
39.5500,30621.2549,1177.7874,11615.1832,3.8999,-0.0166,1.0612,100193.2714,-6368433.5441,
39.8000,30909.9392,1174.4649,11050.5690,3.8864,-0.0166,1.0574,100080.5230,-6368437.6622,
40.0500,31198.2628,1178.0534,10639.4317,3.8957,-0.0254,1.0528,100736.8749,-6368356.0627,
40.3000,31486.8625,1174.8089,10125.0483,3.8825,-0.0254,1.0462,100633.4016,-6368359.9579,
40.5500,31774.6493,1171.6055,9637.8763,3.8695,-0.0254,1.0401,100535.1194,-6368363.6734,
40.8000,32061.6330,1168.4439,9031.1161,3.8565,-0.0254,1.0346,100441.7908,-6368367.2167,
41.0500,32347.8251,1165.3292,8580.5085,3.8395,-0.0254,1.0295,100354.5440,-6368370.5433,
41.3000,32633.2353,1162.2503,8155.1576,3.8227,-0.0254,1.0248,100271.7722,-6368373.7127,
41.5500,32917.8723,1159.2053,7753.4760,3.8061,-0.0254,1.0206,100193.2173,-6368376.7336,
41.8000,33201.7440,1156.1924,7373.9885,3.7896,-0.0254,1.0166,100118.6378,-6368379.6139,
42.0500,33484.8581,1153.2099,7015.3226,3.7734,-0.0254,1.0130,100047.8078,-6368382.3612,
42.3000,33767.6783,1157.0186,6754.7451,3.7794,-0.0341,1.0081,100707.1305,-6368290.5295,
42.5500,34050.8195,1154.0866,6428.8069,3.7634,-0.0341,0.9996,100642.0675,-6368293.1380,
42.8000,34333.2220,1151.1809,6120.4673,3.7476,-0.0341,0.9911,100580.2277,-6368295.6280,
43.0500,34614.8922,1148.3001,5828.6669,3.7320,-0.0341,0.9827,100521.4321,-6368298.0056,
43.3000,34895.8359,1145.4429,5552.4175,3.7165,-0.0341,0.9743,100465.5133,-6368300.2768,
43.5500,35176.0588,1142.6080,5290.7965,3.7011,-0.0341,0.9661,100412.3139,-6368302.4469,
43.8000,35455.5660,1139.7945,5042.9424,3.6859,-0.0341,0.9579,100361.6861,-6368304.5210,
44.0500,35734.3628,1137.0011,4808.0498,3.6709,-0.0341,0.9498,100313.4911,-6368306.5042,
44.3000,36012.4538,1134.2269,4585.3660,3.6560,-0.0341,0.9417,100267.5984,-6368308.4009,
44.5500,36289.8436,1131.4709,4374.1865,3.6412,-0.0341,0.9338,100223.8855,-6368310.2154,
44.8000,36566.5365,1128.7322,4173.8521,3.6265,-0.0341,0.9259,100182.2367,-6368311.9518,
45.0500,36842.5366,1126.0100,3983.7452,3.6120,-0.0341,0.9180,100142.5436,-6368313.6140,
45.3000,37117.8478,1123.3035,3803.2873,3.5976,-0.0341,0.9103,100104.7038,-6368315.2056,
45.5500,37392.4738,1120.6119,3631.9360,3.5833,-0.0341,0.9026,100068.6210,-6368316.7300,
45.8000,37666.4180,1117.9345,3469.1826,3.5691,-0.0341,0.8949,100034.2043,-6368318.1905,
46.0500,37939.6840,1115.2706,3314.5499,3.5550,-0.0341,0.8874,100001.3683,-6368319.5901,
46.3000,38213.5155,1119.0076,3203.5921,3.5614,-0.0428,0.8731,100606.5274,-6368206.5340,
46.5500,38486.8120,1116.3675,3061.7474,3.5474,-0.0428,0.8583,100576.1293,-6368207.8831,
46.8000,38759.4387,1113.7393,2926.8903,3.5336,-0.0428,0.8436,100547.1103,-6368209.1767,
47.0500,39031.3982,1111.1224,2798.6406,3.5199,-0.0428,0.8290,100519.4011,-6368210.4174,
47.3000,39302.6934,1108.5164,2676.6411,3.5063,-0.0428,0.8146,100492.9358,-6368211.6077,
47.5500,39573.3266,1105.9206,2560.5554,3.4927,-0.0428,0.8003,100467.6525,-6368212.7500,
47.8000,39843.3004,1103.3348,2450.0674,3.4793,-0.0428,0.7861,100443.4926,-6368213.8464,
48.0500,40112.6170,1100.7583,2344.8794,3.4660,-0.0428,0.7720,100420.4006,-6368214.8991,
48.3000,40381.2786,1098.1909,2244.7110,3.4527,-0.0428,0.7580,100398.3242,-6368215.9100,
48.5500,40649.2874,1095.6321,2149.2983,3.4395,-0.0428,0.7442,100377.2139,-6368216.8811,
48.8000,40916.6453,1093.0815,2058.3924,3.4265,-0.0428,0.7305,100357.0227,-6368217.8141,
49.0500,41183.3543,1090.5387,1971.7589,3.4135,-0.0428,0.7169,100337.7062,-6368218.7108,
49.3000,41449.4161,1088.0035,1889.1766,3.4005,-0.0428,0.7034,100319.2224,-6368219.5727,
49.5500,41714.8326,1085.4755,1810.4369,3.3877,-0.0428,0.6901,100301.5315,-6368220.4014,
49.8000,41979.6053,1082.9544,1735.3430,3.3749,-0.0428,0.6768,100284.5959,-6368221.1983,
50.0500,42243.7360,1080.4399,1663.7091,3.3623,-0.0428,0.6637,100268.3797,-6368221.9649,
50.3000,42507.2261,1077.9318,1595.3597,3.3496,-0.0428,0.6507,100252.8491,-6368222.7025,
50.5500,42770.0770,1075.4297,1530.1292,3.3371,-0.0428,0.6378,100237.9719,-6368223.4123,
50.8000,43032.2902,1072.9334,1467.8610,3.3247,-0.0428,0.6250,100223.7178,-6368224.0955,
51.0500,43293.8670,1070.4427,1408.4072,3.3123,-0.0428,0.6123,100210.0577,-6368224.7533,
51.3000,43554.8088,1067.9574,1351.6279,3.2999,-0.0428,0.5998,100196.9643,-6368225.3867,
51.5500,43815.1166,1065.4772,1297.3907,3.2877,-0.0428,0.5873,100184.4116,-6368225.9968,
51.8000,44074.7917,1063.0020,1245.5706,3.2755,-0.0428,0.5750,100172.3747,-6368226.5846,
52.0500,44333.8352,1060.5315,1196.0492,3.2634,-0.0428,0.5627,100160.8302,-6368227.1509,
52.3000,44592.2482,1058.0655,1148.7143,3.2513,-0.0428,0.5506,100149.7557,-6368227.6967,
52.5500,44850.0318,1055.6040,1103.4599,3.2393,-0.0428,0.5386,100139.1302,-6368228.2229,
52.8000,45107.1868,1053.1467,1060.1855,3.2274,-0.0428,0.5266,100128.9334,-6368228.7302,
53.0500,45363.7143,1050.6934,1018.7959,3.2155,-0.0428,0.5148,100119.1462,-6368229.2194,
53.3000,45619.6152,1048.2440,979.2009,3.2037,-0.0428,0.5031,100109.7504,-6368229.6913,
53.5500,45874.8903,1045.7985,941.3150,3.1920,-0.0428,0.4915,100100.7285,-6368230.1466,
53.8000,46129.5406,1043.3565,905.0572,3.1803,-0.0428,0.4800,100092.0643,-6368230.5859,
54.0500,46383.5667,1040.9180,870.3507,3.1686,-0.0428,0.4686,100083.7418,-6368231.0099,
54.3000,46636.9695,1038.4829,837.1224,3.1570,-0.0428,0.4572,100075.7463,-6368231.4191,
54.5500,46889.7497,1036.0511,805.3033,3.1455,-0.0428,0.4460,100068.0635,-6368231.8143,
54.8000,47141.9081,1033.6234,754.6483,3.1355,-0.0428,0.4349,100060.7508,-6368232.1922,
55.0500,47393.4457,1031.1995,727.9386,3.1282,-0.0428,0.4239,100053.8333,-6368232.5514,
55.3000,47644.3632,1028.7782,702.2279,3.1209,-0.0428,0.4129,100047.1710,-6368232.8990,
55.5500,47894.6611,1026.3597,677.4769,3.1135,-0.0428,0.4021,100040.7540,-6368233.2354,
55.8000,48144.3401,1023.9437,653.6479,3.1062,-0.0428,0.3914,100034.5728,-6368233.5611,
56.0500,48393.4008,1021.5303,630.7047,3.0989,-0.0428,0.3807,100028.6183,-6368233.8763,
56.3000,48641.8435,1019.1193,608.6128,3.0916,-0.0428,0.3702,100022.8817,-6368234.1815,
56.5500,48889.6689,1016.7107,587.3387,3.0843,-0.0428,0.3597,100017.3546,-6368234.4769,
56.8000,49136.8775,1014.3044,566.8508,3.0770,-0.0428,0.3493,100012.0291,-6368234.7630,
57.0500,49383.4697,1011.9003,547.1183,3.0697,-0.0428,0.3391,100006.8972,-6368235.0400,
57.3000,49629.4461,1009.4984,528.1120,3.0624,-0.0428,0.3289,100001.9518,-6368235.3083,
57.5500,49875.0623,1010.7242,513.4688,3.0661,-0.0515,0.3141,100210.8026,-6368064.2852,
57.8000,50120.3186,1008.3297,495.6850,3.0588,-0.0515,0.2947,100206.1697,-6368064.5536,
58.0500,50364.9603,1005.9372,478.5525,3.0516,-0.0515,0.2755,100201.7043,-6368064.8135,
58.3000,50608.9879,1003.5467,462.0461,3.0443,-0.0515,0.2565,100197.4000,-6368065.0654,
58.5500,50852.4017,1001.1581,446.1419,3.0371,-0.0515,0.2377,100193.2506,-6368065.3093,
58.8000,51095.2020,998.7716,427.8702,3.0306,-0.0515,0.2190,100189.2550,-6368065.5454,
59.0500,51337.3894,996.3869,414.2046,3.0271,-0.0515,0.2004,100185.4214,-6368065.7730,
59.3000,51578.9642,994.0040,400.9743,3.0237,-0.0515,0.1821,100181.7183,-6368065.9940,
59.5500,51819.9268,991.6228,388.1655,3.0202,-0.0515,0.1639,100178.1412,-6368066.2085,
59.8000,52060.2773,989.2432,375.7648,3.0168,-0.0515,0.1458,100174.6859,-6368066.4168,
60.0500,52300.0163,986.8652,363.7593,3.0133,-0.0515,0.1279,100171.3483,-6368066.6190,
60.3000,52539.1439,984.4889,352.1363,3.0098,-0.0515,0.1102,100168.1244,-6368066.8153,
60.5500,52777.6605,982.1140,340.8838,3.0064,-0.0515,0.0926,100165.0102,-6368067.0059,
60.8000,53015.5664,979.7407,329.9900,3.0029,-0.0515,0.0752,100162.0022,-6368067.1909,
61.0500,53252.8618,977.3688,319.4435,2.9994,-0.0515,0.0579,100159.0967,-6368067.3705,
61.3000,53489.5471,974.9984,309.2332,2.9958,-0.0515,0.0408,100156.2902,-6368067.5449,
61.5500,53725.6224,972.6295,299.3485,2.9923,-0.0515,0.0238,100153.5793,-6368067.7142,
61.8000,53961.0881,970.2619,289.7790,2.9888,-0.0515,0.0070,100150.9609,-6368067.8785,
62.0500,54195.9444,967.8957,280.5148,2.9852,-0.0515,-0.0097,100148.4318,-6368068.0381,
62.3000,54430.1916,965.5309,271.5460,2.9817,-0.0515,-0.0262,100145.9889,-6368068.1930,
62.5500,54663.8299,963.1674,262.8634,2.9781,-0.0515,-0.0426,100143.6294,-6368068.3434,
62.8000,54896.8595,960.8052,254.4579,2.9746,-0.0515,-0.0589,100141.3504,-6368068.4895,
63.0500,55129.2807,958.4443,246.3205,2.9710,-0.0515,-0.0750,100139.1491,-6368068.6313,
63.3000,55361.0937,956.0846,238.4429,2.9674,-0.0515,-0.0909,100137.0229,-6368068.7689,
63.5500,55592.2987,953.7262,230.8168,2.9638,-0.0515,-0.1068,100134.9694,-6368068.9026,
63.8000,55822.8959,951.3690,223.4340,2.9602,-0.0515,-0.1225,100132.9859,-6368069.0323,
64.0500,56052.8856,949.0131,216.2870,2.9565,-0.0515,-0.1380,100131.0702,-6368069.1583,
64.3000,56282.2679,946.6583,209.3683,2.9529,-0.0515,-0.1534,100129.2199,-6368069.2807,
64.5500,56511.0429,944.3046,202.6704,2.9493,-0.0515,-0.1687,100127.4328,-6368069.3994,
64.8000,56739.2111,941.9522,196.1865,2.9456,-0.0515,-0.1839,100125.7067,-6368069.5147,
65.0500,56966.7724,939.6008,189.9098,2.9419,-0.0515,-0.1989,100124.0396,-6368069.6267,
65.3000,57193.7270,937.2506,183.8335,2.9383,-0.0515,-0.2138,100122.4295,-6368069.7354,
65.5500,57420.0753,934.9014,177.9514,2.9346,-0.0515,-0.2285,100120.8745,-6368069.8410,
65.8000,57645.8172,932.5534,172.2573,2.9309,-0.0515,-0.2432,100119.3726,-6368069.9435,
66.0500,57870.9531,930.2064,166.7452,2.9272,-0.0515,-0.2577,100117.9220,-6368070.0430,
66.3000,58095.4830,927.8605,161.4093,2.9235,-0.0515,-0.2720,100116.5210,-6368070.1397,
66.5500,58319.4072,925.5157,156.2439,2.9197,-0.0515,-0.2863,100115.1680,-6368070.2335,
66.8000,58542.7257,923.1718,151.2437,2.9160,-0.0515,-0.3004,100113.8612,-6368070.3246,
67.0500,58765.4388,920.8290,146.4034,2.9122,-0.0515,-0.3144,100112.5991,-6368070.4131,
67.3000,58987.5465,918.4872,141.7179,2.9085,-0.0515,-0.3283,100111.3803,-6368070.4990,
67.5500,59209.0491,916.1464,137.1823,2.9047,-0.0515,-0.3421,100110.2031,-6368070.5824,
67.8000,59429.9466,913.8066,132.7917,2.9009,-0.0515,-0.3557,100109.0662,-6368070.6634,
68.0500,59650.2392,911.4678,128.5416,2.8971,-0.0515,-0.3692,100107.9682,-6368070.7421,
68.3000,59869.9271,909.1299,124.4275,2.8933,-0.0515,-0.3826,100106.9078,-6368070.8185,
68.5500,60089.0103,906.7930,120.4451,2.8894,-0.0515,-0.3959,100105.8838,-6368070.8926,
68.8000,60307.4891,904.4570,116.5901,2.8856,-0.0515,-0.4091,100104.8947,-6368070.9647,
69.0500,60525.3635,902.1220,112.8585,2.8818,-0.0515,-0.4222,100103.9396,-6368071.0346,
69.3000,60742.6336,899.7880,109.2463,2.8779,-0.0515,-0.4351,100103.0172,-6368071.1025,
69.5500,60959.2996,897.4548,105.7498,2.8740,-0.0515,-0.4479,100102.1264,-6368071.1685,
69.8000,61175.3616,895.1226,102.3652,2.8701,-0.0515,-0.4607,100101.2660,-6368071.2326,
70.0500,61390.8197,892.7912,99.0890,2.8662,-0.0515,-0.4733,100100.4352,-6368071.2948,
70.3000,61605.6740,890.4608,95.9178,2.8623,-0.0515,-0.4858,100099.6329,-6368071.3552,
70.5500,61819.9247,888.1313,92.8481,2.8584,-0.0515,-0.4982,100098.8580,-6368071.4139,
70.8000,62033.5718,885.8027,89.8767,2.8545,-0.0515,-0.5104,100098.1097,-6368071.4708,
71.0500,62246.6154,883.4749,87.0005,2.8505,-0.0515,-0.5226,100097.3870,-6368071.5262,
71.3000,62459.0557,881.1481,84.2164,2.8465,-0.0515,-0.5347,100096.6892,-6368071.5799,
71.5500,62670.8928,878.8221,81.5216,2.8426,-0.0515,-0.5466,100096.0152,-6368071.6321,
71.8000,62882.1267,876.4970,78.9131,2.8386,-0.0515,-0.5585,100095.3644,-6368071.6828,
72.0500,63092.7575,874.1727,76.3881,2.8346,-0.0515,-0.5703,100094.7358,-6368071.7320,
72.3000,63302.7854,871.8494,73.9441,2.8306,-0.0515,-0.5819,100094.1289,-6368071.7799,
72.5500,63512.2105,869.5268,71.5785,2.8265,-0.0515,-0.5935,100093.5427,-6368071.8263,
72.8000,63721.0327,867.2052,69.2886,2.8225,-0.0515,-0.6049,100092.9767,-6368071.8714,
73.0500,63929.2523,864.8844,67.0722,2.8185,-0.0515,-0.6163,100092.4300,-6368071.9152,
73.3000,64136.8693,862.5644,64.9268,2.8144,-0.0515,-0.6275,100091.9022,-6368071.9578,
73.5500,64343.8838,860.2453,62.8502,2.8103,-0.0515,-0.6387,100091.3924,-6368071.9991,
73.8000,64550.2959,857.9270,60.8402,2.8062,-0.0515,-0.6497,100090.9001,-6368072.0393,
74.0500,64756.1056,855.6096,58.8946,2.8021,-0.0515,-0.6607,100090.4248,-6368072.0783,
74.3000,64961.3131,853.2930,57.0114,2.7980,-0.0515,-0.6716,100089.9657,-6368072.1162,
74.5500,65165.9184,850.9772,55.1886,2.7939,-0.0515,-0.6823,100089.5224,-6368072.1529,
74.8000,65369.9216,848.6623,53.4243,2.7897,-0.0515,-0.6930,100089.0943,-6368072.1887,
75.0500,65573.3228,846.3482,51.7165,2.7856,-0.0515,-0.7036,100088.6809,-6368072.2234,
75.3000,65776.1221,844.0350,50.0635,2.7814,-0.0515,-0.7141,100088.2816,-6368072.2571,
75.5500,65978.3195,841.7226,48.4636,2.7772,-0.0515,-0.7245,100087.8961,-6368072.2899,
75.8000,66179.9151,839.4110,46.9149,2.7730,-0.0515,-0.7348,100087.5238,-6368072.3217,
76.0500,66380.9090,837.1002,45.4160,2.7688,-0.0515,-0.7450,100087.1643,-6368072.3526,
76.3000,66581.3013,834.7903,43.9651,2.7646,-0.0515,-0.7552,100086.8172,-6368072.3827,
76.5500,66781.0919,832.4812,42.5607,2.7603,-0.0515,-0.7652,100086.4819,-6368072.4119,
76.8000,66980.2811,830.1729,41.2014,2.7561,-0.0515,-0.7752,100086.1582,-6368072.4402,
77.0500,67178.8688,827.8655,39.8857,2.7518,-0.0515,-0.7850,100085.8456,-6368072.4678,
77.3000,67376.8551,825.5589,38.6122,2.7475,-0.0515,-0.7948,100085.5437,-6368072.4945,
77.5500,67574.2402,823.2531,37.3796,2.7432,-0.0515,-0.8045,100085.2522,-6368072.5205,
77.8000,67771.0240,820.9481,36.1865,2.7389,-0.0515,-0.8141,100084.9707,-6368072.5458,
78.0500,67967.2066,818.6440,35.0317,2.7346,-0.0515,-0.8237,100084.6988,-6368072.5703,
78.3000,68162.7881,816.3407,33.9140,2.7303,-0.0515,-0.8331,100084.4363,-6368072.5941,
78.5500,68357.7685,814.0383,32.8321,2.7259,-0.0515,-0.8425,100084.1828,-6368072.6173,
78.8000,68552.1479,811.7366,31.7849,2.7215,-0.0515,-0.8518,100083.9380,-6368072.6398,
79.0500,68745.9264,809.4359,30.7713,2.7172,-0.0515,-0.8610,100083.7016,-6368072.6617,
79.3000,68939.1041,807.1359,29.7902,2.7128,-0.0515,-0.8701,100083.4733,-6368072.6829,
79.5500,69131.6809,804.8368,28.8406,2.7084,-0.0515,-0.8791,100083.2529,-6368072.7036,
79.8000,69323.6569,802.5385,27.9214,2.7039,-0.0515,-0.8881,100083.0400,-6368072.7236,
80.0500,69515.0323,800.2411,27.0318,2.6995,-0.0515,-0.8970,100082.8344,-6368072.7431,
80.3000,69705.8069,797.9445,26.1706,2.6951,-0.0515,-0.9058,100082.6359,-6368072.7621,
80.5500,69895.9810,795.6488,25.3371,2.6906,-0.0515,-0.9145,100082.4442,-6368072.7805,
80.8000,70085.5546,793.3539,24.5304,2.6861,-0.0515,-0.9232,100082.2591,-6368072.7984,
81.0500,70274.5277,791.0599,23.7495,2.6816,-0.0515,-0.9317,100082.0804,-6368072.8158,
81.3000,70462.9003,788.7667,22.9936,2.6771,-0.0515,-0.9403,100081.9077,-6368072.8327,
81.5500,70650.6726,786.4744,22.2620,2.6726,-0.0515,-0.9487,100081.7410,-6368072.8491,
81.8000,70837.8445,784.1830,21.5539,2.6680,-0.0515,-0.9570,100081.5801,-6368072.8651,
82.0500,71024.4162,781.8924,20.8684,2.6635,-0.0515,-0.9653,100081.4246,-6368072.8806,
82.3000,71210.3876,779.6028,19.0628,2.6581,-0.0515,-0.9735,100081.2826,-6368072.8948,
82.5500,71395.7589,777.3140,18.4417,2.6526,-0.0515,-0.9817,100081.1459,-6368072.9087,
82.8000,71580.5301,775.0262,17.8413,2.6470,-0.0515,-0.9898,100081.0139,-6368072.9221,
83.0500,71764.7012,772.7392,17.2610,2.6415,-0.0515,-0.9978,100080.8865,-6368072.9351,
83.3000,71948.2724,770.4530,16.7001,2.6360,-0.0515,-1.0057,100080.7636,-6368072.9478,
83.5500,72131.2435,768.1678,16.1578,2.6304,-0.0515,-1.0136,100080.6449,-6368072.9601,
83.8000,72313.6148,765.8835,15.6337,2.6249,-0.0515,-1.0213,100080.5304,-6368072.9721,
84.0500,72495.3861,763.6000,15.1270,2.6193,-0.0515,-1.0291,100080.4199,-6368072.9837,
84.3000,72676.5577,761.3175,14.6372,2.6137,-0.0515,-1.0367,100080.3132,-6368072.9950,
84.5500,72857.1295,759.0358,14.1637,2.6081,-0.0515,-1.0443,100080.2102,-6368073.0059,
84.8000,73037.1015,756.7550,13.7059,2.6025,-0.0515,-1.0518,100080.1108,-6368073.0166,
85.0500,73216.4739,754.4752,13.2633,2.5969,-0.0515,-1.0593,100080.0149,-6368073.0270,
85.3000,73395.2466,752.1963,12.8354,2.5912,-0.0515,-1.0667,100079.9222,-6368073.0370,
85.5500,73573.4197,749.9182,12.4217,2.5856,-0.0515,-1.0740,100079.8328,-6368073.0468,
85.8000,73750.9932,747.6412,12.0218,2.5799,-0.0515,-1.0813,100079.7465,-6368073.0563,
86.0500,73927.9673,745.3650,11.6351,2.5743,-0.0515,-1.0885,100079.6632,-6368073.0656,
86.3000,74104.3418,743.0898,11.2611,2.5686,-0.0515,-1.0956,100079.5827,-6368073.0745,
86.5500,74280.1169,740.8155,10.8996,2.5629,-0.0515,-1.1027,100079.5051,-6368073.0833,
86.8000,74455.2926,738.5421,10.5500,2.5572,-0.0515,-1.1097,100079.4301,-6368073.0918,
87.0500,74629.8690,736.2698,10.2119,2.5515,-0.0515,-1.1167,100079.3577,-6368073.1000,
87.3000,74803.8460,733.9983,9.8850,2.5457,-0.0515,-1.1236,100079.2878,-6368073.1080,
87.5500,74977.2238,731.7279,9.5689,2.5400,-0.0515,-1.1304,100079.2203,-6368073.1158,
87.8000,75150.0023,729.4584,9.2632,2.5342,-0.0515,-1.1372,100079.1551,-6368073.1234,
88.0500,75322.1817,727.1898,8.9676,2.5285,-0.0515,-1.1439,100079.0922,-6368073.1308,
88.3000,75493.7618,724.9223,8.6817,2.5227,-0.0515,-1.1506,100079.0314,-6368073.1379,
88.5500,75664.7429,722.6557,8.4052,2.5169,-0.0515,-1.1572,100078.9728,-6368073.1449,
88.8000,75835.1249,720.3902,8.1378,2.5111,-0.0515,-1.1637,100078.9161,-6368073.1517,
89.0500,76004.9078,718.1256,7.8791,2.5053,-0.0515,-1.1702,100078.8614,-6368073.1583,
89.3000,76174.0917,715.8620,7.6289,2.4995,-0.0515,-1.1766,100078.8085,-6368073.1647,
89.5500,76342.6767,713.5995,7.3870,2.4936,-0.0515,-1.1830,100078.7575,-6368073.1709,
89.8000,76510.6627,711.3380,7.1530,2.4878,-0.0515,-1.1893,100078.7082,-6368073.1770,
90.0500,76678.0499,709.0775,6.9266,2.4819,-0.0515,-1.1956,100078.6606,-6368073.1829,
90.3000,76844.8381,706.8180,6.7076,2.4761,-0.0515,-1.2018,100078.6147,-6368073.1886,
90.5500,77011.0276,704.5596,6.4958,2.4702,-0.0515,-1.2080,100078.5703,-6368073.1942,
90.8000,77176.6183,702.3022,6.2909,2.4643,-0.0515,-1.2141,100078.5274,-6368073.1996,
91.0500,77341.6102,700.0459,6.0926,2.4584,-0.0515,-1.2201,100078.4859,-6368073.2049,
91.3000,77506.0034,697.7907,5.9009,2.4524,-0.0515,-1.2261,100078.4459,-6368073.2101,
91.5500,77669.7979,695.5365,5.7153,2.4465,-0.0515,-1.2320,100078.4073,-6368073.2151,
91.8000,77832.9938,693.2834,5.5359,2.4406,-0.0515,-1.2379,100078.3699,-6368073.2199,
92.0500,77995.5910,691.0314,5.3622,2.4346,-0.0515,-1.2438,100078.3339,-6368073.2247,
92.3000,78157.5897,688.7805,5.1942,2.4287,-0.0515,-1.2496,100078.2990,-6368073.2293,
92.5500,78318.9899,686.5307,5.0316,2.4227,-0.0515,-1.2553,100078.2654,-6368073.2338,
92.8000,78479.7915,684.2820,4.8743,2.4167,-0.0515,-1.2610,100078.2328,-6368073.2381,
93.0500,78639.9946,682.0345,4.7221,2.4107,-0.0515,-1.2666,100078.2014,-6368073.2424,
93.3000,78799.5993,679.7881,4.5749,2.4047,-0.0515,-1.2722,100078.1711,-6368073.2465,
93.5500,78958.6056,677.5428,4.4323,2.3987,-0.0515,-1.2778,100078.1417,-6368073.2506,
93.8000,79117.0136,675.2987,4.2944,2.3926,-0.0515,-1.2832,100078.1134,-6368073.2545,
94.0500,79274.8231,673.0557,4.1610,2.3866,-0.0515,-1.2887,100078.0860,-6368073.2583,
94.3000,79432.0344,670.8139,4.0318,2.3805,-0.0515,-1.2941,100078.0596,-6368073.2620,
94.5500,79588.6474,668.5733,3.9068,2.3745,-0.0515,-1.2994,100078.0340,-6368073.2656,
94.8000,79744.6621,666.3338,3.7859,2.3684,-0.0515,-1.3047,100078.0093,-6368073.2692,
95.0500,79900.0786,664.0956,3.6688,2.3623,-0.0515,-1.3100,100077.9854,-6368073.2726,
95.3000,80054.8970,661.8586,3.5555,2.3562,-0.0515,-1.3152,100077.9624,-6368073.2759,
95.5500,80209.1171,659.6227,3.4458,2.3501,-0.0515,-1.3204,100077.9401,-6368073.2792,
95.8000,80362.7392,657.3882,3.3396,2.3440,-0.0515,-1.3255,100077.9185,-6368073.2824,
96.0500,80515.7632,655.1548,3.2368,2.3379,-0.0515,-1.3306,100077.8977,-6368073.2854,
96.3000,80668.1891,652.9227,3.1374,2.3317,-0.0515,-1.3356,100077.8776,-6368073.2885,
96.5500,80820.0169,650.6919,3.0411,2.3256,-0.0515,-1.3406,100077.8581,-6368073.2914,
96.8000,80971.2468,648.4623,2.9479,2.3194,-0.0515,-1.3455,100077.8393,-6368073.2942,
97.0500,81121.8787,646.2341,2.8576,2.3132,-0.0515,-1.3504,100077.8211,-6368073.2970,
97.3000,81271.9127,644.0071,2.7702,2.3070,-0.0515,-1.3553,100077.8036,-6368073.2997,
97.5500,81421.3487,641.7814,2.6857,2.3008,-0.0515,-1.3601,100077.7866,-6368073.3024,
97.8000,81570.1869,639.5570,2.6038,2.2946,-0.0515,-1.3649,100077.7702,-6368073.3049,
98.0500,81718.4272,637.3340,2.5245,2.2884,-0.0515,-1.3696,100077.7543,-6368073.3075,
98.3000,81866.0697,635.1123,2.4477,2.2822,-0.0515,-1.3743,100077.7390,-6368073.3099,
98.5500,82013.1144,632.8920,2.3734,2.2760,-0.0515,-1.3790,100077.7241,-6368073.3123,
98.8000,82159.5614,630.6730,2.3014,2.2697,-0.0515,-1.3836,100077.7098,-6368073.3146,
99.0500,82305.4106,628.4554,2.2317,2.2635,-0.0515,-1.3882,100077.6959,-6368073.3169,
99.3000,82450.6621,626.2392,2.1642,2.2572,-0.0515,-1.3927,100077.6825,-6368073.3191,
99.5500,82595.3159,624.0244,2.0988,2.2509,-0.0515,-1.3972,100077.6696,-6368073.3212,
99.8000,82739.3721,621.8110,2.0355,2.2446,-0.0515,-1.4016,100077.6570,-6368073.3233,
100.0500,82882.8307,619.5991,1.9742,2.2383,-0.0515,-1.4061,100077.6449,-6368073.3254,
100.3000,83025.6916,617.3886,1.9148,2.2320,-0.0515,-1.4104,100077.6332,-6368073.3273,
100.5500,83167.9550,615.1795,1.8573,2.2257,-0.0515,-1.4148,100077.6219,-6368073.3293,
100.8000,83309.6209,612.9719,1.8016,2.2194,-0.0515,-1.4191,100077.6109,-6368073.3312,
101.0500,83450.6893,610.7658,1.7476,2.2130,-0.0515,-1.4233,100077.6003,-6368073.3330,
101.3000,83591.1601,608.5612,1.6954,2.2067,-0.0515,-1.4276,100077.5901,-6368073.3348,
101.5500,83731.0336,606.3581,1.6448,2.2003,-0.0515,-1.4317,100077.5802,-6368073.3366,
101.8000,83870.3095,604.1566,1.5957,2.1939,-0.0515,-1.4359,100077.5706,-6368073.3383,
102.0500,84008.9881,601.9565,1.5482,2.1876,-0.0515,-1.4400,100077.5613,-6368073.3400,
102.3000,84147.0694,599.7581,1.5022,2.1812,-0.0515,-1.4441,100077.5524,-6368073.3416,
102.5500,84284.5532,597.5612,1.4576,2.1748,-0.0515,-1.4481,100077.5437,-6368073.3432,
102.8000,84421.4398,595.3659,1.4144,2.1684,-0.0515,-1.4521,100077.5353,-6368073.3448,
103.0500,84557.7290,593.1722,1.3725,2.1620,-0.0515,-1.4561,100077.5272,-6368073.3463,
103.3000,84693.4210,590.9801,1.3320,2.1555,-0.0515,-1.4601,100077.5194,-6368073.3478,
103.5500,84828.5158,588.7897,1.2927,2.1491,-0.0515,-1.4640,100077.5118,-6368073.3492,
103.8000,84963.0133,586.6009,1.1811,2.1417,-0.0515,-1.4678,100077.5047,-6368073.3506,
104.0500,85096.9136,584.4138,1.1446,2.1337,-0.0515,-1.4717,100077.4980,-6368073.3518,
104.3000,85230.2168,582.2284,1.1094,2.1257,-0.0515,-1.4755,100077.4916,-6368073.3531,
104.5500,85362.9228,580.0447,1.0753,2.1178,-0.0515,-1.4792,100077.4853,-6368073.3543,
104.8000,85495.0318,577.8627,1.0424,2.1098,-0.0515,-1.4830,100077.4793,-6368073.3555,
105.0500,85626.5436,575.6824,1.0106,2.1018,-0.0515,-1.4867,100077.4734,-6368073.3567,
105.3000,85757.4584,573.5040,0.9798,2.0939,-0.0515,-1.4904,100077.4678,-6368073.3579,
105.5500,85887.7761,571.3272,0.9501,2.0860,-0.0515,-1.4940,100077.4623,-6368073.3590,
105.8000,86017.4969,569.1523,0.9213,2.0780,-0.0515,-1.4976,100077.4571,-6368073.3601,
106.0500,86146.6206,566.9792,0.8935,2.0701,-0.0515,-1.5012,100077.4520,-6368073.3611,
106.3000,86275.1474,564.8079,0.8666,2.0622,-0.0515,-1.5047,100077.4470,-6368073.3622,
106.5500,86403.0772,562.6385,0.8406,2.0542,-0.0515,-1.5083,100077.4423,-6368073.3632,
106.8000,86530.4102,560.4710,0.8154,2.0463,-0.0515,-1.5117,100077.4377,-6368073.3642,
107.0500,86657.1462,558.3053,0.7910,2.0384,-0.0515,-1.5152,100077.4332,-6368073.3651,
107.3000,86783.2854,556.1416,0.7675,2.0305,-0.0515,-1.5186,100077.4289,-6368073.3661,
107.5500,86908.8277,553.9798,0.7447,2.0227,-0.0515,-1.5220,100077.4247,-6368073.3670,
107.8000,87033.7732,551.8199,0.7226,2.0148,-0.0515,-1.5254,100077.4207,-6368073.3679,
108.0500,87158.1219,549.6620,0.7013,2.0069,-0.0515,-1.5287,100077.4168,-6368073.3687,
108.3000,87281.8739,547.5062,0.6806,1.9990,-0.0515,-1.5320,100077.4130,-6368073.3696,
108.5500,87405.0291,545.3523,0.6606,1.9912,-0.0515,-1.5353,100077.4094,-6368073.3704,
108.8000,87527.5875,543.2005,0.6413,1.9833,-0.0515,-1.5385,100077.4058,-6368073.3713,
109.0500,87649.5493,541.0507,0.6225,1.9755,-0.0515,-1.5418,100077.4024,-6368073.3721,
109.3000,87770.9144,538.9030,0.6044,1.9676,-0.0515,-1.5450,100077.3991,-6368073.3728,
109.5500,87891.6828,536.7575,0.5869,1.9598,-0.0515,-1.5481,100077.3959,-6368073.3736,
109.8000,88011.8546,534.6141,0.5699,1.9520,-0.0515,-1.5513,100077.3928,-6368073.3743,
110.0500,88131.4298,532.4728,0.5534,1.9442,-0.0515,-1.5544,100077.3898,-6368073.3751,
110.3000,88250.4084,530.3337,0.5375,1.9364,-0.0515,-1.5575,100077.3869,-6368073.3758,
110.5500,88368.7905,528.1969,0.5220,1.9286,-0.0515,-1.5605,100077.3841,-6368073.3765,
110.8000,88486.5760,526.0622,0.5071,1.9208,-0.0515,-1.5635,100077.3813,-6368073.3772,
111.0500,88603.7650,523.9298,0.4926,1.9130,-0.0515,-1.5666,100077.3787,-6368073.3778,
111.3000,88720.3574,521.7997,0.4786,1.9052,-0.0515,-1.5695,100077.3762,-6368073.3785,
111.5500,88836.3534,519.6720,0.4650,1.8975,-0.0515,-1.5725,100077.3737,-6368073.3791,
111.8000,88951.7530,517.5465,0.4518,1.8897,-0.0515,-1.5754,100077.3713,-6368073.3797,
112.0500,89066.5561,515.4234,0.4390,1.8820,-0.0515,-1.5783,100077.3690,-6368073.3803,
112.3000,89180.7628,513.3028,0.4267,1.8742,-0.0515,-1.5812,100077.3667,-6368073.3809,
112.5500,89294.3731,511.1845,0.4147,1.8665,-0.0515,-1.5840,100077.3646,-6368073.3815,
112.8000,89407.3870,509.0687,0.4031,1.8588,-0.0515,-1.5869,100077.3625,-6368073.3821,
113.0500,89519.8046,506.9553,0.3918,1.8511,-0.0515,-1.5897,100077.3604,-6368073.3827,
113.3000,89631.6259,504.8445,0.3809,1.8434,-0.0515,-1.5924,100077.3585,-6368073.3832,
113.5500,89742.8508,502.7362,0.3704,1.8357,-0.0515,-1.5952,100077.3565,-6368073.3837,
113.8000,89853.4795,500.6305,0.3601,1.8280,-0.0515,-1.5979,100077.3547,-6368073.3843,
114.0500,89963.5119,498.5274,0.3502,1.8203,-0.0515,-1.6006,100077.3529,-6368073.3848,
114.3000,90072.9481,496.4269,0.3405,1.8126,-0.0515,-1.6033,100077.3512,-6368073.3853,
114.5500,90181.7880,494.3291,0.3312,1.8050,-0.0515,-1.6060,100077.3495,-6368073.3858,
114.8000,90290.0317,492.2339,0.3221,1.7973,-0.0515,-1.6086,100077.3478,-6368073.3863,
115.0500,90397.6793,490.1415,0.3133,1.7897,-0.0515,-1.6112,100077.3463,-6368073.3867,
115.3000,90504.7307,488.0519,0.3048,1.7821,-0.0515,-1.6138,100077.3447,-6368073.3872,
115.5500,90611.1859,485.9651,0.2966,1.7745,-0.0515,-1.6164,100077.3433,-6368073.3876,
115.8000,90717.0450,483.8811,0.2885,1.7669,-0.0515,-1.6189,100077.3418,-6368073.3881,
116.0500,90822.3080,481.7999,0.2808,1.7593,-0.0515,-1.6214,100077.3404,-6368073.3885,
116.3000,90926.9750,479.7217,0.2732,1.7517,-0.0515,-1.6239,100077.3391,-6368073.3890,
116.5500,91031.0458,477.6464,0.2659,1.7441,-0.0515,-1.6264,100077.3378,-6368073.3894,
116.8000,91134.5207,475.5740,0.2588,1.7365,-0.0515,-1.6289,100077.3365,-6368073.3898,
117.0500,91237.3995,473.5047,0.2519,1.7290,-0.0515,-1.6313,100077.3353,-6368073.3902,
117.3000,91339.6822,471.4385,0.2452,1.7214,-0.0515,-1.6337,100077.3341,-6368073.3906,
117.5500,91441.3690,469.3753,0.2387,1.7139,-0.0515,-1.6361,100077.3329,-6368073.3910,
117.8000,91542.4599,467.3152,0.2324,1.7064,-0.0515,-1.6385,100077.3318,-6368073.3914,
118.0500,91642.9547,465.2583,0.2263,1.6989,-0.0515,-1.6408,100077.3307,-6368073.3917,
118.3000,91742.8537,463.2047,0.2204,1.6914,-0.0515,-1.6432,100077.3297,-6368073.3921,
118.5500,91842.1567,461.1543,0.2146,1.6839,-0.0515,-1.6455,100077.3287,-6368073.3924,
118.8000,91940.8639,459.1071,0.2090,1.6764,-0.0515,-1.6478,100077.3277,-6368073.3928,
119.0500,92038.9751,457.0633,0.2036,1.6690,-0.0515,-1.6500,100077.3267,-6368073.3931,
119.3000,92136.4905,455.0229,0.1983,1.6615,-0.0515,-1.6523,100077.3258,-6368073.3935,
119.5500,92233.4101,452.9859,0.1932,1.6541,-0.0515,-1.6545,100077.3249,-6368073.3938,
119.8000,92329.7338,450.9524,0.1882,1.6467,-0.0515,-1.6567,100077.3240,-6368073.3941,
120.0500,92425.4618,448.9224,0.1833,1.6393,-0.0515,-1.6589,100077.3232,-6368073.3945,
120.3000,92520.5939,446.8959,0.1787,1.6319,-0.0515,-1.6611,100077.3224,-6368073.3948,
120.5500,92615.1303,444.8731,0.1741,1.6245,-0.0515,-1.6632,100077.3216,-6368073.3951,
120.8000,92709.0709,442.8539,0.1697,1.6171,-0.0515,-1.6654,100077.3208,-6368073.3954,
121.0500,92802.4158,440.8384,0.1654,1.6098,-0.0515,-1.6675,100077.3200,-6368073.3957,
121.3000,92895.1650,438.8267,0.1612,1.6024,-0.0515,-1.6696,100077.3193,-6368073.3960,
121.5500,92987.3185,436.8188,0.1571,1.5951,-0.0515,-1.6717,100077.3186,-6368073.3963,
121.8000,93078.8763,434.8147,0.1532,1.5878,-0.0515,-1.6737,100077.3179,-6368073.3965,
122.0500,93169.8384,432.8145,0.1493,1.5805,-0.0515,-1.6758,100077.3173,-6368073.3968,
122.3000,93260.2049,430.8183,0.1456,1.5732,-0.0515,-1.6778,100077.3166,-6368073.3971,
122.5500,93349.9758,428.8261,0.1420,1.5659,-0.0515,-1.6798,100077.3160,-6368073.3974,
122.8000,93439.1510,426.8380,0.1385,1.5587,-0.0515,-1.6818,100077.3154,-6368073.3976,
123.0500,93527.7307,424.8540,0.1350,1.5514,-0.0515,-1.6838,100077.3148,-6368073.3979,
123.3000,93615.7147,422.8741,0.1317,1.5442,-0.0515,-1.6857,100077.3143,-6368073.3981,
123.5500,93703.1032,420.8985,0.1285,1.5370,-0.0515,-1.6877,100077.3137,-6368073.3984,
123.8000,93789.8962,418.9272,0.1253,1.5298,-0.0515,-1.6896,100077.3132,-6368073.3986,
124.0500,93876.0936,416.9603,0.1223,1.5226,-0.0515,-1.6915,100077.3127,-6368073.3989,
124.3000,93961.6955,414.9978,0.1193,1.5155,-0.0515,-1.6934,100077.3122,-6368073.3991,
124.5500,94046.7019,413.0397,0.1164,1.5083,-0.0515,-1.6953,100077.3117,-6368073.3993,
124.8000,94131.1128,411.0862,0.1136,1.5012,-0.0515,-1.6971,100077.3112,-6368073.3996,
125.0500,94214.9282,409.1373,0.1109,1.4941,-0.0515,-1.6990,100077.3107,-6368073.3998,
125.3000,94298.1482,407.1931,0.1082,1.4870,-0.0515,-1.7008,100077.3103,-6368073.4000,
125.5500,94380.7727,405.2536,0.1056,1.4799,-0.0515,-1.7026,100077.3099,-6368073.4002,
125.8000,94462.8018,403.3189,0.1031,1.4728,-0.0515,-1.7044,100077.3094,-6368073.4005,
126.0500,94544.2356,401.3890,0.1006,1.4658,-0.0515,-1.7062,100077.3090,-6368073.4007,
126.3000,94625.0739,399.4642,0.0983,1.4588,-0.0515,-1.7079,100077.3087,-6368073.4009,
126.5500,94705.3168,397.5443,0.0959,1.4518,-0.0515,-1.7097,100077.3083,-6368073.4011,
126.8000,94784.9644,395.6295,0.0937,1.4448,-0.0515,-1.7114,100077.3079,-6368073.4013,
127.0500,94864.0166,393.7198,0.0915,1.4378,-0.0515,-1.7131,100077.3075,-6368073.4015,
127.3000,94942.4735,391.8154,0.0894,1.4308,-0.0515,-1.7148,100077.3072,-6368073.4017,
127.5500,95020.3351,389.9162,0.0873,1.4239,-0.0515,-1.7165,100077.3069,-6368073.4019,
127.8000,95097.6013,388.0225,0.0853,1.4170,-0.0515,-1.7182,100077.3065,-6368073.4021,
128.0500,95174.2723,386.1342,0.0833,1.4101,-0.0515,-1.7198,100077.3062,-6368073.4022,
128.3000,95250.3480,384.2514,0.0814,1.4032,-0.0515,-1.7215,100077.3059,-6368073.4024,
128.5500,95325.8284,382.3743,0.0795,1.3964,-0.0515,-1.7231,100077.3056,-6368073.4026,
128.8000,95400.7136,380.5028,0.0777,1.3895,-0.0515,-1.7247,100077.3053,-6368073.4028,
129.0500,95475.0035,378.6371,0.0759,1.3827,-0.0515,-1.7263,100077.3050,-6368073.4030,
129.3000,95548.6983,376.7773,0.0742,1.3759,-0.0515,-1.7279,100077.3048,-6368073.4031,
129.5500,95621.7978,374.9235,0.0725,1.3692,-0.0515,-1.7295,100077.3045,-6368073.4033,
129.8000,95694.3021,373.0756,0.0709,1.3624,-0.0515,-1.7310,100077.3043,-6368073.4035,
130.0500,95766.2112,371.2339,0.0693,1.3557,-0.0515,-1.7326,100077.3040,-6368073.4036,
130.3000,95837.5252,369.3984,0.0678,1.3490,-0.0515,-1.7341,100077.3038,-6368073.4038,
130.5500,95908.2440,367.5693,0.0663,1.3423,-0.0515,-1.7356,100077.3035,-6368073.4040,
130.8000,95978.3677,365.7465,0.0648,1.3357,-0.0515,-1.7371,100077.3033,-6368073.4041,
131.0500,96047.8963,363.9302,0.0634,1.3290,-0.0515,-1.7386,100077.3031,-6368073.4043,
131.3000,96116.8297,362.1205,0.0620,1.3224,-0.0515,-1.7401,100077.3029,-6368073.4044,
131.5500,96185.1680,360.3175,0.0606,1.3159,-0.0515,-1.7416,100077.3027,-6368073.4046,
131.8000,96252.9113,358.5213,0.0593,1.3093,-0.0515,-1.7430,100077.3025,-6368073.4047,
132.0500,96320.0594,356.7320,0.0580,1.3028,-0.0515,-1.7445,100077.3023,-6368073.4049,
132.3000,96386.6125,354.9497,0.0568,1.2963,-0.0515,-1.7459,100077.3021,-6368073.4050,
132.5500,96452.5705,353.1744,0.0556,1.2898,-0.0515,-1.7473,100077.3019,-6368073.4052,
132.8000,96517.9335,351.4064,0.0544,1.2833,-0.0515,-1.7487,100077.3017,-6368073.4053,
133.0500,96582.7015,349.6457,0.0532,1.2769,-0.0515,-1.7501,100077.3016,-6368073.4055,
133.3000,96646.8745,347.8924,0.0521,1.2705,-0.0515,-1.7515,100077.3014,-6368073.4056,
133.5500,96710.4524,346.1467,0.0510,1.2641,-0.0515,-1.7529,100077.3013,-6368073.4057,
133.8000,96773.4354,344.4086,0.0499,1.2578,-0.0515,-1.7542,100077.3011,-6368073.4059,
134.0500,96835.8233,342.6782,0.0489,1.2514,-0.0515,-1.7556,100077.3009,-6368073.4060,
134.3000,96897.6163,340.9557,0.0478,1.2452,-0.0515,-1.7569,100077.3008,-6368073.4061,
134.5500,96958.8144,339.2413,0.0469,1.2389,-0.0515,-1.7582,100077.3007,-6368073.4063,
134.8000,97019.4175,337.5349,0.0459,1.2327,-0.0515,-1.7595,100077.3005,-6368073.4064,
135.0500,97079.4256,335.8368,0.0450,1.2265,-0.0515,-1.7608,100077.3004,-6368073.4065,
135.3000,97138.8388,334.1471,0.0440,1.2203,-0.0515,-1.7621,100077.3003,-6368073.4066,
135.5500,97197.6571,332.4658,0.0431,1.2142,-0.0515,-1.7634,100077.3001,-6368073.4068,
135.8000,97255.8806,330.7932,0.0423,1.2080,-0.0515,-1.7646,100077.3000,-6368073.4069,
136.0500,97313.5091,329.1293,0.0414,1.2020,-0.0515,-1.7659,100077.2999,-6368073.4070,
136.3000,97370.5427,327.4743,0.0406,1.1959,-0.0515,-1.7671,100077.2998,-6368073.4071,
136.5500,97426.9815,325.8283,0.0398,1.1899,-0.0515,-1.7684,100077.2997,-6368073.4072,
136.8000,97482.8254,324.1915,0.0390,1.1839,-0.0515,-1.7696,100077.2996,-6368073.4074,
137.0500,97538.0744,322.5639,0.0382,1.1780,-0.0515,-1.7708,100077.2995,-6368073.4075,
137.3000,97592.7286,320.9458,0.0375,1.1721,-0.0515,-1.7720,100077.2994,-6368073.4076,
137.5500,97646.7880,319.3373,0.0368,1.1662,-0.0515,-1.7732,100077.2993,-6368073.4077,
137.8000,97700.2526,317.7384,0.0360,1.1604,-0.0515,-1.7744,100077.2992,-6368073.4078,
138.0500,97753.1223,316.1495,0.0354,1.1546,-0.0515,-1.7755,100077.2991,-6368073.4079,
138.3000,97805.3972,314.5705,0.0347,1.1488,-0.0515,-1.7767,100077.2990,-6368073.4080,
138.5500,97857.0774,313.0017,0.0340,1.1431,-0.0515,-1.7778,100077.2989,-6368073.4081,
138.8000,97908.1628,311.4432,0.0334,1.1374,-0.0515,-1.7790,100077.2989,-6368073.4082,
139.0500,97958.6534,309.8952,0.0328,1.1317,-0.0515,-1.7801,100077.2988,-6368073.4083,
139.3000,98008.5492,308.3578,0.0321,1.1261,-0.0515,-1.7812,100077.2987,-6368073.4084,
139.5500,98057.8503,306.8312,0.0315,1.1205,-0.0515,-1.7823,100077.2986,-6368073.4085,
139.8000,98106.5566,305.3156,0.0310,1.1150,-0.0515,-1.7834,100077.2986,-6368073.4086,
140.0500,98154.6682,303.8110,0.0304,1.1095,-0.0515,-1.7845,100077.2985,-6368073.4088,
140.3000,98202.1851,302.3177,0.0299,1.1040,-0.0515,-1.7856,100077.2984,-6368073.4088,
140.5500,98249.1072,300.8359,0.0293,1.0986,-0.0515,-1.7867,100077.2984,-6368073.4089,
140.8000,98295.4346,299.3657,0.0288,1.0932,-0.0515,-1.7877,100077.2983,-6368073.4090,
141.0500,98341.1674,297.9072,0.0283,1.0879,-0.0515,-1.7888,100077.2983,-6368073.4091,
141.3000,98386.3054,296.4607,0.0278,1.0826,-0.0515,-1.7898,100077.2982,-6368073.4092,
141.5500,98430.8488,295.0263,0.0273,1.0774,-0.0515,-1.7909,100077.2981,-6368073.4093,
141.8000,98474.7975,293.6042,0.0268,1.0722,-0.0515,-1.7919,100077.2981,-6368073.4094,
142.0500,98518.1515,292.1946,0.0264,1.0670,-0.0515,-1.7929,100077.2980,-6368073.4095,
142.3000,98560.9108,290.7977,0.0259,1.0619,-0.0515,-1.7939,100077.2980,-6368073.4096,
142.5500,98603.0755,289.4136,0.0255,1.0569,-0.0515,-1.7949,100077.2979,-6368073.4097,
142.8000,98644.6456,288.0425,0.0251,1.0519,-0.0515,-1.7959,100077.2979,-6368073.4098,
143.0500,98685.6210,286.6846,0.0246,1.0469,-0.0515,-1.7969,100077.2979,-6368073.4099,
143.3000,98726.0018,285.3402,0.0242,1.0420,-0.0515,-1.7978,100077.2978,-6368073.4100,
143.5500,98765.7879,284.0093,0.0238,1.0371,-0.0515,-1.7988,100077.2978,-6368073.4101,
143.8000,98804.9795,282.6922,0.0235,1.0323,-0.0515,-1.7998,100077.2977,-6368073.4101,
144.0500,98843.5764,281.3891,0.0231,1.0275,-0.0515,-1.8007,100077.2977,-6368073.4102,
144.3000,98881.5788,280.1002,0.0227,1.0228,-0.0515,-1.8016,100077.2977,-6368073.4103,
144.5500,98918.9865,278.8256,0.0224,1.0182,-0.0515,-1.8026,100077.2976,-6368073.4104,
144.8000,98955.7997,277.5656,0.0220,1.0136,-0.0515,-1.8035,100077.2976,-6368073.4104,
145.0500,98992.0182,276.3203,0.0217,1.0090,-0.0515,-1.8044,100077.2976,-6368073.4105,
145.3000,99027.6423,275.0900,0.0214,1.0045,-0.0515,-1.8053,100077.2976,-6368073.4106,
145.5500,99062.6717,273.8748,0.0210,1.0001,-0.0515,-1.8062,100077.2975,-6368073.4107,
145.8000,99097.1066,272.6750,0.0207,0.9957,-0.0515,-1.8071,100077.2975,-6368073.4107,
146.0500,99130.9469,271.4908,0.0204,0.9913,-0.0515,-1.8080,100077.2975,-6368073.4108,
146.3000,99164.1927,270.3223,0.0201,0.9871,-0.0515,-1.8089,100077.2975,-6368073.4109,
146.5500,99196.8439,269.1698,0.0198,0.9828,-0.0515,-1.8097,100077.2975,-6368073.4109,
146.8000,99228.9006,268.0335,0.0196,0.9787,-0.0515,-1.8106,100077.2974,-6368073.4110,
147.0500,99260.3628,266.9136,0.0193,0.9746,-0.0515,-1.8114,100077.2974,-6368073.4110,
147.3000,99291.2304,265.8102,0.0190,0.9706,-0.0515,-1.8123,100077.2974,-6368073.4111,
147.5500,99321.5035,264.7237,0.0188,0.9666,-0.0515,-1.8131,100077.2974,-6368073.4112,
147.8000,99351.1822,263.6541,0.0185,0.9627,-0.0515,-1.8140,100077.2974,-6368073.4112,
148.0500,99380.2663,262.6018,0.0183,0.9588,-0.0515,-1.8148,100077.2974,-6368073.4113,
148.3000,99408.7559,261.5669,0.0180,0.9550,-0.0515,-1.8156,100077.2973,-6368073.4113,
148.5500,99436.6510,260.5496,0.0178,0.9513,-0.0515,-1.8164,100077.2973,-6368073.4114,
148.8000,99463.9516,259.5501,0.0176,0.9476,-0.0515,-1.8172,100077.2973,-6368073.4114,
149.0500,99490.6577,258.5686,0.0174,0.9440,-0.0515,-1.8180,100077.2973,-6368073.4115,
149.3000,99516.7694,257.6054,0.0172,0.9405,-0.0515,-1.8188,100077.2973,-6368073.4115,
149.5500,99542.2865,256.6607,0.0170,0.9371,-0.0515,-1.8196,100077.2973,-6368073.4116,
149.8000,99567.2092,255.7346,0.0168,0.9337,-0.0515,-1.8203,100077.2973,-6368073.4116,
150.0500,99591.5375,254.8273,0.0166,0.9303,-0.0515,-1.8211,100077.2973,-6368073.4117,
150.3000,99615.2712,253.9391,0.0164,0.9271,-0.0515,-1.8219,100077.2973,-6368073.4117,
150.5500,99638.4106,253.0701,0.0162,0.9239,-0.0515,-1.8226,100077.2973,-6368073.4118,
150.7500,99656.4940,252.3890,0.0161,0.9214,-0.0515,-1.8232,100077.2973,-6368073.4118,
151.0000,99678.5633,251.5552,0.0159,0.9183,-0.0515,-1.8240,100077.2972,-6368073.4118,
151.2500,99700.0381,250.7412,0.0157,0.9154,-0.0515,-1.8247,100077.2972,-6368073.4119,
151.5000,99720.9186,249.9472,0.0156,0.9125,-0.0515,-1.8254,100077.2972,-6368073.4119,
151.7500,99741.2045,249.1733,0.0154,0.9096,-0.0515,-1.8262,100077.2972,-6368073.4120,
152.0000,99760.8960,248.4199,0.0153,0.9068,-0.0515,-1.8269,100077.2972,-6368073.4120,
152.2500,99779.9931,247.6870,0.0151,0.9042,-0.0515,-1.8276,100077.2972,-6368073.4120,
152.5000,99798.4958,246.9749,0.0150,0.9015,-0.0515,-1.8283,100077.2972,-6368073.4121,
152.7500,99816.4041,246.2836,0.0149,0.8990,-0.0515,-1.8290,100077.2972,-6368073.4121,
153.0000,99833.7179,245.6135,0.0147,0.8966,-0.0515,-1.8297,100077.2972,-6368073.4121,
153.2500,99850.4373,244.9647,0.0146,0.8942,-0.0515,-1.8304,100077.2972,-6368073.4122,
153.5000,99866.5623,244.3372,0.0145,0.8919,-0.0515,-1.8310,100077.2972,-6368073.4122,
153.7500,99882.0929,243.7314,0.0144,0.8896,-0.0515,-1.8317,100077.2972,-6368073.4123,
154.0000,99897.0290,243.1474,0.0143,0.8875,-0.0515,-1.8324,100077.2972,-6368073.4123,
154.2500,99911.3708,242.5853,0.0142,0.8854,-0.0515,-1.8331,100077.2972,-6368073.4123,
154.5000,99925.1181,242.0452,0.0141,0.8834,-0.0515,-1.8337,100077.2972,-6368073.4124,
154.7500,99938.2711,241.5274,0.0140,0.8815,-0.0515,-1.8344,100077.2972,-6368073.4124,
155.0000,99950.8297,241.0319,0.0139,0.8797,-0.0515,-1.8350,100077.2972,-6368073.4124,
155.2500,99962.7938,240.5590,0.0138,0.8780,-0.0515,-1.8356,100077.2972,-6368073.4125,
155.5000,99974.1636,240.1086,0.0137,0.8763,-0.0515,-1.8363,100077.2972,-6368073.4125,
155.7500,99984.9390,239.6811,0.0137,0.8747,-0.0515,-1.8369,100077.2972,-6368073.4125,
156.0000,99995.1199,239.2764,0.0136,0.8732,-0.0515,-1.8375,100077.2972,-6368073.4126,
156.2500,100004.7065,238.8947,0.0135,0.8718,-0.0515,-1.8381,100077.2972,-6368073.4126,
156.5000,100013.6987,238.5362,0.0135,0.8705,-0.0515,-1.8388,100077.2972,-6368073.4126,
156.7500,100022.0966,238.2008,0.0134,0.8693,-0.0515,-1.8394,100077.2972,-6368073.4126,
157.0000,100029.9000,237.8888,0.0133,0.8681,-0.0515,-1.8400,100077.2972,-6368073.4127,
157.2500,100037.1090,237.6001,0.0133,0.8670,-0.0515,-1.8406,100077.2972,-6368073.4127,
157.5000,100043.7237,237.3350,0.0133,0.8661,-0.0515,-1.8412,100077.2972,-6368073.4127,
157.7500,100049.7440,237.0934,0.0132,0.8652,-0.0515,-1.8417,100077.2972,-6368073.4128,
158.0000,100055.1699,236.8755,0.0132,0.8643,-0.0515,-1.8423,100077.2972,-6368073.4128,
158.2500,100060.0015,236.6812,0.0131,0.8636,-0.0515,-1.8429,100077.2972,-6368073.4128,
158.5000,100064.2386,236.5108,0.0131,0.8630,-0.0515,-1.8435,100077.2972,-6368073.4128,
158.7500,100067.8814,236.3641,0.0131,0.8624,-0.0515,-1.8440,100077.2972,-6368073.4129,
159.0000,100070.9298,236.2413,0.0131,0.8620,-0.0515,-1.8446,100077.2972,-6368073.4129,
159.2500,100073.3838,236.1424,0.0130,0.8616,-0.0515,-1.8452,100077.2972,-6368073.4129,
159.5000,100075.2435,236.0674,0.0130,0.8613,-0.0515,-1.8457,100077.2972,-6368073.4130,
159.7500,100076.5088,236.0164,0.0130,0.8611,-0.0515,-1.8463,100077.2972,-6368073.4130,
160.0000,100077.1797,235.9894,0.0130,0.8610,-0.0515,-1.8468,100077.2972,-6368073.4130,
160.2500,100077.2562,235.9863,0.0130,0.8609,-0.0515,-1.8473,100077.2972,-6368073.4130,
160.5000,100076.7384,236.0072,0.0130,0.8610,-0.0515,-1.8479,100077.2972,-6368073.4131,
160.7500,100075.6262,236.0520,0.0130,0.8611,-0.0515,-1.8484,100077.2972,-6368073.4131,
161.0000,100073.9196,236.1208,0.0130,0.8614,-0.0515,-1.8489,100077.2972,-6368073.4131,
161.2500,100071.6186,236.2136,0.0130,0.8617,-0.0515,-1.8494,100077.2972,-6368073.4132,
161.5000,100068.7233,236.3302,0.0131,0.8621,-0.0515,-1.8499,100077.2972,-6368073.4132,
161.7500,100065.2336,236.4707,0.0131,0.8626,-0.0515,-1.8505,100077.2972,-6368073.4132,
162.0000,100061.1495,236.6350,0.0131,0.8632,-0.0515,-1.8510,100077.2972,-6368073.4132,
162.2500,100056.4711,236.8232,0.0131,0.8639,-0.0515,-1.8515,100077.2972,-6368073.4133,
162.5000,100051.1982,237.0350,0.0132,0.8646,0.0873,-1.8520,100077.2972,-6368073.4133,
162.7500,100045.3310,237.2705,0.0132,0.8655,0.0873,-1.8525,100077.2972,-6368073.4133,
163.0000,100038.8694,237.5296,0.0133,0.8664,0.0873,-1.8529,100077.2972,-6368073.4134,
163.2500,100031.8134,237.8122,0.0133,0.8674,0.0873,-1.8534,100077.2972,-6368073.4134,
163.5000,100024.1631,238.1182,0.0134,0.8685,0.0873,-1.8539,100077.2972,-6368073.4134,
163.7500,100015.9183,238.4475,0.0134,0.8697,0.0873,-1.8544,100077.2972,-6368073.4135,
164.0000,100007.0792,238.8001,0.0135,0.8709,0.0873,-1.8549,100077.2972,-6368073.4135,
164.2500,99997.6457,239.1759,0.0135,0.8723,0.0873,-1.8553,100077.2972,-6368073.4135,
164.5000,99987.6178,239.5746,0.0136,0.8737,0.0873,-1.8558,100077.2972,-6368073.4135,
164.7500,99976.9955,239.9963,0.0137,0.8753,0.0873,-1.8562,100077.2972,-6368073.4136,
165.0000,99965.7788,240.4408,0.0138,0.8769,0.0873,-1.8567,100077.2972,-6368073.4136,
165.2500,99953.9677,240.9079,0.0138,0.8786,0.0873,-1.8571,100077.2972,-6368073.4136,
165.5000,99941.5623,241.3976,0.0139,0.8803,0.0873,-1.8576,100077.2972,-6368073.4137,
165.7500,99928.5624,241.9097,0.0140,0.8822,0.0873,-1.8580,100077.2972,-6368073.4137,
166.0000,99914.9681,242.4440,0.0141,0.8841,0.0873,-1.8585,100077.2972,-6368073.4137,
166.2500,99900.7794,243.0004,0.0142,0.8861,0.0873,-1.8589,100077.2972,-6368073.4138,
166.5000,99885.9964,243.5789,0.0143,0.8882,0.0873,-1.8593,100077.2972,-6368073.4138,
166.7500,99870.6189,244.1791,0.0144,0.8904,0.0873,-1.8598,100077.2972,-6368073.4138,
167.0000,99854.6470,244.8009,0.0145,0.8926,0.0873,-1.8602,100077.2972,-6368073.4139,
167.2500,99838.0806,245.4443,0.0147,0.8950,0.0873,-1.8606,100077.2972,-6368073.4139,
167.5000,99820.9199,246.1089,0.0148,0.8974,0.0873,-1.8610,100077.2972,-6368073.4139,
167.7500,99803.1648,246.7948,0.0149,0.8999,0.0873,-1.8614,100077.2972,-6368073.4140,
168.0000,99784.8152,247.5015,0.0150,0.9024,0.0873,-1.8619,100077.2972,-6368073.4140,
168.2500,99765.8712,248.2291,0.0152,0.9051,0.0873,-1.8623,100077.2971,-6368073.4141,
168.5000,99746.3327,248.9772,0.0153,0.9078,0.0873,-1.8627,100077.2971,-6368073.4141,
168.7500,99726.1999,249.7458,0.0155,0.9106,0.0873,-1.8631,100077.2971,-6368073.4141,
169.0000,99705.4725,250.5347,0.0156,0.9134,0.0873,-1.8635,100077.2971,-6368073.4142,
169.2500,99684.1508,251.3435,0.0158,0.9164,0.0873,-1.8638,100077.2971,-6368073.4142,
169.5000,99662.2346,252.1722,0.0160,0.9194,0.0873,-1.8642,100077.2971,-6368073.4143,
169.7500,99639.7240,253.0206,0.0161,0.9225,0.0873,-1.8646,100077.2971,-6368073.4143,
170.0000,99616.6189,253.8885,0.0163,0.9256,0.0873,-1.8650,100077.2971,-6368073.4144,
170.2500,99592.9193,254.7756,0.0165,0.9288,0.0873,-1.8654,100077.2971,-6368073.4144,
170.5000,99568.6253,255.6817,0.0167,0.9321,0.0873,-1.8658,100077.2971,-6368073.4144,
170.7500,99543.7368,256.6068,0.0169,0.9355,0.0873,-1.8661,100077.2971,-6368073.4145,
171.0000,99518.2538,257.5504,0.0171,0.9389,0.0873,-1.8665,100077.2971,-6368073.4145,
171.2500,99492.1764,258.5126,0.0173,0.9424,0.0873,-1.8669,100077.2971,-6368073.4146,
171.5000,99465.5045,259.4930,0.0175,0.9460,0.0873,-1.8672,100077.2971,-6368073.4146,
171.7500,99438.2381,260.4914,0.0177,0.9496,0.0873,-1.8676,100077.2970,-6368073.4147,
172.0000,99410.3772,261.5077,0.0179,0.9533,0.0873,-1.8679,100077.2970,-6368073.4147,
172.2500,99381.9218,262.5416,0.0182,0.9571,0.0873,-1.8683,100077.2970,-6368073.4148,
172.5000,99352.8719,263.5930,0.0184,0.9609,0.0873,-1.8686,100077.2970,-6368073.4148,
172.7500,99323.2275,264.6615,0.0187,0.9648,0.0873,-1.8690,100077.2970,-6368073.4149,
173.0000,99292.9886,265.7471,0.0189,0.9687,0.0873,-1.8693,100077.2970,-6368073.4150,
173.2500,99262.1552,266.8495,0.0192,0.9727,0.0873,-1.8697,100077.2970,-6368073.4150,
173.5000,99230.7272,267.9685,0.0194,0.9768,0.0873,-1.8700,100077.2970,-6368073.4151,
173.7500,99198.7047,269.1038,0.0197,0.9809,0.0873,-1.8704,100077.2969,-6368073.4151,
174.0000,99166.0877,270.2554,0.0200,0.9851,0.0873,-1.8707,100077.2969,-6368073.4152,
174.2500,99132.8762,271.4230,0.0203,0.9894,0.0873,-1.8710,100077.2969,-6368073.4153,
174.5000,99099.0701,272.6063,0.0206,0.9937,0.0873,-1.8713,100077.2969,-6368073.4153,
174.7500,99064.6694,273.8052,0.0209,0.9980,0.0873,-1.8717,100077.2968,-6368073.4154,
175.0000,99029.6742,275.0194,0.0212,1.0025,0.0873,-1.8720,100077.2968,-6368073.4155,
175.2500,98994.0844,276.2489,0.0215,1.0069,0.0873,-1.8723,100077.2968,-6368073.4155,
175.5000,98957.9001,277.4933,0.0219,1.0115,0.0873,-1.8726,100077.2968,-6368073.4156,
175.7500,98921.1212,278.7525,0.0222,1.0160,0.0873,-1.8729,100077.2967,-6368073.4157,
176.0000,98883.7477,280.0262,0.0226,1.0207,0.0873,-1.8732,100077.2967,-6368073.4158,
176.2500,98845.7795,281.3143,0.0229,1.0254,0.0873,-1.8735,100077.2967,-6368073.4158,
176.5000,98807.2168,282.6166,0.0233,1.0301,0.0873,-1.8738,100077.2966,-6368073.4159,
176.7500,98768.0595,283.9329,0.0237,1.0349,0.0873,-1.8741,100077.2966,-6368073.4160,
177.0000,98728.3076,285.2630,0.0241,1.0397,0.0873,-1.8744,100077.2966,-6368073.4161,
177.2500,98687.9611,286.6067,0.0245,1.0446,0.0873,-1.8747,100077.2965,-6368073.4162,
177.5000,98647.0199,287.9637,0.0249,1.0496,0.0873,-1.8750,100077.2965,-6368073.4163,
177.7500,98605.4841,289.3341,0.0253,1.0546,0.0873,-1.8753,100077.2964,-6368073.4163,
178.0000,98563.3536,290.7174,0.0257,1.0596,0.0873,-1.8756,100077.2964,-6368073.4164,
178.2500,98520.6285,292.1136,0.0262,1.0647,0.0873,-1.8759,100077.2964,-6368073.4165,
178.5000,98477.3088,293.5225,0.0266,1.0698,0.0873,-1.8762,100077.2963,-6368073.4166,
178.7500,98433.3943,294.9438,0.0271,1.0750,0.0873,-1.8765,100077.2963,-6368073.4167,
179.0000,98388.8852,296.3775,0.0276,1.0802,0.0873,-1.8767,100077.2962,-6368073.4168,
179.2500,98343.7814,297.8233,0.0281,1.0855,0.0873,-1.8770,100077.2961,-6368073.4169,
179.5000,98298.0829,299.2811,0.0286,1.0908,0.0873,-1.8773,100077.2961,-6368073.4170,
179.7500,98251.7898,300.7506,0.0291,1.0961,0.0873,-1.8776,100077.2960,-6368073.4171,
180.0000,98204.9019,302.2318,0.0296,1.1015,0.0873,-1.8778,100077.2960,-6368073.4172,
180.2500,98157.4193,303.7244,0.0302,1.1070,0.0873,-1.8781,100077.2959,-6368073.4173,
180.5000,98109.3419,305.2283,0.0307,1.1125,0.0873,-1.8784,100077.2958,-6368073.4174,
180.7500,98060.6699,306.7433,0.0313,1.1180,0.0873,-1.8786,100077.2958,-6368073.4175,
181.0000,98011.4031,308.2693,0.0319,1.1235,0.0873,-1.8789,100077.2957,-6368073.4176,
181.2500,97961.5415,309.8061,0.0325,1.1291,0.0873,-1.8791,100077.2956,-6368073.4177,
181.5000,97911.0852,311.3534,0.0331,1.1348,0.0873,-1.8794,100077.2955,-6368073.4178,
181.7500,97860.0341,312.9113,0.0337,1.1404,0.0873,-1.8797,100077.2955,-6368073.4179,
182.0000,97808.3882,314.4795,0.0344,1.1462,0.0873,-1.8799,100077.2954,-6368073.4180,
182.2500,97756.1476,316.0579,0.0350,1.1519,0.0873,-1.8802,100077.2953,-6368073.4181,
182.5000,97703.3121,317.6463,0.0357,1.1577,0.0873,-1.8804,100077.2952,-6368073.4182,
182.7500,97649.8818,319.2445,0.0364,1.1635,0.0873,-1.8806,100077.2951,-6368073.4183,
183.0000,97595.8568,320.8525,0.0371,1.1694,0.0873,-1.8809,100077.2950,-6368073.4185,
183.2500,97541.2368,322.4700,0.0379,1.1753,0.0873,-1.8811,100077.2949,-6368073.4186,
183.5000,97486.0221,324.0970,0.0386,1.1812,0.0873,-1.8814,100077.2948,-6368073.4187,
183.7500,97430.2125,325.7333,0.0394,1.1872,0.0873,-1.8816,100077.2947,-6368073.4188,
184.0000,97373.8080,327.3788,0.0402,1.1932,0.0873,-1.8818,100077.2946,-6368073.4189,
184.2500,97316.8087,329.0333,0.0410,1.1992,0.0873,-1.8821,100077.2945,-6368073.4190,
184.5000,97259.2145,330.6966,0.0419,1.2053,0.0873,-1.8823,100077.2944,-6368073.4191,
184.7500,97201.0254,332.3688,0.0427,1.2114,0.0873,-1.8825,100077.2943,-6368073.4193,
185.0000,97142.2414,334.0495,0.0436,1.2175,0.0873,-1.8828,100077.2942,-6368073.4194,
185.2500,97082.8625,335.7387,0.0445,1.2236,0.0873,-1.8830,100077.2940,-6368073.4195,
185.5000,97022.8886,337.4364,0.0455,1.2298,0.0873,-1.8832,100077.2939,-6368073.4196,
185.7500,96962.3198,339.1422,0.0464,1.2360,0.0873,-1.8834,100077.2938,-6368073.4198,
186.0000,96901.1561,340.8562,0.0474,1.2423,0.0873,-1.8836,100077.2936,-6368073.4199,
186.2500,96839.3975,342.5782,0.0484,1.2486,0.0873,-1.8839,100077.2935,-6368073.4200,
186.5000,96777.0438,344.3081,0.0494,1.2549,0.0873,-1.8841,100077.2933,-6368073.4202,
186.7500,96714.0952,346.0458,0.0505,1.2612,0.0873,-1.8843,100077.2932,-6368073.4203,
187.0000,96650.5516,347.7911,0.0516,1.2676,0.0873,-1.8845,100077.2930,-6368073.4204,
187.2500,96586.4130,349.5439,0.0527,1.2740,0.0873,-1.8847,100077.2929,-6368073.4206,
187.5000,96521.6794,351.3042,0.0538,1.2804,0.0873,-1.8849,100077.2927,-6368073.4207,
187.7500,96456.3507,353.0718,0.0550,1.2868,0.0873,-1.8851,100077.2925,-6368073.4208,
188.0000,96390.4270,354.8466,0.0562,1.2933,0.0873,-1.8853,100077.2924,-6368073.4210,
188.2500,96323.9083,356.6285,0.0574,1.2998,0.0873,-1.8855,100077.2922,-6368073.4211,
188.5000,96256.7945,358.4174,0.0587,1.3063,0.0873,-1.8857,100077.2920,-6368073.4213,
188.7500,96189.0856,360.2132,0.0600,1.3128,0.0873,-1.8859,100077.2918,-6368073.4214,
189.0000,96120.7817,362.0157,0.0614,1.3194,0.0873,-1.8861,100077.2916,-6368073.4216,
189.2500,96051.8826,363.8250,0.0627,1.3260,0.0873,-1.8863,100077.2914,-6368073.4217,
189.5000,95982.3885,365.6409,0.0641,1.3326,0.0873,-1.8865,100077.2912,-6368073.4219,
189.7500,95912.2992,367.4633,0.0656,1.3393,0.0873,-1.8867,100077.2909,-6368073.4221,
190.0000,95841.6147,369.2921,0.0671,1.3459,0.0873,-1.8869,100077.2907,-6368073.4222,
190.2500,95770.3351,371.1272,0.0686,1.3526,0.0873,-1.8871,100077.2905,-6368073.4224,
190.5000,95698.4604,372.9685,0.0702,1.3593,0.0873,-1.8873,100077.2902,-6368073.4225,
190.7500,95625.9905,374.8160,0.0718,1.3661,0.0873,-1.8874,100077.2900,-6368073.4227,
191.0000,95552.9254,376.6695,0.0734,1.3728,0.0873,-1.8876,100077.2897,-6368073.4229,
191.2500,95479.2651,378.5289,0.0751,1.3796,0.0873,-1.8878,100077.2895,-6368073.4230,
191.5000,95405.0095,380.3943,0.0769,1.3864,0.0873,-1.8880,100077.2892,-6368073.4232,
191.7500,95330.1588,382.2654,0.0787,1.3932,0.0873,-1.8882,100077.2889,-6368073.4234,
192.0000,95254.7128,384.1422,0.0805,1.4001,0.0873,-1.8883,100077.2886,-6368073.4236,
192.2500,95178.6715,386.0246,0.0824,1.4070,0.0873,-1.8885,100077.2883,-6368073.4238,
192.5000,95102.0350,387.9125,0.0844,1.4138,0.0873,-1.8887,100077.2880,-6368073.4239,
192.7500,95024.8032,389.8060,0.0864,1.4207,0.0873,-1.8889,100077.2877,-6368073.4241,
193.0000,94946.9760,391.7048,0.0884,1.4277,0.0873,-1.8890,100077.2873,-6368073.4243,
193.2500,94868.5536,393.6089,0.0905,1.4346,0.0873,-1.8892,100077.2870,-6368073.4245,
193.5000,94789.5358,395.5182,0.0927,1.4416,0.0873,-1.8894,100077.2866,-6368073.4247,
193.7500,94709.9227,397.4327,0.0949,1.4485,0.0873,-1.8895,100077.2863,-6368073.4249,
194.0000,94629.7143,399.3523,0.0972,1.4555,0.0873,-1.8897,100077.2859,-6368073.4251,
194.2500,94548.9104,401.2768,0.0995,1.4626,0.0873,-1.8899,100077.2855,-6368073.4253,
194.5000,94467.5112,403.2064,0.1020,1.4696,0.0873,-1.8900,100077.2851,-6368073.4255,
194.7500,94385.5166,405.1408,0.1044,1.4767,0.0873,-1.8902,100077.2847,-6368073.4257,
195.0000,94302.9266,407.0800,0.1070,1.4837,0.0873,-1.8903,100077.2843,-6368073.4260,
195.2500,94219.7411,409.0239,0.1096,1.4908,0.0873,-1.8905,100077.2838,-6368073.4262,
195.5000,94135.9602,410.9725,0.1123,1.4979,0.0873,-1.8907,100077.2834,-6368073.4264,
195.7500,94051.5838,412.9257,0.1151,1.5050,0.0873,-1.8908,100077.2829,-6368073.4266,
196.0000,93966.6119,414.8835,0.1180,1.5122,0.0873,-1.8910,100077.2824,-6368073.4269,
196.2500,93881.0446,416.8457,0.1209,1.5193,0.0873,-1.8911,100077.2820,-6368073.4271,
196.5000,93794.8817,418.8124,0.1239,1.5265,0.0873,-1.8913,100077.2814,-6368073.4273,
196.7500,93708.1233,420.7834,0.1270,1.5337,0.0873,-1.8914,100077.2809,-6368073.4276,
197.0000,93620.7694,422.7587,0.1302,1.5409,0.0873,-1.8916,100077.2804,-6368073.4278,
197.2500,93532.8199,424.7382,0.1335,1.5481,0.0873,-1.8917,100077.2798,-6368073.4281,
197.5000,93444.2748,426.7220,0.1369,1.5554,0.0873,-1.8919,100077.2792,-6368073.4283,
197.7500,93355.1342,428.7098,0.1404,1.5626,0.0873,-1.8920,100077.2786,-6368073.4286,
198.0000,93265.3979,430.7018,0.1439,1.5699,0.0873,-1.8922,100077.2780,-6368073.4289,
198.2500,93175.0660,432.6977,0.1476,1.5771,0.0873,-1.8923,100077.2774,-6368073.4291,
198.5000,93084.1385,434.6976,0.1514,1.5844,0.0873,-1.8924,100077.2767,-6368073.4294,
198.7500,92992.6153,436.7014,0.1553,1.5917,0.0873,-1.8926,100077.2761,-6368073.4297,
199.0000,92900.4965,438.7091,0.1593,1.5991,0.0873,-1.8927,100077.2754,-6368073.4300,
199.2500,92807.7820,440.7206,0.1634,1.6064,0.0873,-1.8929,100077.2747,-6368073.4303,
199.5000,92714.4717,442.7358,0.1677,1.6138,0.0873,-1.8930,100077.2739,-6368073.4306,
199.7500,92620.5657,444.7547,0.1720,1.6211,0.0873,-1.8931,100077.2732,-6368073.4309,
200.0000,92526.0640,446.7773,0.1765,1.6285,0.0873,-1.8933,100077.2724,-6368073.4312,
200.2500,92430.9666,448.8035,0.1812,1.6359,0.0873,-1.8934,100077.2716,-6368073.4315,
200.5000,92335.2733,450.8333,0.1860,1.6433,0.0873,-1.8935,100077.2707,-6368073.4318,
200.7500,92238.9843,452.8665,0.1909,1.6507,0.0873,-1.8937,100077.2699,-6368073.4321,
201.0000,92142.0995,454.9033,0.1959,1.6581,0.0873,-1.8938,100077.2690,-6368073.4325,
201.2500,92044.6188,456.9434,0.2011,1.6656,0.0873,-1.8939,100077.2681,-6368073.4328,
201.5000,91946.5423,458.9870,0.2065,1.6730,0.0873,-1.8940,100077.2671,-6368073.4331,
201.7500,91847.8699,461.0339,0.2120,1.6805,0.0873,-1.8942,100077.2662,-6368073.4335,
202.0000,91748.6017,463.0841,0.2177,1.6880,0.0873,-1.8943,100077.2652,-6368073.4338,
202.2500,91648.7375,465.1375,0.2236,1.6955,0.0873,-1.8944,100077.2641,-6368073.4342,
202.5000,91548.2774,467.1941,0.2296,1.7030,0.0873,-1.8945,100077.2631,-6368073.4346,
202.7500,91447.2214,469.2539,0.2358,1.7105,0.0873,-1.8947,100077.2620,-6368073.4349,
203.0000,91345.5694,471.3169,0.2422,1.7180,0.0873,-1.8948,100077.2608,-6368073.4353,
203.2500,91243.3215,473.3829,0.2488,1.7255,0.0873,-1.8949,100077.2596,-6368073.4357,
203.5000,91140.4776,475.4520,0.2556,1.7331,0.0873,-1.8950,100077.2584,-6368073.4361,
203.7500,91037.0376,477.5241,0.2626,1.7406,0.0873,-1.8951,100077.2572,-6368073.4365,
204.0000,90933.0016,479.5991,0.2698,1.7482,0.0873,-1.8952,100077.2559,-6368073.4369,
204.2500,90828.3696,481.6771,0.2773,1.7558,0.0873,-1.8954,100077.2546,-6368073.4374,
204.5000,90723.1415,483.7580,0.2849,1.7634,0.0873,-1.8955,100077.2532,-6368073.4378,
204.7500,90617.3173,485.8418,0.2929,1.7710,0.0873,-1.8956,100077.2518,-6368073.4382,
205.0000,90510.8971,487.9284,0.3010,1.7786,0.0873,-1.8957,100077.2503,-6368073.4387,
205.2500,90403.8806,490.0178,0.3094,1.7862,0.0873,-1.8958,100077.2488,-6368073.4391,
205.5000,90296.2681,492.1100,0.3181,1.7938,0.0873,-1.8959,100077.2473,-6368073.4396,
205.7500,90188.0594,494.2049,0.3270,1.8015,0.0873,-1.8960,100077.2456,-6368073.4401,
206.0000,90079.2545,496.3025,0.3362,1.8091,0.0873,-1.8961,100077.2440,-6368073.4406,
206.2500,89969.8534,498.4027,0.3457,1.8168,0.0873,-1.8962,100077.2423,-6368073.4411,
206.5000,89859.8560,500.5056,0.3555,1.8245,0.0873,-1.8964,100077.2405,-6368073.4416,
206.7500,89749.2624,502.6111,0.3656,1.8321,0.0873,-1.8965,100077.2387,-6368073.4421,
207.0000,89638.0726,504.7191,0.3760,1.8398,0.0873,-1.8966,100077.2368,-6368073.4426,
207.2500,89526.2865,506.8297,0.3868,1.8475,0.0873,-1.8967,100077.2349,-6368073.4432,
207.5000,89413.9040,508.9428,0.3979,1.8552,0.0873,-1.8968,100077.2329,-6368073.4437,
207.7500,89300.9253,511.0584,0.4093,1.8629,0.0873,-1.8969,100077.2308,-6368073.4443,
208.0000,89187.3502,513.1764,0.4211,1.8707,0.0873,-1.8970,100077.2286,-6368073.4449,
208.2500,89073.1787,515.2969,0.4333,1.8784,0.0873,-1.8971,100077.2264,-6368073.4455,
208.5000,88958.4108,517.4197,0.4459,1.8861,0.0873,-1.8972,100077.2241,-6368073.4461,
208.7500,88843.0466,519.5449,0.4589,1.8939,0.0873,-1.8973,100077.2218,-6368073.4467,
209.0000,88727.0859,521.6724,0.4723,1.9017,0.0873,-1.8974,100077.2194,-6368073.4473,
209.2500,88610.5287,523.8023,0.4861,1.9094,0.0873,-1.8975,100077.2168,-6368073.4480,
209.5000,88493.3751,525.9344,0.5004,1.9172,0.0873,-1.8976,100077.2142,-6368073.4486,
209.7500,88375.6250,528.0688,0.5151,1.9250,0.0873,-1.8977,100077.2116,-6368073.4493,
210.0000,88257.2784,530.2054,0.5303,1.9328,0.0873,-1.8978,100077.2088,-6368073.4500,
210.2500,88138.3352,532.3443,0.5460,1.9406,0.0873,-1.8978,100077.2059,-6368073.4507,
210.5000,88018.7955,534.4853,0.5622,1.9484,0.0873,-1.8979,100077.2030,-6368073.4514,
210.7500,87898.6592,536.6284,0.5790,1.9562,0.0873,-1.8980,100077.1999,-6368073.4521,
211.0000,87777.9263,538.7737,0.5963,1.9640,0.0873,-1.8981,100077.1968,-6368073.4529,
211.2500,87656.5968,540.9211,0.6142,1.9719,0.0873,-1.8982,100077.1935,-6368073.4537,
211.5000,87534.6706,543.0706,0.6326,1.9797,0.0873,-1.8983,100077.1901,-6368073.4545,
211.7500,87412.1478,545.2222,0.6517,1.9876,0.0873,-1.8984,100077.1867,-6368073.4553,
212.0000,87289.0282,547.3758,0.6714,1.9954,0.0873,-1.8985,100077.1831,-6368073.4561,
212.2500,87165.3120,549.5314,0.6917,2.0033,0.0873,-1.8986,100077.1793,-6368073.4569,
212.5000,87040.9990,551.6890,0.7127,2.0111,0.0873,-1.8986,100077.1755,-6368073.4578,
212.7500,86916.0893,553.8485,0.7345,2.0190,0.0873,-1.8987,100077.1715,-6368073.4587,
213.0000,86790.5828,556.0101,0.7569,2.0269,0.0873,-1.8988,100077.1674,-6368073.4596,
213.2500,86664.4795,558.1735,0.7801,2.0348,0.0873,-1.8989,100077.1632,-6368073.4605,
213.5000,86537.7794,560.3389,0.8041,2.0427,0.0873,-1.8990,100077.1588,-6368073.4615,
213.7500,86410.4824,562.5061,0.8289,2.0506,0.0873,-1.8991,100077.1542,-6368073.4625,
214.0000,86282.5886,564.6753,0.8545,2.0585,0.0873,-1.8992,100077.1495,-6368073.4635,
214.2500,86154.0978,566.8462,0.8810,2.0664,0.0873,-1.8992,100077.1447,-6368073.4645,
214.5000,86025.0102,569.0190,0.9084,2.0744,0.0873,-1.8993,100077.1397,-6368073.4655,
214.7500,85895.3256,571.1936,0.9367,2.0823,0.0873,-1.8994,100077.1345,-6368073.4666,
215.0000,85765.0440,573.3700,0.9660,2.0902,0.0873,-1.8995,100077.1291,-6368073.4677,
215.2500,85634.1655,575.5482,0.9963,2.0982,0.0873,-1.8996,100077.1235,-6368073.4688,
215.5000,85502.6899,577.7281,1.0277,2.1061,0.0873,-1.8996,100077.1178,-6368073.4700,
215.7500,85370.6174,579.9098,1.0601,2.1141,0.0873,-1.8997,100077.1119,-6368073.4712,
216.0000,85237.9477,582.0932,1.0936,2.1220,0.0873,-1.8998,100077.1057,-6368073.4724,
216.2500,85104.6810,584.2782,1.1283,2.1300,0.0873,-1.8999,100077.0994,-6368073.4737,
216.5000,84970.8172,586.4650,1.1642,2.1380,0.0873,-1.8999,100077.0928,-6368073.4749,
216.7500,84836.3563,588.6534,1.2013,2.1460,0.0873,-1.9000,100077.0860,-6368073.4762,
217.0000,84701.2982,590.8434,1.3138,2.1526,0.0873,-1.9001,100077.0785,-6368073.4777,
217.2500,84565.6429,593.0351,1.3537,2.1590,0.0873,-1.9002,100077.0708,-6368073.4791,
217.5000,84429.3904,595.2284,1.3950,2.1654,0.0873,-1.9002,100077.0628,-6368073.4806,
217.7500,84292.5407,597.4233,1.4376,2.1718,0.0873,-1.9003,100077.0545,-6368073.4822,
218.0000,84155.0938,599.6198,1.4815,2.1782,0.0873,-1.9004,100077.0460,-6368073.4837,
218.2500,84017.0496,601.8178,1.5269,2.1846,0.0873,-1.9004,100077.0372,-6368073.4854,
218.5000,83878.4081,604.0174,1.5737,2.1910,0.0873,-1.9005,100077.0280,-6368073.4870,
218.7500,83739.1693,606.2185,1.6220,2.1974,0.0873,-1.9006,100077.0186,-6368073.4887,
219.0000,83599.3331,608.4212,1.6719,2.2037,0.0873,-1.9006,100077.0088,-6368073.4904,
219.2500,83458.8996,610.6253,1.7234,2.2101,0.0873,-1.9007,100076.9987,-6368073.4922,
219.5000,83317.8687,612.8310,1.7766,2.2164,0.0873,-1.9008,100076.9883,-6368073.4941,
219.7500,83176.2403,615.0381,1.8315,2.2227,0.0873,-1.9009,100076.9775,-6368073.4959,
220.0000,83034.0145,617.2466,1.8881,2.2291,0.0873,-1.9009,100076.9664,-6368073.4978,
220.2500,82891.1913,619.4567,1.9467,2.2354,0.0873,-1.9010,100076.9548,-6368073.4998,
220.5000,82747.7705,621.6681,2.0071,2.2417,0.0873,-1.9010,100076.9429,-6368073.5018,
220.7500,82603.7523,623.8810,2.0694,2.2480,0.0873,-1.9011,100076.9306,-6368073.5039,
221.0000,82459.1365,626.0952,2.1338,2.2543,0.0873,-1.9012,100076.9178,-6368073.5060,
221.2500,82313.9231,628.3109,2.2004,2.2605,0.0873,-1.9012,100076.9046,-6368073.5082,
221.5000,82168.1121,630.5279,2.2690,2.2668,0.0873,-1.9013,100076.8910,-6368073.5104,
221.7500,82021.7035,632.7463,2.3399,2.2730,0.0873,-1.9014,100076.8769,-6368073.5127,
222.0000,81874.6973,634.9661,2.4132,2.2793,0.0873,-1.9014,100076.8623,-6368073.5151,
222.2500,81727.0934,637.1872,2.4888,2.2855,0.0873,-1.9015,100076.8472,-6368073.5175,
222.5000,81578.8918,639.4096,2.5669,2.2917,0.0873,-1.9015,100076.8315,-6368073.5200,
222.7500,81430.0925,641.6333,2.6476,2.2979,0.0873,-1.9016,100076.8154,-6368073.5225,
223.0000,81280.6954,643.8583,2.7310,2.3041,0.0873,-1.9017,100076.7987,-6368073.5251,
223.2500,81130.7006,646.0846,2.8170,2.3103,0.0873,-1.9017,100076.7814,-6368073.5278,
223.5000,80980.1079,648.3122,2.9059,2.3165,0.0873,-1.9018,100076.7635,-6368073.5306,
223.7500,80828.9175,650.5411,2.9978,2.3227,0.0873,-1.9018,100076.7450,-6368073.5334,
224.0000,80677.1292,652.7712,3.0926,2.3288,0.0873,-1.9019,100076.7258,-6368073.5363,
224.2500,80524.7430,655.0026,3.1906,2.3350,0.0873,-1.9020,100076.7060,-6368073.5392,
224.5000,80371.7589,657.2352,3.2918,2.3411,0.0873,-1.9020,100076.6855,-6368073.5423,
224.7500,80218.1769,659.4690,3.3964,2.3472,0.0873,-1.9021,100076.6643,-6368073.5454,
225.0000,80063.9969,661.7040,3.5044,2.3533,0.0873,-1.9021,100076.6423,-6368073.5486,
225.2500,79909.2190,663.9402,3.6161,2.3594,0.0873,-1.9022,100076.6196,-6368073.5519,
225.5000,79753.8430,666.1776,3.7314,2.3655,0.0873,-1.9022,100076.5961,-6368073.5553,
225.7500,79597.8690,668.4161,3.8505,2.3716,0.0873,-1.9023,100076.5718,-6368073.5588,
226.0000,79441.2970,670.6559,3.9736,2.3777,0.0873,-1.9023,100076.5466,-6368073.5624,
226.2500,79284.1269,672.8968,4.1008,2.3837,0.0873,-1.9024,100076.5206,-6368073.5661,
226.5000,79126.3586,675.1388,4.2323,2.3898,0.0873,-1.9025,100076.4937,-6368073.5698,
226.7500,78967.9923,677.3820,4.3681,2.3958,0.0873,-1.9025,100076.4658,-6368073.5737,
227.0000,78809.0277,679.6263,4.5085,2.4018,0.0873,-1.9026,100076.4369,-6368073.5777,
227.2500,78649.4650,681.8717,4.6535,2.4078,0.0873,-1.9026,100076.4070,-6368073.5818,
227.5000,78489.3041,684.1182,4.8034,2.4138,0.0873,-1.9027,100076.3761,-6368073.5860,
227.7500,78328.5449,686.3658,4.9583,2.4198,0.0873,-1.9027,100076.3441,-6368073.5903,
228.0000,78167.1875,688.6145,5.1184,2.4258,0.0873,-1.9028,100076.3110,-6368073.5947,
228.2500,78005.2317,690.8642,5.2838,2.4318,0.0873,-1.9028,100076.2767,-6368073.5993,
228.5000,77842.6777,693.1151,5.4548,2.4377,0.0873,-1.9029,100076.2412,-6368073.6039,
228.7500,77679.5253,695.3669,5.6316,2.4437,0.0873,-1.9029,100076.2044,-6368073.6087,
229.0000,77515.7745,697.6199,5.8142,2.4496,0.0873,-1.9030,100076.1664,-6368073.6137,
229.2500,77351.4254,699.8738,6.0031,2.4555,0.0873,-1.9030,100076.1270,-6368073.6188,
229.5000,77186.4778,702.1288,6.1982,2.4614,0.0873,-1.9031,100076.0863,-6368073.6240,
229.7500,77020.9317,704.3848,6.4000,2.4673,0.0873,-1.9031,100076.0441,-6368073.6293,
230.0000,76854.7872,706.6419,6.6086,2.4732,0.0873,-1.9031,100076.0004,-6368073.6349,
230.2500,76688.0442,708.8999,6.8242,2.4791,0.0873,-1.9032,100075.9551,-6368073.6405,
230.5000,76520.7027,711.1589,7.0471,2.4849,0.0873,-1.9032,100075.9083,-6368073.6463,
230.7500,76352.7626,713.4189,7.2775,2.4908,0.0873,-1.9033,100075.8598,-6368073.6523,
231.0000,76184.2239,715.6799,7.5157,2.4966,0.0873,-1.9033,100075.8096,-6368073.6585,
231.2500,76015.0866,717.9418,7.7620,2.5024,0.0873,-1.9034,100075.7576,-6368073.6648,
231.5000,75845.3507,720.2047,8.0166,2.5083,0.0873,-1.9034,100075.7037,-6368073.6713,
231.7500,75675.0162,722.4686,8.2798,2.5141,0.0873,-1.9035,100075.6480,-6368073.6780,
232.0000,75504.0829,724.7334,8.5520,2.5198,0.0873,-1.9035,100075.5903,-6368073.6849,
232.2500,75332.5510,726.9991,8.8335,2.5256,0.0873,-1.9036,100075.5305,-6368073.6920,
232.5000,75160.4203,729.2658,9.1245,2.5314,0.0873,-1.9036,100075.4686,-6368073.6992,
232.7500,74987.6909,731.5333,9.4254,2.5371,0.0873,-1.9036,100075.4045,-6368073.7067,
233.0000,74814.3626,733.8018,9.7366,2.5429,0.0873,-1.9037,100075.3381,-6368073.7144,
233.2500,74640.4356,736.0712,10.0583,2.5486,0.0873,-1.9037,100075.2693,-6368073.7223,
233.5000,74465.9098,738.3415,10.3911,2.5543,0.0873,-1.9038,100075.1981,-6368073.7305,
233.7500,74290.7850,740.6126,10.7352,2.5600,0.0873,-1.9038,100075.1243,-6368073.7388,
234.0000,74115.0614,742.8847,11.0910,2.5657,0.0873,-1.9038,100075.0479,-6368073.7475,
234.2500,73938.7389,745.1576,11.4590,2.5714,0.0873,-1.9039,100074.9688,-6368073.7563,
234.5000,73761.8175,747.4314,11.8396,2.5771,0.0873,-1.9039,100074.8868,-6368073.7654,
234.7500,73584.2971,749.7060,12.2333,2.5827,0.0873,-1.9040,100074.8019,-6368073.7748,
235.0000,73406.1778,751.9815,12.6404,2.5884,0.0873,-1.9040,100074.7139,-6368073.7845,
235.2500,73227.4594,754.2578,13.0615,2.5940,0.0873,-1.9040,100074.6228,-6368073.7944,
235.5000,73048.1420,756.5349,13.4970,2.5996,0.0873,-1.9041,100074.5285,-6368073.8046,
235.7500,72868.2256,758.8129,13.9474,2.6052,0.0873,-1.9041,100074.4307,-6368073.8151,
236.0000,72687.7101,761.0917,14.4134,2.6108,0.0873,-1.9042,100074.3294,-6368073.8260,
236.2500,72506.5955,763.3713,14.8954,2.6164,0.0873,-1.9042,100074.2245,-6368073.8371,
236.5000,72324.8818,765.6517,15.3939,2.6220,0.0873,-1.9042,100074.1158,-6368073.8486,
236.7500,72142.5689,767.9329,15.9096,2.6275,0.0873,-1.9043,100074.0031,-6368073.8604,
237.0000,71959.6569,770.2148,16.4431,2.6331,0.0873,-1.9043,100073.8865,-6368073.8725,
237.2500,71776.1457,772.4976,16.9950,2.6386,0.0873,-1.9043,100073.7656,-6368073.8850,
237.5000,71592.0353,774.7811,17.5659,2.6441,0.0873,-1.9044,100073.6403,-6368073.8979,
237.7500,71407.3256,777.0654,18.1566,2.6497,0.0873,-1.9044,100073.5105,-6368073.9111,
238.0000,71222.0168,779.3505,18.7676,2.6551,0.0873,-1.9044,100073.3760,-6368073.9247,
238.2500,71036.1086,781.6363,19.3998,2.6606,0.0873,-1.9045,100073.2367,-6368073.9388,
238.5000,70849.6012,783.9227,21.2276,2.6655,0.0873,-1.9045,100073.0869,-6368073.9538,
238.7500,70662.3158,792.5126,21.9246,2.6701,0.0873,-1.9026,100072.9285,-6368073.9695,
239.0000,70471.6723,803.0020,23.3968,2.7182,0.0873,-1.8712,101227.9547,-6368158.1273,
239.2500,70278.1132,813.7386,24.6874,2.7510,0.0873,-1.8154,101982.1864,-6368201.5149,
239.5000,70081.6111,824.7902,26.0686,2.7847,0.0873,-1.7355,102757.5464,-6368230.4861,
239.7500,69882.1413,836.1767,27.5489,2.8194,0.0873,-1.6315,103552.3588,-6368239.5957,
240.0000,69679.6957,847.8546,29.1339,2.8550,0.0873,-1.5036,104359.6713,-6368223.3130,
240.2500,69474.3009,859.7005,30.8232,2.8911,0.0873,-1.3520,105165.5361,-6368176.1122,
240.5000,69266.0391,871.4980,32.6091,2.9271,0.0873,-1.1769,105947.5249,-6368092.7526,
240.7500,69055.0710,882.9306,34.4734,2.9620,0.0873,-0.9784,106673.8932,-6367968.8411,
241.0000,68841.6577,893.5830,36.3853,2.9944,0.0873,-0.7566,107303.9788,-6367801.7884,
241.2500,68626.1773,902.9589,38.3007,3.0228,0.0873,-0.5117,107790.5299,-6367592.2326,
241.5000,68409.1234,910.8019,40.1626,3.0453,-0.0873,-0.2449,108084.5954,-6367345.8856,
241.7500,68190.8273,917.6855,42.0518,3.0656,-0.0873,0.0104,108303.4227,-6367083.0864,
242.0000,67971.7607,922.4887,43.8276,3.0788,-0.0873,0.2381,108305.5020,-6366801.7849,
242.2500,67752.4724,925.3348,45.4778,3.0853,-0.0873,0.4386,108112.2015,-6366517.1166,
242.5000,67533.4358,926.3436,47.0032,3.0859,-0.0314,0.6123,107754.1560,-6366240.6997,
242.7500,67315.0773,925.7563,48.3776,3.0803,-0.0873,0.7653,107238.0496,-6365986.8474,
243.0000,67097.7239,923.7612,49.6513,3.0707,-0.0140,0.9012,106625.6816,-6365754.3999,
243.2500,66881.6247,920.7992,50.8072,3.0570,-0.0873,1.0220,105923.8572,-6365553.1304,
243.5000,66666.9711,916.7742,51.8825,3.0406,0.0139,1.1294,105170.2605,-6365377.1280,
243.7500,66453.9064,912.1625,52.8580,3.0213,-0.0873,1.2250,104367.0942,-6365236.3048,
244.0000,66242.5358,906.8086,53.7756,3.0005,0.0184,1.3100,103543.3181,-6365117.3465,
244.2500,66032.9347,901.0906,54.6115,2.9777,-0.0825,1.3856,102696.9669,-6365031.8978,
244.5000,65825.1556,894.8199,55.4002,2.9539,0.0526,1.4529,101845.2869,-6364965.0029,
244.7500,65619.2329,888.3578,56.1174,2.9287,-0.0873,1.5129,100987.8353,-6364931.0648,
245.0000,65415.1882,881.5179,56.8026,2.9031,0.0567,1.5660,100133.7095,-6364906.3627,
245.2500,65213.0325,874.5631,57.4250,2.8765,-0.0873,1.6135,99284.2252,-6364912.2349,
245.5000,65012.7695,867.3467,58.0179,2.8497,0.0201,1.6556,98441.5497,-6364924.8871,
245.7500,64814.4000,860.0395,58.5577,2.8222,-0.0873,1.6930,97608.1387,-6364961.4604,
246.0000,64617.9187,852.5486,59.0697,2.7946,0.0477,1.7263,96782.5668,-6365001.9170,
246.2500,64423.3195,845.0256,59.5346,2.7666,-0.0779,1.7558,95969.7082,-6365062.7342,
246.5000,64230.5950,837.3432,59.9706,2.7386,0.0873,1.7820,95163.7708,-6365125.2901,
246.7500,64039.7372,829.6594,60.3622,2.7102,-0.0873,1.8053,94374.0697,-6365207.7052,
247.0000,63850.7376,821.8564,60.7271,2.6820,0.0551,1.8260,93588.5672,-6365286.3054,
247.2500,63663.5892,814.0466,61.0496,2.6534,-0.0873,1.8442,92818.7781,-6365381.2907,
247.5000,63478.2841,806.1435,61.3440,2.6250,0.0873,1.8604,92052.4028,-6365471.4666,
247.7500,63294.8155,798.2388,61.5970,2.5964,-0.0873,1.8748,91303.9381,-6365578.3490,
248.0000,63113.1784,790.2594,61.8209,2.5678,0.0662,1.8876,90556.5643,-6365677.7380,
248.2500,62933.3680,782.2762,62.0047,2.5392,-0.0873,1.8987,89825.6526,-6365790.5955,
248.5000,62755.3797,774.2316,62.1578,2.5106,0.0873,1.9085,89095.4804,-6365895.7835,
248.7500,62579.2103,766.1814,62.2713,2.4819,-0.0873,1.9173,88382.8420,-6366014.3107,
249.0000,62404.8579,758.0794,62.3528,2.4533,0.0771,1.9249,87669.1795,-6366123.5189,
249.2500,62232.3208,749.9687,62.3949,2.4246,-0.0873,1.9315,86971.9024,-6366244.0754,
249.5000,62061.5980,741.8147,62.4038,2.3959,0.0845,1.9373,86274.0138,-6366355.8031,
249.7500,61892.6894,733.6485,62.3737,2.3673,-0.0873,1.9424,85592.6043,-6366478.2491,
250.0000,61725.5962,725.4438,62.3090,2.3386,0.0838,1.9467,84909.0023,-6366590.5155,
250.2500,61560.3189,717.2246,62.2055,2.3099,-0.0873,1.9505,84241.8799,-6366712.9409,
250.5000,61396.8597,708.9712,62.0664,2.2813,0.0820,1.9537,83572.5437,-6366825.2343,
250.7500,61235.2211,700.7006,61.8886,2.2526,-0.0873,1.9564,82919.0499,-6366946.6698,
251.0000,61075.4057,692.3999,61.6746,2.2240,0.0857,1.9586,82263.4174,-6367058.0750,
251.2500,60917.4169,684.0792,61.4222,2.1953,-0.0873,1.9605,81623.6301,-6367178.2337,
251.5000,60761.2586,675.7303,61.1327,2.1666,0.0857,1.9620,80981.0290,-6367287.8256,
251.7500,60606.9348,667.3597,60.8053,2.1380,-0.0873,1.9632,80354.2426,-6367405.8108,
252.0000,60454.4501,658.9629,60.4405,2.1093,0.0843,1.9641,79724.7536,-6367513.3357,
252.2500,60303.8094,650.5426,60.0381,2.0806,-0.0873,1.9647,79110.6471,-6367628.6080,
252.5000,60155.0178,642.0984,59.5985,2.0520,0.0870,1.9651,78494.1102,-6367733.6423,
252.7500,60008.0807,633.6284,59.1218,2.0233,-0.0873,1.9652,77892.8560,-6367846.0802,
253.0000,59863.0039,625.1353,58.6079,1.9946,0.0854,1.9652,77289.1199,-6367948.2331,
253.2500,59719.7933,616.6156,58.0577,1.9659,-0.0873,1.9650,76700.4214,-6368057.3557,
253.5000,59578.4550,608.0740,57.4709,1.9372,0.0862,1.9646,76109.5866,-6368156.4535,
253.7500,59438.9955,599.5043,56.8487,1.9085,-0.0873,1.9641,75533.6411,-6368262.1814,
254.0000,59301.4214,590.9135,56.1905,1.8797,0.0873,1.9635,74955.6464,-6368357.9356,
254.2500,59165.7393,582.2934,55.4982,1.8510,-0.0873,1.9627,74392.4836,-6368460.0646,
254.5000,59031.9561,573.6528,54.7708,1.8222,0.0871,1.9618,73827.5144,-6368552.3865,
254.7500,58900.0791,564.9821,54.0106,1.7935,-0.0873,1.9609,73277.2235,-6368650.7632,
255.0000,58770.1153,556.2912,53.2166,1.7647,0.0862,1.9598,72725.4387,-6368739.5491,
255.2500,58642.0721,547.5695,52.3913,1.7359,-0.0873,1.9586,72188.1201,-6368834.0326,
255.5000,58515.9570,538.8282,51.5337,1.7070,0.0870,1.9574,71649.7006,-6368919.1990,
255.7500,58391.7777,530.0550,50.6468,1.6782,-0.0873,1.9560,71125.6452,-6369009.7953,
256.0000,58269.5419,521.2624,49.7292,1.6493,0.0862,1.9546,70600.7615,-6369091.2525,
256.2500,58149.2573,512.4373,48.7843,1.6204,-0.0873,1.9531,70090.0851,-6369177.8344,
256.5000,58030.9321,503.5933,47.8107,1.5915,0.0873,1.9516,69578.9906,-6369255.5569,
256.7500,57914.5742,494.7159,46.8122,1.5626,-0.0873,1.9500,69082.0179,-6369338.1547,
257.0000,57800.1918,485.8196,45.7871,1.5336,0.0863,1.9483,68584.9624,-6369412.1135,
257.2500,57687.7933,476.8895,44.7395,1.5046,-0.0873,1.9466,68101.8581,-6369490.6360,
257.5000,57577.3869,467.9409,43.6680,1.4755,0.0873,1.9448,67619.1019,-6369560.8092,
257.7500,57468.9811,458.9575,42.5767,1.4465,-0.0873,1.9430,67150.2235,-6369635.3078,
258.0000,57362.5844,449.9557,41.4641,1.4174,0.0861,1.9411,66682.0774,-6369701.7097,
258.2500,57258.2057,440.9188,40.3346,1.3883,-0.0873,1.9392,66227.6402,-6369772.1278,
258.5000,57155.8535,431.8635,39.1868,1.3591,0.0864,1.9372,65774.3885,-6369834.7507,
258.7500,57055.5368,422.7724,38.0252,1.3299,-0.0873,1.9351,65334.7203,-6369901.1129,
259.0000,56957.2644,413.6634,36.8484,1.3007,0.0873,1.9330,64896.6790,-6369959.9706,
259.2500,56861.0453,404.5177,35.6613,1.2714,-0.0873,1.9308,64472.1435,-6370022.3248,
259.5000,56766.8887,395.3541,34.4621,1.2421,0.0861,1.9286,64049.6480,-6370077.4426,
259.7500,56674.8039,386.1535,33.2561,1.2127,-0.0873,1.9264,63640.5171,-6370135.7666,
260.0000,56584.8000,376.9353,32.0415,1.1833,0.0873,1.9240,63233.8994,-6370187.1647,
260.2500,56496.8865,367.6790,30.8238,1.1539,-0.0873,1.9217,62840.5639,-6370241.5207,
260.5000,56411.0728,358.4055,29.6012,1.1244,0.0873,1.9192,62450.1877,-6370289.2394,
260.7500,56327.3685,349.0933,28.3792,1.0949,-0.0873,1.9167,62073.0007,-6370339.6583,
261.0000,56245.7834,339.7640,27.1562,1.0653,0.0860,1.9141,61699.2520,-6370383.7509,
261.2500,56166.3272,330.3956,25.9375,1.0356,-0.0873,1.9115,61338.5590,-6370430.2545,
261.5000,56089.0097,321.0111,24.7218,1.0059,0.0873,1.9088,60981.8114,-6370470.7496,
261.7500,56013.8407,311.5868,23.5146,0.9762,-0.0873,1.9060,60638.0780,-6370513.4232,
262.0000,55940.8303,302.1464,22.3143,0.9464,0.0856,1.9032,60298.7654,-6370550.3957,
262.2500,55869.9886,292.6659,21.1265,0.9166,-0.0873,1.9002,59972.3377,-6370589.2639,
262.5000,55801.3257,283.1695,19.9496,0.8867,0.0854,1.8972,59650.8505,-6370622.7697,
262.7500,55734.8521,273.6321,18.7894,0.8568,-0.0873,1.8941,59342.1618,-6370657.9176,
263.0000,55670.5781,264.0791,17.6441,0.8268,0.0852,1.8909,59038.9167,-6370688.0273,
263.2500,55608.5146,254.4841,16.5194,0.7967,-0.0873,1.8875,58748.3920,-6370719.5298,
263.5000,55548.6722,244.8738,15.4138,0.7666,0.0848,1.8841,58463.8258,-6370746.3276,
263.7500,55491.0619,235.2205,14.3330,0.7365,-0.0873,1.8806,58191.9064,-6370774.2749,
264.0000,55435.6948,225.5526,13.2752,0.7062,0.0859,1.8769,57926.4503,-6370797.8387,
264.2500,55382.5823,215.8397,12.2461,0.6759,-0.0873,1.8731,57673.5810,-6370822.3114,
264.5000,55331.7356,206.1145,11.2442,0.6455,0.0869,1.8691,57427.7528,-6370842.7669,
264.7500,55283.1664,196.3428,10.2749,0.6151,-0.0873,1.8650,57194.4738,-6370863.9052,
265.0000,55236.8865,186.5588,9.3367,0.5846,0.0836,1.8607,56968.7487,-6370881.3477,
265.2500,55192.9078,176.7285,8.4350,0.5540,-0.0873,1.8562,56755.5272,-6370899.2429,
265.5000,55151.2424,166.8869,7.5682,0.5234,0.0836,1.8515,56550.4264,-6370913.7982,
265.7500,55111.9028,156.9973,6.7416,0.4927,-0.0873,1.8465,56357.8020,-6370928.5906,
266.0000,55074.9014,147.0994,5.9535,0.4619,0.0873,1.8413,56173.8552,-6370940.3922,
266.2500,55040.2510,137.1509,5.2091,0.4310,-0.0873,1.8358,56002.4426,-6370952.2706,
266.5000,55007.9648,127.1973,4.5068,0.4001,0.0866,1.8299,55840.2615,-6370961.5049,
266.7500,54978.0564,117.1907,3.8515,0.3691,-0.0873,1.8236,55690.5974,-6370970.6147,
267.0000,54950.5390,107.1826,3.2414,0.3380,0.0840,1.8168,55550.7780,-6370977.4636,
267.2500,54925.4271,97.1205,2.6814,0.3069,-0.0873,1.8095,55423.5015,-6370984.0221,
267.5000,54902.7351,87.0604,2.1697,0.2757,0.0770,1.8016,55306.6935,-6370988.7093,
267.7500,54882.4783,76.9461,1.7106,0.2445,-0.0873,1.7927,55202.4478,-6370992.9532,
268.0000,54864.6721,66.8457,1.3026,0.2131,0.0873,1.7827,55109.3027,-6370995.7249,
268.2500,54849.3326,56.6873,0.9498,0.1818,-0.0873,1.7716,55028.9237,-6370998.0124,
268.5000,54836.4778,46.5486,0.6504,0.1503,0.0501,1.7585,54960.2503,-6370999.2216,
268.7500,54826.1270,36.3744,0.4078,0.1189,-0.0873,1.7425,54904.4043,-6370999.9010,
269.0000,54818.3019,26.2411,0.2213,0.0875,-0.0827,1.7216,54861.1133,-6370999.9756,
269.2500,54813.0269,16.1395,0.0914,0.0562,-0.0873,1.6941,54830.7207,-6370999.7292,
269.5000,54810.3329,6.3380,0.0187,0.0254,-0.0873,1.6503,54813.7032,-6370999.5347,
269.7500,54810.2418,5.9611,0.0049,0.0131,0.0873,1.5813,54810.4457,-6370999.4697,
270.0000,54812.7534,15.9308,0.0533,0.0430,0.0873,1.5346,54821.0392,-6370999.0142,
270.2500,54817.8843,26.2962,0.1621,0.0749,0.0873,1.5220,54845.6826,-6370998.6741,
270.5000,54825.6467,36.7974,0.3324,0.1073,0.0873,1.5433,54884.5106,-6370998.3010,
270.7500,54836.0455,47.3994,0.5655,0.1401,0.0873,1.5980,54937.5219,-6370997.6026,
271.0000,54849.0719,58.0623,0.8618,0.1731,0.0873,1.6860,55004.3397,-6370996.0605,
271.2500,54864.6852,68.7086,1.2193,0.2061,0.0873,1.8069,55083.6882,-6370992.6669,
271.5000,54882.7859,79.2071,1.6325,0.2387,0.0873,1.9604,55172.6455,-6370985.5291,
271.7500,54903.1794,89.3606,2.0899,0.2704,0.0873,2.1462,55265.8300,-6370971.4798,
272.0000,54925.5367,98.8971,2.5723,0.3004,0.0873,2.3640,55354.8508,-6370945.9629,
272.2500,54949.3579,107.4667,3.0510,0.3277,0.0873,2.6135,55428.5380,-6370903.6199,
272.5000,54973.9485,114.6451,3.4882,0.3510,0.0873,2.8945,55474.5448,-6370840.0206,
272.7500,54998.6809,121.4950,3.9172,0.3725,-0.0423,3.1766,55499.2728,-6370755.9354,
273.0000,55022.8181,126.5173,4.2537,0.3888,-0.0873,3.4375,55487.1478,-6370652.7234,
273.2500,55045.4809,130.0035,4.5008,0.4005,-0.0873,3.6801,55445.1324,-6370537.8925,
273.5000,55065.8954,131.8020,4.6596,0.4081,0.0562,3.9074,55382.2518,-6370421.2893,
273.7500,55083.4311,132.7881,4.7077,0.4107,-0.0873,4.1213,55307.9167,-6370317.5517,
274.0000,55097.5994,132.3508,4.7085,0.4111,0.0560,4.3240,55237.4960,-6370230.4935,
274.2500,55108.0584,131.4095,4.6188,0.4074,-0.0873,4.5171,55177.9759,-6370175.9319,
274.5000,55114.6017,129.5166,4.5173,0.4031,0.0547,4.7005,55137.3232,-6370146.8602,
274.7500,55117.1473,127.5038,4.3567,0.3960,-0.0873,4.8773,55118.4623,-6370155.4851,
275.0000,55115.7165,125.4438,4.2208,0.3898,-0.0873,5.0395,55122.0174,-6370186.1422,
275.2500,55110.3620,123.9170,4.1175,0.3848,-0.0873,5.1654,55146.9290,-6370236.1262,
275.5000,55101.1997,122.9842,4.0493,0.3814,-0.0873,5.2539,55191.0413,-6370302.6632,
275.7500,55088.3412,123.1653,4.0498,0.3812,-0.0873,5.3054,55252.6067,-6370377.4093,
276.0000,55071.8589,124.9537,4.1522,0.3855,-0.0873,5.3203,55331.1627,-6370453.3974,
276.2500,55051.7687,128.7791,4.3915,0.3960,-0.0873,5.2989,55427.8145,-6370525.1296,
276.5000,55028.0245,134.9565,4.8042,0.4136,-0.0873,5.2415,55545.1061,-6370588.3923,
276.7500,55000.5257,143.6357,5.4277,0.4388,-0.0873,5.1485,55686.5236,-6370639.9587,
277.0000,54969.1368,154.7691,6.2976,0.4718,-0.0873,5.0203,55855.5600,-6370677.2320,
277.2500,54933.7208,168.1005,7.4417,0.5117,-0.0873,4.8571,56054.2012,-6370697.7915,
277.5000,54894.1871,183.1674,8.8714,0.5573,-0.0873,4.6594,56280.7315,-6370698.7916,
277.7500,54850.5533,199.3079,10.5705,0.6066,-0.0873,4.4275,56526.9907,-6370676.2739,
278.0000,54803.0154,215.6686,12.4814,0.6572,-0.0873,4.1616,56775.7185,-6370624.7428,
278.2500,54752.0173,231.2206,14.4937,0.7059,-0.0873,3.8623,56999.3380,-6370537.7730,
278.5000,54698.2053,245.6471,16.5113,0.7508,0.0840,3.5427,57180.8555,-6370416.0612,
278.7500,54642.1729,258.0831,18.4454,0.7908,0.0576,3.2523,57306.0929,-6370261.3177,
279.0000,54584.8933,267.7740,20.0737,0.8219,0.0873,2.9914,57336.1491,-6370073.8509,
279.2500,54527.3237,274.7404,21.3768,0.8450,0.0585,2.7563,57282.4560,-6369866.1670,
279.5000,54470.3250,279.0485,22.2847,0.8596,0.0556,2.5432,57149.2003,-6369652.5892,
279.7500,54414.6142,280.9148,22.8173,0.8667,0.0331,2.3497,56955.8717,-6369446.4365,
280.0000,54360.7684,280.7566,22.9770,0.8667,0.0873,2.1743,56718.3393,-6369260.8844,
280.2500,54309.2467,278.4941,22.8056,0.8605,0.0873,2.0123,56455.6886,-6369105.6195,
280.5000,54260.3621,274.5551,22.4204,0.8505,-0.0854,1.8653,56185.6948,-6368976.2559,
280.7500,54214.3491,269.5461,21.7245,0.8347,0.0359,1.7304,55912.3314,-6368892.8120,
281.0000,54171.3501,263.0225,20.8388,0.8153,0.0208,1.6072,55648.3117,-6368845.9513,
281.2500,54131.4413,255.2924,19.7993,0.7926,-0.0873,1.4946,55398.9131,-6368834.3188,
281.5000,54094.6350,246.9577,18.5866,0.7661,0.0873,1.3905,55169.5046,-6368866.4219,
281.7500,54060.9014,237.5219,17.3289,0.7381,-0.0250,1.2937,54960.2864,-6368920.3251,
282.0000,54030.1814,227.5737,15.9653,0.7070,0.0873,1.2049,54774.3652,-6369009.8247,
282.2500,54002.3845,216.7763,14.5973,0.6748,-0.0531,1.1221,54608.7547,-6369114.8019,
282.5000,53977.4083,205.7274,13.1832,0.6403,0.0873,1.0460,54465.8087,-6369245.0698,
282.7500,53955.1291,193.8695,11.7930,0.6047,-0.0581,0.9754,54341.8059,-6369385.3678,
283.0000,53935.4182,181.8909,10.4063,0.5673,0.0873,0.9094,54237.4700,-6369540.3391,
283.2500,53918.1400,169.2741,9.0776,0.5292,-0.0505,0.8476,54148.5831,-6369696.9224,
283.5000,53903.1564,156.5252,7.7826,0.4896,0.0873,0.7897,54076.5281,-6369861.0239,
283.7500,53890.3335,143.3069,6.5775,0.4497,-0.0873,0.7364,54015.6007,-6370017.8744,
284.0000,53879.5188,130.0205,5.4295,0.4083,0.0873,0.6852,53968.5418,-6370176.1024,
284.2500,53870.5796,116.2561,4.3838,0.3666,-0.0873,0.6369,53930.3538,-6370323.4785,
284.5000,53863.3753,102.4854,3.4222,0.3238,0.0873,0.5911,53902.2287,-6370464.5713,
284.7500,53857.7629,88.3104,2.5759,0.2808,-0.0779,0.5467,53880.5654,-6370590.8358,
285.0000,53853.6058,74.1180,1.8314,0.2367,0.0873,0.5037,53866.1222,-6370705.5546,
285.2500,53850.7632,59.5819,1.2129,0.1926,-0.0873,0.4617,53856.1642,-6370802.1928,
285.5000,53849.0943,45.0685,0.7113,0.1475,0.0873,0.4203,53850.8946,-6370882.6925,
285.7500,53848.4582,30.2768,0.3440,0.1025,-0.0873,0.3795,53848.5929,-6370942.6098,
286.0000,53848.7727,16.2407,0.1109,0.0582,0.0873,0.3468,53848.9697,-6370981.8202,
286.2500,53850.1931,8.0393,0.0210,0.0254,0.0873,0.3550,53852.3615,-6370999.0274,
286.5000,53852.7626,18.0819,0.0735,0.0474,0.0873,0.4045,53859.2809,-6370994.8457,
286.7500,53856.6628,32.4491,0.2697,0.0908,0.0873,0.4948,53871.3730,-6370970.5031,
287.0000,53862.2095,47.1814,0.6057,0.1362,0.0873,0.6257,53891.7818,-6370929.4762,
287.2500,53869.8253,61.6462,1.0688,0.1810,0.0873,0.7964,53925.3144,-6370878.1927,
287.5000,53879.9923,75.4029,1.6336,0.2239,0.0873,1.0067,53978.1253,-6370826.4689,
287.7500,53893.1768,87.9474,2.2576,0.2634,0.0873,1.2561,54056.2575,-6370786.8589,
288.0000,53909.7234,98.6673,2.8783,0.2977,0.0873,1.5442,54162.4542,-6370772.0512,
288.2500,53929.7491,108.5243,3.4923,0.3283,-0.0873,1.8368,54293.0413,-6370778.6690,
288.5000,53953.1421,115.9935,4.0213,0.3529,-0.0757,2.1061,54439.7313,-6370811.5836,
288.7500,53979.4906,120.9068,4.3883,0.3692,-0.0873,2.3588,54583.6986,-6370865.4288,
289.0000,54008.1938,123.7304,4.6446,0.3805,0.0568,2.5942,54714.5939,-6370921.9250,
289.2500,54038.4842,125.0833,4.7198,0.3843,-0.0873,2.8167,54808.3551,-6370970.0002,
289.5000,54069.5344,124.4301,4.7164,0.3850,0.0814,3.0273,54868.2841,-6370996.6077,
289.7500,54100.4699,123.0612,4.5715,0.3798,-0.0873,3.2290,54876.8997,-6370996.1614,
290.0000,54130.4386,120.1438,4.3970,0.3732,0.0873,3.4232,54850.5881,-6370966.9341,
290.2500,54158.6263,116.9260,4.1194,0.3619,-0.0873,3.6117,54779.6862,-6370912.9484,
290.5000,54184.2739,112.7003,3.8609,0.3509,0.0873,3.7967,54689.4953,-6370839.2575,
290.7500,54206.7157,108.8404,3.5564,0.3373,-0.0873,3.9783,54580.6062,-6370758.4708,
291.0000,54225.3768,104.4726,3.3050,0.3256,0.0873,4.1571,54474.8775,-6370675.7670,
291.2500,54239.7877,100.9636,3.0443,0.3128,-0.0764,4.3340,54378.5872,-6370608.7518,
291.5000,54249.5875,97.4255,2.8565,0.3032,0.0873,4.5125,54306.2566,-6370557.8898,
291.7500,54254.5520,95.0914,2.6853,0.2941,-0.0463,4.6938,54264.0623,-6370539.4202,
292.0000,54254.5928,93.9579,2.6028,0.2895,-0.0873,4.8745,54256.6949,-6370545.4329,
292.2500,54249.7002,95.3247,2.6626,0.2928,-0.0873,5.0180,54284.6647,-6370567.0329,
292.5000,54239.9398,98.6867,2.8314,0.3017,-0.0873,5.1136,54346.3350,-6370608.4286,
292.7500,54225.4037,104.5957,3.1556,0.3182,-0.0873,5.1622,54439.7036,-6370659.5151,
293.0000,54206.1456,113.3704,3.6842,0.3435,-0.0873,5.1642,54564.5272,-6370711.6564,
293.2500,54182.1519,125.0882,4.4697,0.3778,-0.0873,5.1201,54722.9724,-6370758.2596,
293.5000,54153.3406,139.6072,5.5662,0.4208,-0.0873,5.0307,54919.0543,-6370794.6284,
293.7500,54119.5871,156.5907,7.0227,0.4717,-0.0873,4.8964,55156.8826,-6370817.3604,
294.0000,54080.7772,175.5063,8.8712,0.5288,-0.0873,4.7178,55437.5254,-6370823.3085,
294.2500,54036.8887,195.6014,11.1075,0.5901,-0.0873,4.4954,55754.3884,-6370808.0736,
294.5000,53988.0976,215.8701,13.6669,0.6526,-0.0873,4.2299,56087.7034,-6370764.3535,
294.7500,53934.8944,235.0339,16.3991,0.7125,-0.0873,3.9217,56400.2058,-6370681.3757,
295.0000,53877.9962,252.8732,19.1841,0.7678,0.0873,3.5986,56669.1920,-6370556.8086,
295.2500,53818.2500,267.8395,21.8410,0.8162,0.0107,3.3079,56858.4213,-6370384.2207,
295.5000,53756.9064,279.2182,24.0993,0.8540,-0.0846,3.0456,56922.9658,-6370161.6959,
295.7500,53695.1918,287.5019,25.8583,0.8811,-0.0738,2.8072,56863.3117,-6369903.1809,
296.0000,53634.2053,293.0150,27.0590,0.8978,0.0873,2.5902,56692.7327,-6369628.0942,
296.2500,53574.8886,295.0707,27.7350,0.9055,0.0873,2.3923,56439.2797,-6369355.5594,
296.5000,53518.0178,294.7268,27.9485,0.9057,0.0873,2.2115,56130.2593,-6369099.7230,
296.7500,53464.2037,292.0014,27.7417,0.8992,0.0139,2.0457,55788.6989,-6368874.4069,
297.0000,53413.9063,287.3028,27.0408,0.8849,0.0873,1.8924,55428.3396,-6368703.1423,
297.2500,53367.4421,280.8395,26.0471,0.8658,0.0873,1.7509,55075.4370,-6368578.5358,
297.5000,53325.0165,272.7159,24.8063,0.8426,-0.0136,1.6203,54740.2747,-6368502.8399,
297.7500,53286.7344,263.4255,23.2496,0.8137,0.0873,1.4993,54431.2192,-6368494.7660,
298.0000,53252.6223,252.5853,21.6011,0.7826,-0.0873,1.3859,54154.2973,-6368524.9933,
298.2500,53222.6429,241.1686,19.7323,0.7465,0.0873,1.2795,53914.1974,-6368618.4659,
298.5000,53196.7092,228.4106,17.8728,0.7093,-0.0873,1.1812,53708.4564,-6368737.3204,
298.7500,53174.6777,215.3216,15.9046,0.6681,0.0873,1.0876,53540.3915,-6368903.7223,
299.0000,53156.3904,200.9476,13.9836,0.6257,-0.0873,1.0007,53404.2793,-6369088.3966,
299.2500,53141.6383,186.4121,12.0459,0.5802,0.0873,0.9160,53300.8171,-6369302.5909,
299.5000,53130.2129,170.8862,10.2243,0.5341,-0.0873,0.8350,53222.4682,-6369518.9413,
299.7500,53121.8829,155.2879,8.4522,0.4853,0.0873,0.7580,53169.5409,-6369748.7007,
300.0000,53116.3895,138.8323,6.8353,0.4363,-0.0873,0.6832,53135.1909,-6369969.3795,
300.2500,53113.4658,122.3855,5.3228,0.3849,0.0873,0.6098,53117.9766,-6370187.9562,
300.5000,53112.8503,105.6528,4.0022,0.3338,0.0873,0.5399,53112.7939,-6370386.4242,
300.7500,53114.5520,89.8637,2.9178,0.2850,0.0873,0.5110,53118.7800,-6370557.3696,
301.0000,53118.5564,75.4351,2.0605,0.2395,0.0873,0.5352,53135.8682,-6370702.2504,
301.2500,53124.9763,64.3678,1.4771,0.2029,0.0873,0.6117,53166.2166,-6370816.0054,
301.5000,53134.1290,59.6881,1.2115,0.1839,0.0873,0.7397,53215.5333,-6370897.3306,
301.7500,53146.4947,63.7533,1.3033,0.1908,0.0873,0.9185,53292.7898,-6370948.5384,
302.0000,53162.6352,75.6377,1.7791,0.2232,0.0873,1.1474,53408.6984,-6370975.4041,
302.2500,53183.0625,92.2411,2.6363,0.2720,0.0873,1.4256,53571.4166,-6370985.5183,
302.5000,53208.0517,110.6194,3.8206,0.3280,0.0873,1.7525,53778.4320,-6370983.8349,
302.7500,53237.4481,128.7891,5.2182,0.3840,-0.0873,2.1185,54010.3705,-6370967.9663,
303.0000,53270.7736,145.3470,6.7009,0.4360,-0.0873,2.4547,54238.8309,-6370929.3175,
303.2500,53306.9588,159.4699,8.1330,0.4815,-0.0326,2.7582,54424.0528,-6370849.9876,
303.5000,53344.6172,170.7032,9.3523,0.5175,-0.0483,3.0379,54525.9944,-6370716.8913,
303.7500,53382.2896,179.1097,10.3044,0.5445,-0.0873,3.2990,54535.0352,-6370531.0508,
304.0000,53418.5896,185.1114,11.0407,0.5650,-0.0457,3.5426,54467.2417,-6370302.6279,
304.2500,53452.2279,188.6943,11.4579,0.5768,-0.0873,3.7727,54327.4052,-6370054.9450,
304.5000,53482.1201,190.5247,11.6836,0.5836,-0.0873,3.9890,54153.6780,-6369807.7805,
304.7500,53507.3684,190.3210,11.7527,0.5863,0.0873,4.1933,53971.1063,-6369582.1238,
305.0000,53527.2925,189.2304,11.5279,0.5814,-0.0873,4.3894,53799.0384,-6369420.5363,
305.2500,53541.4325,186.4547,11.2883,0.5759,0.0873,4.5763,53665.7180,-6369307.1907,
305.5000,53549.5252,183.3858,10.8394,0.5647,-0.0873,4.7584,53580.8569,-6369283.4867,
305.7500,53551.5006,178.9075,10.4161,0.5537,0.0873,4.9341,53551.6076,-6369318.7207,
306.0000,53547.4077,176.2551,10.0286,0.5432,-0.0873,5.0811,53577.6620,-6369410.7759,
306.2500,53537.3325,174.4447,9.8027,0.5367,-0.0873,5.1671,53656.1414,-6369536.2496,
306.5000,53521.3987,174.8946,9.8069,0.5363,-0.0873,5.1928,53784.1258,-6369681.0689,
306.7500,53499.6323,178.9442,10.1979,0.5462,-0.0873,5.1594,53963.0784,-6369821.6395,
307.0000,53471.9374,187.6627,11.1373,0.5698,-0.0873,5.0677,54199.1292,-6369938.8927,
307.2500,53438.1274,201.5864,12.7852,0.6093,-0.0873,4.9187,54500.3012,-6370016.6311,
307.5000,53398.0140,220.5086,15.2767,0.6644,-0.0873,4.7132,54870.3133,-6370039.1926,
307.7500,53351.5547,243.4039,18.6741,0.7324,-0.0873,4.4522,55298.4860,-6369988.7599,
308.0000,53299.0520,268.4621,22.8958,0.8083,-0.0873,4.1365,55747.2007,-6369843.5561,
308.2500,53241.3183,293.4363,27.6661,0.8854,-0.0343,3.7752,56157.8381,-6369590.4654,
308.5000,53179.3678,316.7733,32.6601,0.9582,0.0226,3.4382,56484.8127,-6369235.6394,
308.7500,53114.8290,336.2193,37.3519,1.0206,-0.0311,3.1361,56640.9161,-6368771.9909,
309.0000,53049.4569,351.6164,41.2949,1.0687,0.0873,2.8648,56597.8252,-6368235.8917,
309.2500,52984.8752,362.3448,44.6067,1.1061,-0.0873,2.6203,56414.1474,-6367662.6719,
309.5000,52922.4918,369.4695,46.7184,1.1275,0.0873,2.3980,56071.8002,-6367114.9263,
309.7500,52863.4566,371.9637,48.0880,1.1396,-0.0873,2.1927,55658.2061,-6366605.2391,
310.0000,52808.6265,371.4911,48.4453,1.1398,-0.0873,2.0059,55192.3119,-6366188.4993,
310.2500,52758.6454,368.1813,47.9248,1.1300,-0.0099,1.8334,54716.8560,-6365883.4194,
310.5000,52713.9256,362.0249,46.5989,1.1110,0.0873,1.6760,54262.6663,-6365707.2350,
310.7500,52674.7090,353.0015,44.8126,1.0867,-0.0695,1.5286,53851.7835,-6365629.6509,
311.0000,52641.0762,342.5063,42.3032,1.0535,0.0873,1.3909,53495.1851,-6365699.2879,
311.2500,52612.9895,329.6007,39.5796,1.0172,-0.0873,1.2662,53197.6340,-6365846.6298,
311.5000,52590.2920,315.7074,36.3508,0.9734,0.0873,1.1469,52964.4436,-6366119.7828,
311.7500,52572.7665,299.7450,33.0393,0.9269,-0.0443,1.0348,52788.0832,-6366450.8672,
312.0000,52560.1366,283.0782,29.4977,0.8750,0.0873,0.9310,52667.2313,-6366861.0303,
312.2500,52552.0472,264.7784,26.0221,0.8214,-0.0675,0.8305,52591.0562,-6367298.0554,
312.5000,52548.1392,246.0550,22.4701,0.7631,0.0873,0.7354,52554.9219,-6367779.1255,
312.7500,52548.1097,227.1959,19.2228,0.7057,0.0873,0.6605,52548.9013,-6368240.7402,
313.0000,52551.9536,209.1476,16.3029,0.6501,0.0873,0.6523,52571.5143,-6368678.8922,
313.2500,52559.6741,193.0109,13.8355,0.5991,0.0873,0.7119,52623.6332,-6369077.0094,
313.5000,52571.5733,180.9878,12.0386,0.5592,0.0873,0.8382,52713.7861,-6369412.2873,
313.7500,52588.2075,175.8004,11.1430,0.5386,0.0873,1.0299,52857.6159,-6369666.5011,
314.0000,52610.2472,179.8466,11.3793,0.5450,0.0873,1.2858,53073.1554,-6369823.0566,
314.2500,52638.2349,193.7059,12.9200,0.5817,0.0873,1.6047,53369.0417,-6369863.6089,
314.5000,52672.2419,215.3277,15.7719,0.6440,0.0873,1.9855,53724.1887,-6369763.5222,
314.7500,52711.6116,240.3539,19.6001,0.7197,-0.0873,2.4014,54088.1047,-6369518.8608,
315.0000,52755.1068,265.3731,23.9553,0.7978,0.0873,2.7729,54388.9384,-6369122.2000,
315.2500,52800.6271,288.1918,28.2321,0.8686,-0.0873,3.1064,54528.9891,-6368566.0816,
315.5000,52845.9342,306.6866,32.0219,0.9277,-0.0873,3.4086,54504.6874,-6367910.6989,
315.7500,52888.9829,321.3344,35.2120,0.9755,-0.0646,3.6784,54347.7592,-6367209.1670,
316.0000,52927.9334,331.0795,37.5851,1.0104,0.0873,3.9268,54089.7879,-6366530.4511,
316.2500,52961.3654,337.4812,39.0766,1.0325,0.0873,4.1568,53786.3041,-6365944.6311,
316.5000,52988.2238,340.7053,39.6230,1.0416,-0.0873,4.3711,53491.1714,-6365519.1660,
316.7500,53007.7968,340.0861,39.7481,1.0446,0.0873,4.5687,53253.5625,-6365226.7682,
317.0000,53019.6939,337.3949,38.9482,1.0349,-0.0873,4.7550,53093.8104,-6365165.6093,
317.2500,53023.7912,331.7126,37.9497,1.0219,0.0873,4.9300,53026.1236,-6365240.1050,
317.5000,53020.1351,326.9185,36.7057,1.0049,-0.0873,5.0647,53051.1577,-6365457.6907,
317.7500,53008.8006,322.3497,35.6790,0.9901,-0.0873,5.1201,53165.5708,-6365744.0828,
318.0000,52989.8537,320.3885,35.1618,0.9818,-0.0873,5.0978,53368.3580,-6366053.6090,
318.2500,52963.1984,323.4193,35.6727,0.9874,-0.0873,4.9993,53666.7183,-6366315.4930,
318.5000,52928.6131,333.5286,37.7371,1.0134,-0.0873,4.8262,54071.9757,-6366463.8428,
318.7500,52885.9152,351.8693,41.8355,1.0643,-0.0873,4.5802,54585.5212,-6366431.9216,
319.0000,52835.2515,377.9204,48.2551,1.1395,-0.0873,4.2626,55174.6926,-6366149.9825,
319.2500,52777.4794,409.0258,56.8346,1.2322,-0.0873,3.8751,55745.6911,-6365554.9131,
319.5000,52714.0121,440.8675,66.7500,1.3301,-0.0873,3.4883,56232.0066,-6364707.3171,
319.7500,52647.0071,470.8761,76.9878,1.4225,0.0873,3.1467,56462.1251,-6363585.7604,
320.0000,52579.0758,495.6081,86.4088,1.5005,0.0873,2.8407,56407.0489,-6362322.6958,
320.2500,52512.5708,514.8886,94.4627,1.5623,0.0873,2.5686,56110.4567,-6361032.2816,
320.5000,52449.5627,527.9727,100.5263,1.6052,0.0873,2.3192,55619.7279,-6359840.2223,
320.7500,52391.5929,535.6276,104.6012,1.6313,0.0873,2.0956,55028.6363,-6358828.4520,
321.0000,52339.8292,538.1225,106.6147,1.6414,0.0873,1.8932,54406.0026,-6358066.1099,
321.2500,52295.0505,535.3898,106.8929,1.6388,-0.0873,1.7079,53813.6108,-6357561.1692,
321.5000,52257.6922,529.6213,104.9475,1.6198,0.0873,1.5374,53288.9518,-6357414.0982,
321.7500,52227.9077,518.9985,101.7849,1.5921,-0.0594,1.3775,52862.2109,-6357511.2709,
322.0000,52205.6407,506.1853,97.0075,1.5519,0.0873,1.2311,52543.8287,-6357917.6848,
322.2500,52190.6414,489.3219,91.4189,1.5050,-0.0837,1.0951,52330.2240,-6358519.0040,
322.5000,52182.5586,471.3538,84.7906,1.4486,0.0873,0.9734,52214.6750,-6359342.2180,
322.7500,52180.9223,450.9877,77.8326,1.3876,0.0873,0.8631,52180.7929,-6360275.6261,
323.0000,52185.5938,431.5350,71.2904,1.3283,0.0873,0.8233,52219.7875,-6361210.1416,
323.2500,52196.5408,413.7467,65.3327,1.2724,0.0873,0.8733,52330.9710,-6362123.7990,
323.5000,52214.0638,400.7955,60.8452,1.2291,0.0873,1.0111,52528.3132,-6362909.1589,
323.7500,52238.8082,396.3703,58.7596,1.2097,0.0873,1.2346,52839.6154,-6363463.9246,
324.0000,52271.4740,403.8691,60.0097,1.2248,0.0873,1.5415,53288.4508,-6363678.2954,
324.2500,52312.3105,424.5643,65.2571,1.2804,0.0873,1.9299,53855.8451,-6363434.2751,
324.5000,52360.5279,454.8241,74.1938,1.3693,-0.0873,2.3828,54446.5274,-6362670.9002,
324.7500,52414.4296,489.3472,85.3353,1.4735,0.0873,2.7907,54940.7205,-6361469.6358,
325.0000,52471.0045,523.3800,97.2664,1.5787,-0.0873,3.1551,55149.7547,-6359841.2383,
325.2500,52527.0617,552.6820,108.2681,1.6715,-0.0873,3.4770,55063.7258,-6358027.0592,
325.5000,52579.6739,575.6482,117.7251,1.7489,0.0873,3.7614,54751.8953,-6356196.9866,
325.7500,52626.3488,593.1763,124.6459,1.8051,-0.0070,4.0227,54274.3241,-6354569.1846,
326.0000,52665.2570,604.0575,128.9432,1.8406,-0.0873,4.2605,53755.0778,-6353295.2107,
326.2500,52695.0961,609.0963,131.1025,1.8597,-0.0873,4.4787,53294.4043,-6352416.1671,
326.5000,52715.0749,608.8163,131.0789,1.8621,-0.0873,4.6795,52950.8403,-6352004.8075,
326.7500,52724.8433,603.7769,129.1248,1.8496,-0.0873,4.8651,52761.1305,-6352064.7318,
327.0000,52724.3890,595.9523,126.0885,1.8279,-0.0873,5.0247,52735.5823,-6352481.5967,
327.2500,52713.7663,588.1206,122.9415,1.8039,-0.0873,5.0906,52872.0317,-6353108.4942,
327.5000,52693.0210,582.6367,120.5925,1.7845,-0.0873,5.0521,53169.4699,-6353808.9870,
327.7500,52661.9702,583.7815,120.7815,1.7826,-0.0873,4.9120,53642.4531,-6354342.8085,
328.0000,52620.2942,595.5630,125.2744,1.8110,-0.0873,4.6732,54308.3899,-6354474.6413,
328.2500,52567.9603,620.3981,135.6186,1.8783,-0.0873,4.3384,55141.7411,-6353965.4822,
328.5000,52505.8911,656.5185,152.4106,1.9836,0.0873,3.9148,56003.8676,-6352607.1905,
328.7500,52436.0678,698.4008,173.5453,2.1075,0.0873,3.4950,56730.0772,-6350554.3925,
329.0000,52361.6604,739.9219,197.2005,2.2362,-0.0873,3.1300,57111.2193,-6347864.8653,
329.2500,52286.4949,776.8832,219.8108,2.3497,0.0873,2.8023,56967.5710,-6344856.9673,
329.5000,52213.9414,806.3627,239.8427,2.4431,0.0873,2.5136,56462.5599,-6341888.6449,
329.7500,52146.9040,827.0123,256.2071,2.5143,-0.0873,2.2525,55701.3493,-6339190.1024,
330.0000,52087.5398,840.2978,267.4330,2.5589,-0.0873,2.0197,54803.1849,-6337056.1588,
330.2500,52037.3900,846.2239,273.3507,2.5786,-0.0037,1.8049,53914.1990,-6335629.6943,
330.5000,51997.3649,845.3764,274.4262,2.5768,0.0873,1.6179,53143.6775,-6334936.3059,
330.7500,51967.9237,836.8739,271.6856,2.5589,-0.0873,1.4385,52549.0918,-6334881.7357,
331.0000,51949.1336,824.7121,264.2102,2.5201,0.0873,1.2761,52156.9075,-6335612.2071,
331.2500,51940.7228,805.7682,254.0613,2.4696,-0.0873,1.1243,51965.3116,-6336847.0120,
331.5000,51942.2549,785.4651,241.0973,2.4057,0.0873,0.9964,51958.0438,-6338594.5716,
331.7500,51953.6049,765.0903,228.4836,2.3433,0.0873,0.9812,52120.9521,-6340418.9735,
332.0000,51974.8567,748.8185,217.6835,2.2900,0.0873,1.0882,52462.7923,-6342136.3739,
332.2500,52006.6365,742.8153,212.0201,2.2643,0.0873,1.3134,53026.8295,-6343339.6369,
332.5000,52049.7289,753.2008,214.8502,2.2852,0.0873,1.6527,53851.6888,-6343601.1444,
332.7500,52104.1240,783.1128,228.6613,2.3652,0.0873,2.1025,54867.5963,-6342488.9072,
333.0000,52168.3198,825.1045,251.1004,2.4883,-0.0228,2.5582,55882.3188,-6340104.2448,
333.2500,52238.8715,874.0923,279.6802,2.6376,0.0873,2.9632,56557.9507,-6336431.8024,
333.5000,52311.2410,920.9922,309.0720,2.7854,0.0873,3.3200,56677.6656,-6331999.0577,
333.7500,52380.9055,961.4604,335.6218,2.9155,0.0873,3.6361,56285.8062,-6327393.1394,
334.0000,52443.8811,993.5512,356.2649,3.0161,-0.0873,3.9265,55495.3636,-6323209.6333,
334.2500,52497.2046,1016.1549,371.6534,3.0914,-0.0873,4.1738,54586.3945,-6319685.1780,
334.5000,52538.5485,1027.9186,381.0959,3.1391,0.0873,4.4092,53717.8484,-6317122.0650,
334.7500,52566.5261,1032.2023,384.1867,3.1579,0.0873,4.6215,53040.5512,-6315763.4646,
335.0000,52580.3942,1029.8726,381.4410,3.1499,-0.0873,4.8147,52656.0813,-6315655.4444,
335.2500,52579.9796,1020.1360,375.0311,3.1238,-0.0873,4.9752,52599.7230,-6316520.3276,
335.5000,52565.2412,1011.2303,369.0328,3.0964,-0.0873,5.0183,52874.6607,-6317760.5171,
335.7500,52536.0501,1007.3927,366.1227,3.0791,-0.0873,4.9147,53492.0351,-6318993.0456,
336.0000,52492.0247,1017.0784,372.5097,3.0978,-0.0873,4.6701,54485.2785,-6319353.8813,
336.2500,52433.1059,1047.0055,394.0791,3.1750,-0.0873,4.2902,55819.3676,-6317981.9764,
336.5000,52360.7659,1095.1937,432.8593,3.3129,0.0873,3.8172,57235.0550,-6314369.5591,
336.7500,52278.3717,1154.1562,484.2189,3.4861,0.0873,3.3944,58321.7293,-6308811.3153,
337.0000,52191.2399,1226.6969,541.7494,3.6673,0.0873,3.0290,58688.6435,-6301835.2075,
337.2500,52107.0893,1337.6296,657.7759,4.0193,-0.0873,2.6975,57830.8607,-6285549.8497,
337.5000,52036.3986,1433.4374,764.2055,4.3122,0.0873,2.3852,55649.5864,-6269370.5470,
337.7500,51988.5521,1503.5416,856.9187,4.5510,-0.0873,2.0915,53362.4115,-6254870.7909,
338.0000,51970.9877,1555.2365,919.8199,4.7080,0.0873,1.8228,52020.0525,-6245116.1476,
338.2500,51988.1912,1607.5456,979.9194,4.8624,0.0873,1.8191,52659.7302,-6237186.1518,
338.5000,52041.1648,1696.2693,1076.4416,5.1110,-0.0873,2.1942,55494.2421,-6225616.0317,
338.7500,52125.5377,1839.3815,1238.5068,5.5095,0.0873,2.6376,59597.5239,-6205015.4525,
339.0000,52229.3618,2010.6867,1463.3613,6.0270,-0.0873,3.0485,62294.8490,-6172604.3028,
339.2500,52336.4026,2181.8164,1711.9989,6.5634,0.0873,3.4279,62302.2176,-6132529.8073,
339.5000,52429.4113,2336.8822,1947.9384,7.0440,-0.0873,3.7766,59083.9733,-6090096.0267,
339.7500,52492.4122,2457.2790,2160.2263,7.4509,0.0873,4.0958,54963.8276,-6050251.7503,
340.0000,52512.1585,2548.7369,2318.5672,7.7334,-0.0873,4.3864,52534.2372,-6021566.1030,
340.2500,52480.1708,2646.6276,2497.1649,8.0149,-0.0873,4.3054,54652.6188,-5996191.8181,
340.5000,52396.2527,2818.3417,2826.3498,8.4871,0.0873,3.7932,61496.5120,-5954013.3135,
340.7500,52274.2335,3041.7701,3374.1609,9.2054,-0.0873,3.3177,68772.3188,-5879642.4568,
341.0000,52142.5026,3038.4606,3479.7605,9.2712,0.0873,2.8911,69030.1872,-5871413.0481,
341.2500,52010.4179,3035.1038,3525.3445,9.2546,0.0873,2.5127,68981.0886,-5872746.2040,
341.5000,51877.9820,3031.6991,3571.4789,9.2379,0.0873,2.1772,68931.0684,-5874094.4297,
341.7500,51745.1974,3028.2460,3618.1664,9.2210,0.0873,1.8795,68880.1123,-5875457.8461,
342.0000,51612.0667,3024.7438,3665.4097,9.2040,0.0873,1.6156,68828.2058,-5876836.5728,
342.2500,51478.5925,3021.1920,3713.2111,9.1868,0.0873,1.3814,68775.3346,-5878230.7279,
342.5000,51344.7775,3017.5899,3761.5730,9.1695,0.0873,1.1738,68721.4838,-5879640.4276,
342.7500,51210.6245,3013.9370,3810.4975,9.1521,0.0873,0.9896,68666.6389,-5881065.7869,
343.0000,51076.1363,3010.2326,3859.9866,9.1345,0.0873,0.8263,68610.7850,-5882506.9186,
343.2500,50941.3157,3006.4622,3940.0924,9.1183,0.0873,0.6814,68553.8066,-5883966.5037,
343.5000,50806.1668,3002.6164,3996.5708,9.1067,0.0873,0.5529,68495.4058,-5885451.8291,
343.7500,50670.6931,2998.7108,4053.8542,9.0948,0.0873,0.4389,68435.8617,-5886955.4312,
344.0000,50534.8976,2994.7446,4111.9494,9.0829,0.0873,0.3379,68375.1549,-5888477.4893,
344.2500,50398.7839,2990.7169,4170.8630,9.0707,0.0873,0.2482,68313.2660,-5890018.1812,
344.5000,50262.3551,2986.6269,4230.6013,9.0583,0.0873,0.1687,68250.1754,-5891577.6832,
344.7500,50125.6148,2982.4735,4291.1704,9.0458,0.0873,0.0982,68185.8633,-5893156.1698,
345.0000,49988.5665,2978.2560,4352.5764,9.0330,0.0873,0.0357,68120.3097,-5894753.8138,
345.2500,49851.2136,2973.9735,4414.8248,9.0201,0.0873,-0.0198,68053.4946,-5896370.7861,
345.5000,49713.5598,2969.6249,4477.9212,9.0069,0.0873,-0.0690,67985.3976,-5898007.2551,
345.7500,49575.6088,2965.2095,4541.8706,8.9936,0.0873,-0.1126,67915.9984,-5899663.3871,
346.0000,49437.3642,2960.7262,4606.6780,8.9800,0.0873,-0.1513,67845.2765,-5901339.3455,
346.2500,49298.8300,2956.1742,4672.3479,8.9663,0.0873,-0.1857,67773.2114,-5903035.2912,
346.5000,49160.0100,2951.5526,4738.8845,8.9523,0.0873,-0.2161,67699.7823,-5904751.3820,
346.7500,49020.9080,2946.8603,4806.2919,8.9381,0.0873,-0.2431,67624.9683,-5906487.7725,
347.0000,48881.5282,2942.0965,4874.5734,8.9237,0.0873,-0.2671,67548.7486,-5908244.6139,
347.2500,48741.8745,2937.2602,4943.7324,8.9091,0.0873,-0.2883,67471.1023,-5910022.0537,
347.5000,48601.9511,2932.3505,5013.7715,8.8942,0.0873,-0.3071,67392.0082,-5911820.2357,
347.7500,48461.7622,2927.3664,5084.6933,8.8792,0.0873,-0.3238,67311.4454,-5913639.2995,
348.0000,48321.3121,2922.3070,5156.4995,8.8639,0.0873,-0.3387,67229.3927,-5915479.3803,
348.2500,48180.6052,2917.1713,5229.1917,8.8484,0.0873,-0.3518,67145.8290,-5917340.6089,
348.5000,48039.6458,2911.9584,5302.7708,8.8326,0.0873,-0.3635,67060.7331,-5919223.1111,
348.7500,47898.4384,2906.6673,5377.2375,8.8166,0.0873,-0.3738,66974.0840,-5921127.0077,
349.0000,47756.9876,2901.2971,5452.5917,8.8004,0.0873,-0.3830,66885.8604,-5923052.4141,
349.2500,47615.2980,2895.8468,5528.8329,8.7839,0.0873,-0.3911,66796.0414,-5924999.4403,
349.5000,47473.3743,2890.3155,5605.9599,8.7672,0.0873,-0.3983,66704.6058,-5926968.1901,
349.7500,47331.2214,2884.7021,5683.9711,8.7502,0.0873,-0.4047,66611.5328,-5928958.7614,
350.0000,47188.8440,2879.0058,5762.8641,8.7330,0.0873,-0.4104,66516.8015,-5930971.2455,
350.2500,47046.2471,2873.2257,5842.6362,8.7155,0.0873,-0.4154,66420.3912,-5933005.7272,
350.5000,46903.4375,2867.2474,6090.7665,8.7006,0.0873,-0.4199,66321.0861,-5935087.2918,
350.7500,46760.4270,2861.1087,6182.5335,8.6885,0.0873,-0.4238,66218.3772,-5937225.9761,
351.0000,46617.2218,2854.8721,6275.5517,8.6760,0.0873,-0.4273,66113.7535,-5939390.1218,
351.2500,46473.8279,2848.5362,6369.8232,8.6633,0.0873,-0.4305,66007.1882,-5941579.8781,
351.5000,46330.2512,2842.0995,6465.3492,8.6503,0.0873,-0.4332,65898.6548,-5943795.3859,
351.7500,46186.4976,2835.5609,6562.1302,8.6369,0.0873,-0.4357,65788.1267,-5946036.7778,
352.0000,46042.5735,2828.9188,6660.1654,8.6232,0.0873,-0.4378,65675.5774,-5948304.1773,
352.2500,45898.4849,2822.1720,6759.4534,8.6092,0.0873,-0.4398,65560.9809,-5950597.6984,
352.5000,45754.2383,2815.3191,6859.9913,8.5949,0.0873,-0.4415,65444.3111,-5952917.4453,
352.7500,45609.8401,2808.3588,6961.7755,8.5802,0.0873,-0.4430,65325.5424,-5955263.5117,
353.0000,45465.2969,2801.2898,7064.8009,8.5652,0.0873,-0.4443,65204.6494,-5957635.9803,
353.2500,45320.6153,2794.1106,7169.0615,8.5498,0.0873,-0.4455,65081.6068,-5960034.9227,
353.5000,45175.8022,2786.8201,7274.5498,8.5341,0.0873,-0.4466,64956.3901,-5962460.3981,
353.7500,45030.8645,2779.4168,7381.2571,8.5180,0.0873,-0.4475,64828.9748,-5964912.4536,
354.0000,44885.8091,2771.8995,7489.1734,8.5015,0.0873,-0.4484,64699.3370,-5967391.1232,
354.2500,44740.6432,2764.2668,7598.2871,8.4847,0.0873,-0.4491,64567.4533,-5969896.4275,
354.5000,44595.3740,2756.5176,7708.5853,8.4675,0.0873,-0.4497,64433.3007,-5972428.3729,
354.7500,44450.0088,2748.6505,7820.0535,8.4500,0.0873,-0.4503,64296.8569,-5974986.9513,
355.0000,44304.5551,2740.6643,7932.6756,8.4320,0.0873,-0.4508,64158.1002,-5977572.1395,
355.2500,44159.0204,2732.5577,8046.4340,8.4137,0.0873,-0.4513,64017.0093,-5980183.8986,
355.5000,44013.4125,2724.3296,8161.3093,8.3950,0.0873,-0.4517,63873.5639,-5982822.1735,
355.7500,43867.7390,2715.9787,8277.2805,8.3758,0.0873,-0.4521,63727.7442,-5985486.8925,
356.0000,43722.0078,2707.5039,8394.3245,8.3563,0.0873,-0.4524,63579.5314,-5988177.9663,
356.2500,43576.2271,2698.9041,8512.4168,8.3364,0.0873,-0.4527,63428.9073,-5990895.2882,
356.5000,43430.4049,2690.1781,8631.5307,8.3160,0.0873,-0.4529,63275.8548,-5993638.7328,
356.7500,43284.5493,2681.3249,8751.6376,8.2952,0.0873,-0.4531,63120.3575,-5996408.1561,
357.0000,43138.6688,2672.3433,8872.7071,8.2740,0.0873,-0.4533,62962.4001,-5999203.3945,
357.2500,42992.7718,2663.2325,8994.7066,8.2524,0.0873,-0.4535,62801.9684,-6002024.2645,
357.5000,42846.8668,2653.9913,9117.6015,8.2304,0.0873,-0.4537,62639.0492,-6004870.5624,
357.7500,42700.9624,2644.6190,9241.3549,8.2079,0.0873,-0.4538,62473.6303,-6007742.0636,
358.0000,42555.0675,2635.1145,9365.9281,8.1849,0.0873,-0.4539,62305.7010,-6010638.5219,
358.2500,42409.1909,2625.4770,9491.2799,8.1616,0.0873,-0.4540,62135.2515,-6013559.6696,
358.5000,42263.3416,2615.7057,9617.3670,8.1377,0.0873,-0.4541,61962.2734,-6016505.2168,
358.7500,42117.5286,2605.7998,9744.1437,8.1135,0.0873,-0.4542,61786.7597,-6019474.8506,
359.0000,41971.7611,2595.7586,9871.5622,8.0887,0.0873,-0.4543,61608.7048,-6022468.2354,
359.2500,41826.0483,2585.5815,9999.5723,8.0635,0.0873,-0.4544,61428.1045,-6025485.0123,
359.5000,41680.3997,2575.2678,10128.1215,8.0379,0.0873,-0.4544,61244.9559,-6028524.7983,
359.7500,41534.8246,2564.8169,10257.1548,8.0118,0.0873,-0.4545,61059.2579,-6031587.1866,
360.0000,41389.3327,2554.2285,10386.6150,7.9852,0.0873,-0.4545,60871.0109,-6034671.7461,
360.2500,41243.9335,2543.5020,10516.4424,7.9581,0.0873,-0.4546,60680.2169,-6037778.0211,
360.5000,41098.6367,2532.6372,10646.5750,7.9306,0.0873,-0.4546,60486.8796,-6040905.5312,
360.7500,40953.4523,2521.6336,10776.9484,7.9026,0.0873,-0.4546,60291.0044,-6044053.7709,
361.0000,40808.3900,2510.4911,10907.4958,7.8741,0.0873,-0.4547,60092.5985,-6047222.2099,
361.2500,40663.4598,2499.2095,11038.1481,7.8451,0.0873,-0.4547,59891.6708,-6050410.2924,
361.5000,40518.6717,2487.7887,11168.8338,7.8156,0.0873,-0.4547,59688.2322,-6053617.4376,
361.7500,40374.0360,2476.2288,11299.4791,7.7857,0.0873,-0.4547,59482.2955,-6056843.0396,
362.0000,40229.5626,2464.5297,11430.0079,7.7552,0.0873,-0.4547,59273.8752,-6060086.4672,
362.2500,40085.2619,2452.6917,11560.3420,7.7243,0.0873,-0.4548,59062.9880,-6063347.0641,
362.5000,39941.1441,2440.7150,11690.4007,7.6929,0.0873,-0.4548,58849.6524,-6066624.1493,
362.7500,39797.2197,2428.5999,11820.1016,7.6610,0.0873,-0.4548,58633.8891,-6069917.0168,
363.0000,39653.4989,2416.3469,11949.3599,7.6286,0.0873,-0.4548,58415.7206,-6073224.9364,
363.2500,39509.9923,2403.9564,12078.0887,7.5957,0.0873,-0.4548,58195.1716,-6076547.1538,
363.5000,39366.7103,2391.4290,12206.1995,7.5623,0.0873,-0.4548,57972.2689,-6079882.8906,
363.7500,39223.6635,2378.7655,12333.6017,7.5284,0.0873,-0.4548,57747.0414,-6083231.3455,
364.0000,39080.8624,2365.9665,12460.2031,7.4941,0.0873,-0.4548,57519.5200,-6086591.6940,
364.2500,38938.3175,2353.0331,12585.9096,7.4592,0.0873,-0.4548,57289.7378,-6089963.0895,
364.5000,38796.0395,2339.9662,12710.6258,7.4239,0.0873,-0.4548,57057.7298,-6093344.6636,
364.7500,38654.0390,2326.7668,12834.2547,7.3881,0.0873,-0.4548,56823.5335,-6096735.5270,
365.0000,38512.3266,2313.4361,12956.6981,7.3518,0.0873,-0.4548,56587.1883,-6100134.7701,
365.2500,38370.9129,2299.9755,13077.8565,7.3150,0.0873,-0.4549,56348.7355,-6103541.4636,
365.5000,38229.8085,2286.3863,13197.6295,7.2778,0.0873,-0.4549,56108.2187,-6106954.6599,
365.7500,38089.0241,2272.6701,13315.9156,7.2401,0.0873,-0.4549,55865.6837,-6110373.3934,
366.0000,37948.5702,2258.8284,13432.6126,7.2019,0.0873,-0.4549,55621.1780,-6113796.6818,
366.2500,37808.4575,2244.8629,13547.6180,7.1632,0.0873,-0.4549,55374.7514,-6117223.5271,
366.5000,37668.6964,2230.7754,13660.8284,7.1241,0.0873,-0.4549,55126.4555,-6120652.9168,
366.7500,37529.2975,2216.5680,13772.1405,7.0845,0.0873,-0.4549,54876.3439,-6124083.8246,
367.0000,37390.2712,2202.2425,13881.4508,7.0445,0.0873,-0.4549,54624.4721,-6127515.2122,
367.2500,37251.6280,2187.8011,13988.6560,7.0040,0.0873,-0.4549,54370.8975,-6130946.0300,
367.5000,37113.3782,2173.2461,14093.6529,6.9631,0.0873,-0.4549,54115.6793,-6134375.2189,
367.7500,36975.5321,2158.5798,14196.3390,6.9217,0.0873,-0.4549,53858.8783,-6137801.7111,
368.0000,36838.1000,2143.8046,14296.6123,6.8799,0.0873,-0.4549,53600.5571,-6141224.4320,
368.2500,36701.0919,2128.9232,14394.3718,6.8377,0.0873,-0.4549,53340.7799,-6144642.3012,
368.5000,36564.5181,2113.9380,14489.5176,6.7951,0.0873,-0.4549,53079.6125,-6148054.2343,
368.7500,36428.3884,2098.8519,14581.9510,6.7521,0.0873,-0.4549,52817.1222,-6151459.1440,
369.0000,36292.7128,2083.6677,14671.5748,6.7086,0.0873,-0.4549,52553.3774,-6154855.9420,
369.2500,36157.5010,2068.3884,14758.2936,6.6648,0.0873,-0.4549,52288.4482,-6158243.5405,
369.5000,36022.7627,2053.0169,14842.0139,6.6206,0.0873,-0.4549,52022.4056,-6161620.8534,
369.7500,35888.5075,2037.5564,14922.6440,6.5761,0.0873,-0.4549,51755.3221,-6164986.7983,
370.0000,35754.7448,2022.0101,15000.0949,6.5311,0.0873,-0.4549,51487.2708,-6168340.2977,
370.2500,35621.4839,2006.3813,15074.2798,6.4858,0.0873,-0.4549,51218.3261,-6171680.2809,
370.5000,35488.7339,1990.6734,15145.1148,6.4402,0.0873,-0.4549,50948.5630,-6175005.6855,
370.7500,35356.5039,1974.8897,15212.5187,6.3942,0.0873,-0.4549,50678.0575,-6178315.4589,
371.0000,35224.8028,1959.0338,15276.4135,6.3480,0.0873,-0.4549,50406.8860,-6181608.5600,
371.2500,35093.6392,1943.1094,15336.7243,6.3014,0.0873,-0.4549,50135.1255,-6184883.9605,
371.5000,34963.0217,1927.1200,15393.3798,6.2544,0.0873,-0.4549,49862.8534,-6188140.6469,
371.7500,34832.9587,1911.0693,15446.3121,6.2073,0.0873,-0.4549,49590.1476,-6191377.6214,
372.0000,34703.4585,1894.9612,15495.4571,6.1598,0.0873,-0.4549,49317.0859,-6194593.9039,
372.2500,34574.5289,1878.7994,15540.7545,6.1120,0.0873,-0.4549,49043.7464,-6197788.5332,
372.5000,34446.1780,1862.5879,15582.1481,6.0641,0.0873,-0.4549,48770.2072,-6200960.5684,
372.7500,34318.4133,1846.3305,15619.5859,6.0158,0.0873,-0.4549,48496.5460,-6204109.0904,
373.0000,34191.2423,1830.0312,15653.0199,5.9674,0.0873,-0.4549,48222.8405,-6207233.2031,
373.2500,34064.6724,1813.6940,15682.4066,5.9187,0.0873,-0.4549,47949.1680,-6210332.0344,
373.5000,33938.7104,1797.3228,15707.7070,5.8698,0.0873,-0.4549,47675.6053,-6213404.7381,
373.7500,33813.3634,1780.9218,15728.8864,5.8207,0.0873,-0.4549,47402.2287,-6216450.4941,
374.0000,33688.6379,1764.4949,15745.9150,5.7714,0.0873,-0.4549,47129.1136,-6219468.5104,
374.2500,33564.5405,1748.0462,15758.7674,5.7220,0.0873,-0.4549,46856.3348,-6222458.0232,
374.5000,33441.0772,1731.5798,15767.4229,5.6724,0.0873,-0.4549,46583.9663,-6225418.2985,
374.7500,33318.2542,1715.0998,15771.8656,5.6227,0.0873,-0.4549,46312.0809,-6228348.6327,
375.0000,33196.0773,1698.6101,15772.0842,5.5729,0.0873,-0.4549,46040.7504,-6231248.3532,
375.2500,33074.5519,1682.1149,15768.0722,5.5229,0.0873,-0.4549,45770.0454,-6234116.8195,
375.5000,32953.6834,1665.6182,15759.8279,5.4729,0.0873,-0.4549,45500.0353,-6236953.4234,
375.7500,32833.4770,1649.1240,15747.3540,5.4227,0.0873,-0.4549,45230.7880,-6239757.5897,
376.0000,32713.9375,1632.6362,15730.6581,5.3725,0.0873,-0.4549,44962.3702,-6242528.7766,
376.2500,32595.0696,1616.1589,15709.7522,5.3222,0.0873,-0.4549,44694.8470,-6245266.4760,
376.5000,32476.8778,1599.6959,15684.6531,5.2719,0.0873,-0.4549,44428.2817,-6247970.2141,
376.7500,32359.3661,1583.2512,15655.3818,5.2216,0.0873,-0.4549,44162.7363,-6250639.5512,
377.0000,32242.5387,1566.8285,15621.9638,5.1712,0.0873,-0.4549,43898.2708,-6253274.0818,
377.2500,32126.3993,1550.4316,15584.4287,5.1208,0.0873,-0.4549,43634.9437,-6255873.4349,
377.5000,32010.9514,1534.0643,15542.8106,5.0704,0.0873,-0.4549,43372.8113,-6258437.2738,
377.7500,31896.2078,1517.4747,15730.7037,5.0178,0.0873,-0.4549,43108.8235,-6260995.3625,
378.0000,31782.1811,1500.9349,15659.6112,4.9644,0.0873,-0.4549,42845.5461,-6263522.8290,
378.2500,31668.8728,1484.4571,15584.8051,4.9112,0.0873,-0.4549,42584.0116,-6266009.9545,
378.5000,31556.2839,1468.0447,15506.3622,4.8582,0.0873,-0.4549,42324.2575,-6268456.7063,
378.7500,31444.4152,1451.7006,15424.3618,4.8053,0.0873,-0.4549,42066.3189,-6270863.0849,
379.0000,31333.2676,1435.4277,15338.8852,4.7527,0.0873,-0.4549,41810.2289,-6273229.1229,
379.2500,31222.8414,1419.2289,15250.0160,4.7003,0.0873,-0.4549,41556.0181,-6275554.8844,
379.5000,31113.1370,1403.1070,15157.8393,4.6481,0.0873,-0.4549,41303.7149,-6277840.4634,
379.7500,31004.1545,1387.0645,15062.4420,4.5961,0.0873,-0.4549,41053.3457,-6280085.9830,
380.0000,30895.8939,1371.1040,14963.9125,4.5444,0.0873,-0.4549,40804.9345,-6282291.5945,
380.2500,30788.3549,1355.2280,14862.3405,4.4929,0.0873,-0.4549,40558.5034,-6284457.4757,
380.5000,30681.5372,1339.4386,14757.8165,4.4416,0.0873,-0.4549,40314.0723,-6286583.8302,
380.7500,30575.4402,1323.7381,14650.4323,4.3907,0.0873,-0.4549,40071.6590,-6288670.8858,
381.0000,30470.0632,1308.1287,14540.2803,4.3400,0.0873,-0.4549,39831.2795,-6290718.8937,
381.2500,30365.4053,1292.6123,14427.4535,4.2895,0.0873,-0.4549,39592.9477,-6292728.1271,
381.5000,30261.4657,1277.1907,14312.0454,4.2394,0.0873,-0.4549,39356.6758,-6294698.8801,
381.7500,30158.2431,1261.8658,14194.1498,4.1895,0.0873,-0.4549,39122.4742,-6296631.4662,
382.0000,30055.7363,1246.6393,14073.8606,4.1400,0.0873,-0.4549,38890.3513,-6298526.2174,
382.2500,29953.9439,1231.5126,13951.2718,4.0907,0.0873,-0.4549,38660.3141,-6300383.4831,
382.5000,29852.8645,1216.4875,13826.4774,4.0418,0.0873,-0.4549,38432.3679,-6302203.6284,
382.7500,29752.4965,1201.5651,13699.5712,3.9931,0.0873,-0.4549,38206.5162,-6303987.0334,
383.0000,29652.8381,1186.7468,13570.6465,3.9448,0.0873,-0.4549,37982.7615,-6305734.0921,
383.2500,29553.8875,1172.0338,13439.7965,3.8968,0.0873,-0.4549,37761.1044,-6307445.2110,
383.5000,29455.6428,1157.4273,13307.1137,3.8491,0.0873,-0.4549,37541.5444,-6309120.8079,
383.7500,29358.1020,1142.9282,13172.6901,3.8018,0.0873,-0.4549,37324.0798,-6310761.3113,
384.0000,29261.2631,1128.5375,13036.6171,3.7548,0.0873,-0.4549,37108.7073,-6312367.1591,
384.2500,29165.1238,1114.2562,12898.9854,3.7081,0.0873,-0.4549,36895.4229,-6313938.7974,
384.5000,29069.6820,1100.0848,12759.8848,3.6617,0.0873,-0.4549,36684.2213,-6315476.6797,
384.7500,28974.9354,1086.0243,12619.4045,3.6158,0.0873,-0.4549,36475.0962,-6316981.2663,
385.0000,28880.8815,1072.0752,12477.6325,3.5701,0.0873,-0.4549,36268.0404,-6318453.0226,
385.2500,28787.5180,1058.2380,12334.6563,3.5248,0.0873,-0.4549,36063.0458,-6319892.4189,
385.5000,28694.8424,1044.5135,12190.5621,3.4798,0.0873,-0.4549,35860.1034,-6321299.9294,
385.7500,28602.8521,1030.9019,12045.4352,3.4352,0.0873,-0.4549,35659.2037,-6322676.0313,
386.0000,28511.5446,1017.4037,11899.3601,3.3910,0.0873,-0.4549,35460.3364,-6324021.2040,
386.2500,28420.9172,1004.0192,11752.4199,3.3471,0.0873,-0.4549,35263.4904,-6325335.9285,
386.5000,28330.9673,990.7487,11604.6971,3.3036,0.0873,-0.4549,35068.6543,-6326620.6867,
386.7500,28241.6922,977.5926,11456.2728,3.2604,0.0873,-0.4549,34875.8160,-6327875.9609,
387.0000,28153.0890,964.5508,11307.2273,3.2176,0.0873,-0.4549,34684.9632,-6329102.2328,
387.2500,28065.1551,951.6238,11157.6395,3.1751,0.0873,-0.4549,34496.0831,-6330299.9833,
387.5000,27977.8877,938.8115,11007.5876,3.1330,0.0873,-0.4549,34309.1623,-6331469.6918,
387.7500,27891.2839,926.1140,10857.1484,3.0913,0.0873,-0.4549,34124.1876,-6332611.8358,
388.0000,27805.3409,913.5315,10706.3980,3.0499,0.0873,-0.4549,33941.1453,-6333726.8905,
388.2500,27720.0557,901.0639,10555.4111,3.0089,0.0873,-0.4549,33760.0214,-6334815.3281,
388.5000,27635.4256,888.7113,10404.2614,2.9682,0.0873,-0.4549,33580.8020,-6335877.6178,
388.7500,27551.4475,876.4736,10253.0218,2.9279,0.0873,-0.4549,33403.4730,-6336914.2250,
389.0000,27468.1186,864.3509,10101.7638,2.8880,0.0873,-0.4549,33228.0201,-6337925.6117,
389.2500,27385.4358,852.3430,9950.5581,2.8484,0.0873,-0.4549,33054.4293,-6338912.2353,
389.5000,27303.3962,840.4500,9799.4742,2.8093,0.0873,-0.4549,32882.6864,-6339874.5491,
389.7500,27221.9968,828.6717,9648.5806,2.7704,0.0873,-0.4549,32712.7771,-6340813.0018,
390.0000,27141.2346,817.0080,9497.9448,2.7320,0.0873,-0.4549,32544.6875,-6341728.0372,
390.2500,27061.1065,805.4589,9347.6333,2.6939,0.0873,-0.4549,32378.4036,-6342620.0942,
390.5000,26981.6095,794.0243,9197.7114,2.6561,0.0873,-0.4549,32213.9115,-6343489.6067,
390.7500,26902.7405,782.7041,9048.2435,2.6187,0.0873,-0.4549,32051.1976,-6344337.0031,
391.0000,26824.4965,771.4982,8899.2929,2.5817,0.0873,-0.4549,31890.2483,-6345162.7069,
391.2500,26746.8742,760.4064,8750.9218,2.5451,0.0873,-0.4549,31731.0504,-6345967.1360,
391.5000,26669.8707,749.4288,8603.1914,2.5088,0.0873,-0.4549,31573.5906,-6346750.7030,
391.7500,26593.4826,738.5651,8456.1618,2.4729,0.0873,-0.4549,31417.8560,-6347513.8149,
392.0000,26517.7069,727.8154,8309.8919,2.4373,0.0873,-0.4549,31263.8339,-6348256.8734,
392.2500,26442.5403,717.1795,8164.4397,2.4022,0.0873,-0.4549,31111.5119,-6348980.2747,
392.5000,26367.9795,706.6573,8019.8619,2.3673,0.0873,-0.4549,30960.8776,-6349684.4096,
392.7500,26294.0214,696.2489,7876.2140,2.3329,0.0873,-0.4549,30811.9190,-6350369.6635,
393.0000,26220.6626,685.9541,7733.5505,2.2988,0.0873,-0.4549,30664.6244,-6351036.4164,
393.2500,26147.8997,675.7728,7591.9246,2.2651,0.0873,-0.4549,30518.9821,-6351685.0431,
393.5000,26075.7294,665.7051,7451.3880,2.2317,0.0873,-0.4549,30374.9808,-6352315.9131,
393.7500,26004.1483,655.7509,7311.9916,2.1987,0.0873,-0.4549,30232.6095,-6352929.3906,
394.0000,25933.1530,645.9101,7173.7847,2.1661,0.0873,-0.4549,30091.8571,-6353525.8351,
394.2500,25862.7398,636.1828,7036.8153,2.1338,0.0873,-0.4549,29952.7130,-6354105.6007,
394.5000,25792.9053,626.5688,6901.1299,2.1019,0.0873,-0.4549,29815.1666,-6354669.0369,
394.7500,25723.6459,617.0683,6766.7737,2.0704,0.0873,-0.4549,29679.2076,-6355216.4880,
395.0000,25654.9579,607.6811,6633.7905,2.0393,0.0873,-0.4549,29544.8258,-6355748.2941,
395.2500,25586.8377,598.4074,6502.2225,2.0085,0.0873,-0.4549,29412.0111,-6356264.7901,
395.5000,25519.2815,589.2470,6372.1102,1.9780,0.0873,-0.4549,29280.7536,-6356766.3069,
395.7500,25452.2855,580.2000,6243.4928,1.9480,0.0873,-0.4549,29151.0435,-6357253.1704,
396.0000,25385.8458,571.2663,6116.4076,1.9183,0.0873,-0.4549,29022.8710,-6357725.7026,
396.2500,25319.9585,562.4461,5990.8904,1.8890,0.0873,-0.4549,28896.2265,-6358184.2210,
396.5000,25254.6196,553.7392,5866.9752,1.8600,0.0873,-0.4549,28771.1003,-6358629.0390,
396.7500,25189.8251,545.1456,5744.6943,1.8314,0.0873,-0.4549,28647.4828,-6359060.4657,
397.0000,25125.5708,536.6655,5624.0780,1.8032,0.0873,-0.4549,28525.3644,-6359478.8063,
397.2500,25061.8526,528.2986,5505.1552,1.7754,0.0873,-0.4549,28404.7354,-6359884.3620,
397.5000,24998.6662,520.0450,5387.9524,1.7479,0.0873,-0.4549,28285.5862,-6360277.4302,
397.7500,24936.0072,511.9046,5272.4947,1.7208,0.0873,-0.4549,28167.9070,-6360658.3043,
398.0000,24873.8713,503.8774,5158.8050,1.6941,0.0873,-0.4549,28051.6879,-6361027.2737,
398.2500,24812.2541,495.9633,5046.9043,1.6677,0.0873,-0.4549,27936.9190,-6361384.6245,
398.5000,24751.1509,488.1623,4936.8117,1.6417,0.0873,-0.4549,27823.5901,-6361730.6387,
398.7500,24690.5571,480.4741,4828.5444,1.6161,0.0873,-0.4549,27711.6911,-6362065.5947,
399.0000,24630.4682,472.8987,4722.1173,1.5908,0.0873,-0.4549,27601.2115,-6362389.7673,
399.2500,24570.8793,465.4359,4617.5438,1.5659,0.0873,-0.4549,27492.1407,-6362703.4273,
399.5000,24511.7856,458.0855,4514.8350,1.5414,0.0873,-0.4549,27384.4679,-6363006.8422,
399.7500,24453.1822,450.8474,4413.9999,1.5172,0.0873,-0.4549,27278.1819,-6363300.2758,
400.0000,24395.0642,443.7212,4315.0460,1.4935,0.0873,-0.4549,27173.2715,-6363583.9879,
400.2500,24337.4265,436.7068,4217.9783,1.4700,0.0873,-0.4549,27069.7253,-6363858.2350,
400.5000,24280.2641,429.8039,4122.8002,1.4470,0.0873,-0.4549,26967.5312,-6364123.2698,
400.7500,24223.5717,423.0120,4029.5132,1.4243,0.0873,-0.4549,26866.6773,-6364379.3411,
401.0000,24167.3441,416.3310,3938.1166,1.4020,0.0873,-0.4549,26767.1513,-6364626.6942,
401.2500,24111.5762,409.7602,3848.6082,1.3800,0.0873,-0.4549,26668.9403,-6364865.5705,
401.5000,24056.2624,403.2995,3760.9839,1.3584,0.0873,-0.4549,26572.0316,-6365096.2076,
401.7500,24001.3975,396.9482,3675.2377,1.3372,0.0873,-0.4549,26476.4118,-6365318.8393,
402.0000,23946.9760,390.7059,3591.3619,1.3163,0.0873,-0.4549,26382.0675,-6365533.6956,
402.2500,23892.9923,384.5720,3509.3472,1.2958,0.0873,-0.4549,26288.9847,-6365741.0025,
402.5000,23839.4410,378.5461,3429.1828,1.2757,0.0873,-0.4549,26197.1493,-6365940.9821,
402.7500,23786.3165,372.6273,3350.8561,1.2559,0.0873,-0.4549,26106.5469,-6366133.8525,
403.0000,23733.6131,366.8152,3274.3531,1.2364,0.0873,-0.4549,26017.1629,-6366319.8279,
403.2500,23681.3252,361.1091,3199.6584,1.2173,0.0873,-0.4549,25928.9821,-6366499.1183,
403.5000,23629.4471,355.5081,3126.7552,1.1986,0.0873,-0.4549,25841.9894,-6366671.9297,
403.7500,23577.9730,350.0116,3055.6255,1.1802,0.0873,-0.4549,25756.1692,-6366838.4641,
404.0000,23526.8973,344.6187,2986.2499,1.1621,0.0873,-0.4549,25671.5057,-6366998.9191,
404.2500,23476.2141,339.3286,2918.6080,1.1444,0.0873,-0.4549,25587.9830,-6367153.4885,
404.5000,23425.9177,334.1405,2852.6783,1.1270,0.0873,-0.4549,25505.5847,-6367302.3616,
404.7500,23376.0023,329.0534,2788.4381,1.1099,0.0873,-0.4549,25424.2945,-6367445.7236,
405.0000,23326.4621,324.0664,2725.8641,1.0932,0.0873,-0.4549,25344.0957,-6367583.7556,
405.2500,23277.2913,319.1786,2664.9319,1.0768,0.0873,-0.4549,25264.9715,-6367716.6344,
405.5000,23228.4842,314.3888,2605.6164,1.0608,0.0873,-0.4549,25186.9048,-6367844.5326,
405.7500,23180.0338,309.7367,2548.1422,1.0451,0.0873,-0.4549,25110.0672,-6367967.3203,
406.0000,23131.9108,305.4330,2495.8739,1.0305,0.0873,-0.4549,25036.9917,-6368081.2075,
406.2500,23084.0680,301.4722,2449.2548,1.0171,0.0873,-0.4549,24968.0084,-6368186.0313,
406.5000,23036.4629,297.8175,2407.6120,1.0047,0.0873,-0.4549,24902.6049,-6368282.9188,
406.7500,22989.0575,294.4377,2370.3788,0.9932,0.0873,-0.4549,24840.3474,-6368372.8174,
407.0000,22941.8180,291.3054,2337.0749,0.9826,0.0873,-0.4549,24780.8662,-6368456.5299,
407.2500,22894.7138,288.3970,2307.2903,0.9728,0.0873,-0.4549,24723.8439,-6368534.7406,
407.5000,22847.7178,285.6918,2280.6726,0.9637,0.0873,-0.4549,24669.0061,-6368608.0367,
407.7500,22800.8053,283.1716,2256.9175,0.9552,0.0873,-0.4549,24616.1141,-6368676.9249,
408.0000,22753.9540,280.8203,2235.7605,0.9472,0.0873,-0.4549,24564.9591,-6368741.8447,
408.2500,22707.1439,278.6235,2216.9706,0.9398,0.0873,-0.4549,24515.3575,-6368803.1793,
408.5000,22660.3567,276.5686,2200.3453,0.9329,0.0873,-0.4549,24467.1471,-6368861.2639,
408.7500,22613.5758,274.6441,2185.7060,0.9264,0.0873,-0.4549,24420.1837,-6368916.3936,
409.0000,22566.7863,272.8399,2172.8946,0.9204,0.0873,-0.4549,24374.3388,-6368968.8286,
409.2500,22519.9744,271.1465,2161.7707,0.9147,0.0873,-0.4549,24329.4972,-6369018.7996,
409.5000,22473.1277,269.5558,2152.2092,0.9094,0.0873,-0.4549,24285.5554,-6369066.5117,
409.7500,22426.2349,268.0602,2144.0978,0.9044,0.0873,-0.4549,24242.4197,-6369112.1476,
410.0000,22379.2858,266.6527,2137.3359,0.8997,0.0873,-0.4549,24200.0056,-6369155.8709,
410.2500,22332.2708,265.3270,2131.8328,0.8952,0.0873,-0.4549,24158.2360,-6369197.8284,
410.5000,22285.1817,264.0774,2127.5066,0.8911,0.0873,-0.4549,24117.0407,-6369238.1518,
410.7500,22238.0106,262.8986,2124.2829,0.8872,0.0873,-0.4549,24076.3555,-6369276.9602,
411.0000,22190.7506,261.7858,2122.0941,0.8835,0.0873,-0.4549,24036.1215,-6369314.3611,
411.2500,22143.3952,260.7345,2120.8787,0.8800,0.0873,-0.4549,23996.2847,-6369350.4516,
411.5000,22095.9390,259.7406,2120.5804,0.8767,0.0873,-0.4549,23956.7950,-6369385.3202,
411.7500,22048.3766,258.8002,2121.1477,0.8736,0.0873,-0.4549,23917.6065,-6369419.0470,
412.0000,22000.7034,257.9099,2122.5333,0.8706,0.0873,-0.4549,23878.6766,-6369451.7052,
412.2500,21952.9155,257.0663,2124.6936,0.8678,0.0873,-0.4549,23839.9656,-6369483.3614,
412.5000,21905.0090,256.2664,2127.5884,0.8652,0.0873,-0.4549,23801.4368,-6369514.0766,
412.7500,21856.9808,255.5074,2131.1806,0.8627,0.0873,-0.4549,23763.0560,-6369543.9064,
413.0000,21808.8280,254.7866,2135.4358,0.8603,0.0873,-0.4549,23724.7915,-6369572.9021,
413.2500,21760.5482,254.1016,2140.3221,0.8581,0.0873,-0.4549,23686.6134,-6369601.1103,
413.5000,21712.1392,253.4500,2145.8099,0.8560,0.0873,-0.4549,23648.4942,-6369628.5742,
413.7500,21663.5992,252.8297,2151.8716,0.8540,0.0873,-0.4549,23610.4078,-6369655.3333,
414.0000,21614.9268,252.2387,2158.4813,0.8520,0.0873,-0.4549,23572.3299,-6369681.4241,
414.2500,21566.1207,251.6750,2165.6151,0.8502,0.0873,-0.4549,23534.2380,-6369706.8801,
414.5000,21517.1800,251.1370,2173.2505,0.8485,0.0873,-0.4549,23496.1107,-6369731.7324,
414.7500,21468.1040,250.6230,2181.3663,0.8468,0.0873,-0.4549,23457.9282,-6369756.0095,
415.0000,21418.8922,250.1313,2189.9429,0.8452,0.0873,-0.4549,23419.6718,-6369779.7378,
415.2500,21369.5444,249.6605,2198.9616,0.8437,0.0873,-0.4549,23381.3241,-6369802.9419,
415.5000,21320.0605,249.2093,2208.4050,0.8423,0.0873,-0.4549,23342.8687,-6369825.6442,
415.7500,21270.4407,248.7763,2218.2568,0.8409,0.0873,-0.4549,23304.2903,-6369847.8659,
416.0000,21220.6854,248.3603,2228.5013,0.8396,0.0873,-0.4549,23265.5747,-6369869.6264,
416.2500,21170.7950,247.9602,2239.1241,0.8383,0.0873,-0.4549,23226.7085,-6369890.9436,
416.5000,21120.7702,247.5748,2250.1114,0.8371,0.0873,-0.4549,23187.6793,-6369911.8344,
416.7500,21070.6118,247.2033,2261.4502,0.8359,0.0873,-0.4549,23148.4753,-6369932.3143,
417.0000,21020.3208,246.8445,2273.1282,0.8348,0.0873,-0.4549,23109.0859,-6369952.3978,
417.2500,20969.8982,246.4977,2285.1340,0.8337,0.0873,-0.4549,23069.5009,-6369972.0983,
417.5000,20919.3452,246.1619,2297.4564,0.8327,0.0873,-0.4549,23029.7111,-6369991.4285,
417.7500,20868.6632,245.8363,2310.0851,0.8317,0.0873,-0.4549,22989.7079,-6370010.4000,
418.0000,20817.8535,245.5203,2323.0104,0.8307,0.0873,-0.4549,22949.4833,-6370029.0238,
418.2500,20766.9176,245.2130,2336.2230,0.8297,0.0873,-0.4549,22909.0301,-6370047.3101,
418.5000,20715.8572,244.9139,2349.7140,0.8288,0.0873,-0.4549,22868.3416,-6370065.2683,
418.7500,20664.6740,244.6223,2363.4753,0.8279,0.0873,-0.4549,22827.4117,-6370082.9075,
419.0000,20613.3696,244.3376,2377.4989,0.8271,0.0873,-0.4549,22786.2349,-6370100.2359,
419.2500,20561.9459,244.0593,2391.7773,0.8262,0.0873,-0.4549,22744.8063,-6370117.2615,
419.5000,20510.4049,243.7868,2406.3037,0.8254,0.0873,-0.4549,22703.1214,-6370133.9916,
419.7500,20458.7483,243.5197,2421.0714,0.8246,0.0873,-0.4549,22661.1763,-6370150.4330,
420.0000,20406.9783,243.2575,2436.0740,0.8238,0.0873,-0.4549,22618.9675,-6370166.5925,
420.2500,20355.0969,242.9998,2451.3057,0.8230,0.0873,-0.4549,22576.4921,-6370182.4759,
420.5000,20303.1062,242.7462,2466.7610,0.8222,0.0873,-0.4549,22533.7476,-6370198.0893,
420.7500,20251.0082,242.4963,2482.4344,0.8215,0.0873,-0.4549,22490.7317,-6370213.4381,
421.0000,20198.8052,242.2498,2498.3212,0.8208,0.0873,-0.4549,22447.4428,-6370228.5274,
421.2500,20146.4994,242.0063,2514.4166,0.8200,0.0873,-0.4549,22403.8796,-6370243.3621,
421.5000,20094.0929,241.7655,2530.7162,0.8193,0.0873,-0.4549,22360.0412,-6370257.9471,
421.7500,20041.5880,241.5272,2547.2161,0.8186,0.0873,-0.4549,22315.9269,-6370272.2867,
422.0000,19988.9871,241.2873,2581.8478,0.8179,0.0873,-0.4549,22271.5262,-6370286.3884,
422.2500,19936.2946,241.0391,2597.8408,0.8170,0.0873,-0.4549,22226.5826,-6370300.3360,
422.5000,19883.5132,240.7959,2614.0746,0.8162,0.0873,-0.4549,22181.4272,-6370314.0290,
422.7500,19830.6445,240.5572,2630.5432,0.8154,0.0873,-0.4549,22136.0567,-6370327.4734,
423.0000,19777.6902,240.3227,2647.2406,0.8146,0.0873,-0.4549,22090.4684,-6370340.6747,
423.2500,19724.6519,240.0921,2664.1615,0.8138,0.0873,-0.4549,22044.6600,-6370353.6380,
423.5000,19671.5314,239.8650,2681.3009,0.8131,0.0873,-0.4549,21998.6295,-6370366.3685,
423.7500,19618.3304,239.6411,2698.6539,0.8123,0.0873,-0.4549,21952.3756,-6370378.8707,
424.0000,19565.0506,239.4201,2716.2162,0.8115,0.0873,-0.4549,21905.8971,-6370391.1492,
424.2500,19511.6939,239.2017,2733.9836,0.8108,0.0873,-0.4549,21859.1932,-6370403.2084,
424.5000,19458.2621,238.9857,2751.9523,0.8101,0.0873,-0.4549,21812.2638,-6370415.0522,
424.7500,19404.7571,238.7720,2770.1187,0.8093,0.0873,-0.4549,21765.1086,-6370426.6848,
425.0000,19351.1806,238.5601,2788.4796,0.8086,0.0873,-0.4549,21717.7280,-6370438.1098,
425.2500,19297.5345,238.3501,2807.0320,0.8079,0.0873,-0.4549,21670.1225,-6370449.3309,
425.5000,19243.8207,238.1417,2825.7729,0.8072,0.0873,-0.4549,21622.2930,-6370460.3516,
425.7500,19190.0410,237.9346,2844.6999,0.8065,0.0873,-0.4549,21574.2406,-6370471.1754,
426.0000,19136.1972,237.7289,2863.8105,0.8058,0.0873,-0.4549,21525.9665,-6370481.8055,
426.2500,19082.2913,237.5243,2883.1027,0.8051,0.0873,-0.4549,21477.4725,-6370492.2451,
426.5000,19028.3251,237.3207,2902.5744,0.8044,0.0873,-0.4549,21428.7601,-6370502.4973,
426.7500,18974.3005,237.1181,2922.2240,0.8037,0.0873,-0.4549,21379.8315,-6370512.5651,
427.0000,18920.2191,236.9162,2942.0499,0.8030,0.0873,-0.4549,21330.6888,-6370522.4514,
427.2500,18866.0830,236.7151,2962.0506,0.8024,0.0873,-0.4549,21281.3342,-6370532.1591,
427.5000,18811.8939,236.5145,2982.2250,0.8017,0.0873,-0.4549,21231.7703,-6370541.6910,
427.7500,18757.6535,236.3146,3002.5719,0.8010,0.0873,-0.4549,21181.9996,-6370551.0497,
428.0000,18703.3637,236.1151,3023.0905,0.8003,0.0873,-0.4549,21132.0251,-6370560.2380,
428.2500,18649.0265,235.9127,3043.7356,0.7996,0.0873,-0.4549,21081.8142,-6370569.2647,
428.5000,18594.6455,235.6981,3064.2484,0.7989,0.0873,-0.4549,21031.1684,-6370578.1677,
428.7500,18540.2255,235.4708,3084.5823,0.7982,0.0873,-0.4549,20980.0628,-6370586.9523,
429.0000,18485.7712,235.2309,3104.7306,0.7974,0.0873,-0.4549,20928.5046,-6370595.6184,
429.2500,18431.2873,234.9785,3124.6871,0.7965,0.0873,-0.4549,20876.5013,-6370604.1659,
429.5000,18376.7783,234.7137,3144.4454,0.7956,0.0873,-0.4549,20824.0607,-6370612.5945,
429.7500,18322.2490,234.4366,3163.9994,0.7947,0.0873,-0.4549,20771.1906,-6370620.9042,
430.0000,18267.7038,234.1473,3183.3431,0.7937,0.0873,-0.4549,20717.8992,-6370629.0949,
430.2500,18213.1472,233.8459,3202.4708,0.7927,0.0873,-0.4549,20664.1947,-6370637.1667,
430.5000,18158.5836,233.5325,3221.3768,0.7917,0.0873,-0.4549,20610.0855,-6370645.1196,
430.7500,18104.0176,233.2073,3240.0556,0.7906,0.0873,-0.4549,20555.5803,-6370652.9536,
431.0000,18049.4533,232.8703,3258.5019,0.7894,0.0873,-0.4549,20500.6877,-6370660.6690,
431.2500,17994.8953,232.5218,3276.7105,0.7883,0.0873,-0.4549,20445.4167,-6370668.2659,
431.5000,17940.3476,232.1618,3294.6765,0.7870,0.0873,-0.4549,20389.7762,-6370675.7445,
431.7500,17885.8144,231.7905,3312.3952,0.7858,0.0873,-0.4549,20333.7755,-6370683.1052,
432.0000,17831.3001,231.4080,3329.8619,0.7845,0.0873,-0.4549,20277.4238,-6370690.3482,
432.2500,17776.8086,231.0145,3347.0723,0.7832,0.0873,-0.4549,20220.7305,-6370697.4738,
432.5000,17722.3439,230.6102,3364.0222,0.7818,0.0873,-0.4549,20163.7051,-6370704.4826,
432.7500,17667.9101,230.1951,3380.7075,0.7804,0.0873,-0.4549,20106.3572,-6370711.3749,
433.0000,17613.5111,229.7696,3397.1245,0.7790,0.0873,-0.4549,20048.6965,-6370718.1513,
433.2500,17559.1508,229.3337,3413.2697,0.7775,0.0873,-0.4549,19990.7327,-6370724.8122,
433.5000,17504.8329,228.8876,3429.1395,0.7760,0.0873,-0.4549,19932.4757,-6370731.3583,
433.7500,17450.5613,228.4315,3444.7309,0.7745,0.0873,-0.4549,19873.9354,-6370737.7902,
434.0000,17396.3395,227.9655,3460.0408,0.7729,0.0873,-0.4549,19815.1217,-6370744.1084,
434.2500,17342.1713,227.4900,3475.0666,0.7713,0.0873,-0.4549,19756.0446,-6370750.3138,
434.5000,17288.0603,227.0049,3489.8056,0.7697,0.0873,-0.4549,19696.7142,-6370756.4069,
434.7500,17234.0098,226.5106,3504.2556,0.7680,0.0873,-0.4549,19637.1405,-6370762.3887,
435.0000,17180.0234,226.0072,3518.4144,0.7663,0.0873,-0.4549,19577.3336,-6370768.2598,
435.2500,17126.1045,225.4950,3532.2801,0.7646,0.0873,-0.4549,19517.3036,-6370774.0212,
435.5000,17072.2563,224.9740,3545.8510,0.7628,0.0873,-0.4549,19457.0605,-6370779.6736,
435.7500,17018.4822,224.4445,3559.1257,0.7610,0.0873,-0.4549,19396.6146,-6370785.2179,
436.0000,16964.7852,223.9068,3572.1028,0.7592,0.0873,-0.4549,19335.9758,-6370790.6552,
436.2500,16911.1687,223.3609,3584.7812,0.7573,0.0873,-0.4549,19275.1542,-6370795.9863,
436.5000,16857.6355,222.8071,3597.1602,0.7555,0.0873,-0.4549,19214.1599,-6370801.2123,
436.7500,16804.1887,222.2457,3609.2391,0.7536,0.0873,-0.4549,19153.0028,-6370806.3341,
437.0000,16750.8312,221.6767,3621.0173,0.7517,0.0873,-0.4549,19091.6929,-6370811.3528,
437.2500,16697.5659,221.1005,3632.4947,0.7497,0.0873,-0.4549,19030.2402,-6370816.2694,
437.5000,16644.3956,220.5172,3643.6713,0.7477,0.0873,-0.4549,18968.6544,-6370821.0850,
437.7500,16591.3231,219.9271,3654.5470,0.7457,0.0873,-0.4549,18906.9453,-6370825.8008,
438.0000,16538.3509,219.3302,3665.1224,0.7437,0.0873,-0.4549,18845.1227,-6370830.4178,
438.2500,16485.4817,218.7269,3675.3978,0.7417,0.0873,-0.4549,18783.1962,-6370834.9372,
438.5000,16432.7181,218.1174,3685.3741,0.7396,0.0873,-0.4549,18721.1753,-6370839.3602,
438.7500,16380.0625,217.5018,3695.0520,0.7375,0.0873,-0.4549,18659.0695,-6370843.6880,
439.0000,16327.5172,216.8804,3704.4327,0.7354,0.0873,-0.4549,18596.8882,-6370847.9217,
439.2500,16275.0848,216.2533,3713.5175,0.7333,0.0873,-0.4549,18534.6406,-6370852.0626,
439.5000,16222.7673,215.6208,3722.3076,0.7312,0.0873,-0.4549,18472.3359,-6370856.1119,
439.7500,16170.5671,214.9831,3730.8048,0.7290,0.0873,-0.4549,18409.9832,-6370860.0708,
440.0000,16118.4862,214.3404,3739.0107,0.7268,0.0873,-0.4549,18347.5913,-6370863.9407,
440.2500,16066.5268,213.6928,3746.9273,0.7246,0.0873,-0.4549,18285.1691,-6370867.7227,
440.5000,16014.6909,213.0407,3754.5565,0.7224,0.0873,-0.4549,18222.7252,-6370871.4182,
440.7500,15962.9805,212.3841,3761.9007,0.7202,0.0873,-0.4549,18160.2683,-6370875.0283,
441.0000,15911.3973,211.7233,3768.9620,0.7180,0.0873,-0.4549,18097.8067,-6370878.5545,
441.2500,15859.9433,211.0586,3775.7431,0.7157,0.0873,-0.4549,18035.3488,-6370881.9980,
441.5000,15808.6203,210.3899,3782.2464,0.7135,0.0873,-0.4549,17972.9026,-6370885.3601,
441.7500,15757.4298,209.7177,3788.4748,0.7112,0.0873,-0.4549,17910.4762,-6370888.6421,
442.0000,15706.3737,209.0420,3794.4311,0.7089,0.0873,-0.4549,17848.0774,-6370891.8453,
442.2500,15655.4534,208.3631,3800.1181,0.7066,0.0873,-0.4549,17785.7139,-6370894.9710,
442.5000,15604.6704,207.6812,3805.5392,0.7043,0.0873,-0.4549,17723.3934,-6370898.0205,
442.7500,15554.0264,206.9963,3810.6973,0.7020,0.0873,-0.4549,17661.1231,-6370900.9952,
443.0000,15503.5225,206.3088,3815.5958,0.6996,0.0873,-0.4549,17598.9103,-6370903.8963,
443.2500,15453.1603,205.6188,3820.2381,0.6973,0.0873,-0.4549,17536.7620,-6370906.7251,
443.5000,15402.9409,204.9265,3824.6275,0.6950,0.0873,-0.4549,17474.6854,-6370909.4830,
443.7500,15352.8657,204.2320,3828.7678,0.6926,0.0873,-0.4549,17412.6870,-6370912.1712,
444.0000,15302.9358,203.5356,3832.6625,0.6903,0.0873,-0.4549,17350.7734,-6370914.7910,
444.2500,15253.1523,202.8374,3836.3152,0.6879,0.0873,-0.4549,17288.9512,-6370917.3437,
444.5000,15203.5163,202.1375,3839.7299,0.6855,0.0873,-0.4549,17227.2266,-6370919.8307,
444.7500,15154.0288,201.4362,3842.9102,0.6831,0.0873,-0.4549,17165.6057,-6370922.2530,
445.0000,15104.6908,200.7336,3845.8601,0.6808,0.0873,-0.4549,17104.0944,-6370924.6121,
445.2500,15055.5032,200.0298,3848.5836,0.6784,0.0873,-0.4549,17042.6985,-6370926.9092,
445.5000,15006.4668,199.3251,3851.0845,0.6760,0.0873,-0.4549,16981.4237,-6370929.1455,
445.7500,14957.5825,198.6196,3853.3670,0.6736,0.0873,-0.4549,16920.2753,-6370931.3223,
446.0000,14908.8509,197.9134,3855.4351,0.6712,0.0873,-0.4549,16859.2587,-6370933.4407,
446.2500,14860.2730,197.2066,3857.2930,0.6688,0.0873,-0.4549,16798.3790,-6370935.5021,
446.5000,14811.8492,196.4995,3858.9446,0.6664,0.0873,-0.4549,16737.6412,-6370937.5076,
446.7500,14763.5802,195.7922,3860.3942,0.6640,0.0873,-0.4549,16677.0500,-6370939.4584,
447.0000,14715.4666,195.0848,3861.6460,0.6616,0.0873,-0.4549,16616.6100,-6370941.3556,
447.2500,14667.5088,194.3775,3862.7042,0.6592,0.0873,-0.4549,16556.3258,-6370943.2005,
447.5000,14619.7075,193.6703,3863.5729,0.6568,0.0873,-0.4549,16496.2017,-6370944.9942,
447.7500,14572.0630,192.9634,3864.2563,0.6544,0.0873,-0.4549,16436.2419,-6370946.7379,
448.0000,14524.5758,192.2570,3864.7587,0.6520,0.0873,-0.4549,16376.4502,-6370948.4326,
448.2500,14477.2461,191.5512,3865.0843,0.6496,0.0873,-0.4549,16316.8307,-6370950.0796,
448.5000,14430.0743,190.8461,3865.2372,0.6473,0.0873,-0.4549,16257.3869,-6370951.6798,
448.7500,14383.0606,190.1418,3865.2217,0.6449,0.0873,-0.4549,16198.1225,-6370953.2343,
449.0000,14336.2054,189.4384,3865.0419,0.6425,0.0873,-0.4549,16139.0408,-6370954.7444,
449.2500,14289.5087,188.7360,3864.7021,0.6401,0.0873,-0.4549,16080.1451,-6370956.2108,
449.5000,14242.9708,188.0348,3864.2063,0.6377,0.0873,-0.4549,16021.4386,-6370957.6349,
449.7500,14196.5918,187.3349,3863.5587,0.6354,0.0873,-0.4549,15962.9240,-6370959.0174,
450.0000,14150.3718,186.6363,3862.7633,0.6330,0.0873,-0.4549,15904.6044,-6370960.3595,
450.2500,14104.3108,185.9392,3861.8244,0.6306,0.0873,-0.4549,15846.4824,-6370961.6622,
450.5000,14058.4088,185.2436,3860.7458,0.6283,0.0873,-0.4549,15788.5605,-6370962.9264,
450.7500,14012.6659,184.5498,3859.5317,0.6259,0.0873,-0.4549,15730.8411,-6370964.1530,
451.0000,13967.0819,183.8576,3858.1860,0.6236,0.0873,-0.4549,15673.3267,-6370965.3430,
451.2500,13921.6569,183.1673,3856.7126,0.6212,0.0873,-0.4549,15616.0192,-6370966.4974,
451.5000,13876.3907,182.4789,3855.1155,0.6189,0.0873,-0.4549,15558.9208,-6370967.6171,
451.7500,13831.2831,181.7926,3853.3985,0.6166,0.0873,-0.4549,15502.0333,-6370968.7028,
452.0000,13786.3341,181.1083,3851.5655,0.6142,0.0873,-0.4549,15445.3587,-6370969.7556,
452.2500,13741.5434,180.4262,3849.6201,0.6119,0.0873,-0.4549,15388.8985,-6370970.7763,
452.5000,13696.9108,179.7463,3847.5662,0.6096,0.0873,-0.4549,15332.6542,-6370971.7657,
452.7500,13652.4361,179.0688,3845.4074,0.6073,0.0873,-0.4549,15276.6275,-6370972.7246,
453.0000,13608.1190,178.3936,3843.1474,0.6050,0.0873,-0.4549,15220.8195,-6370973.6538,
453.2500,13563.9592,177.7209,3840.7897,0.6028,0.0873,-0.4549,15165.2316,-6370974.5542,
453.5000,13519.9563,177.0506,3838.3378,0.6005,0.0873,-0.4549,15109.8649,-6370975.4266,
453.7500,13476.1102,176.3830,3835.7953,0.5982,0.0873,-0.4549,15054.7203,-6370976.2716,
454.0000,13432.4203,175.7180,3833.1655,0.5960,0.0873,-0.4549,14999.7989,-6370977.0901,
454.2500,13388.8863,175.0557,3830.4518,0.5937,0.0873,-0.4549,14945.1014,-6370977.8827,
454.5000,13345.5079,174.3961,3827.6576,0.5915,0.0873,-0.4549,14890.6287,-6370978.6502,
454.7500,13302.2845,173.7394,3824.7860,0.5892,0.0873,-0.4549,14836.3813,-6370979.3933,
455.0000,13259.2158,173.0854,3821.8402,0.5870,0.0873,-0.4549,14782.3598,-6370980.1126,
455.2500,13216.3013,172.4344,3818.8235,0.5848,0.0873,-0.4549,14728.5646,-6370980.8089,
455.5000,13173.5404,171.7863,3815.7389,0.5826,0.0873,-0.4549,14674.9963,-6370981.4828,
455.7500,13130.9328,171.1412,3812.5893,0.5804,0.0873,-0.4549,14621.6550,-6370982.1348,
456.0000,13088.4779,170.4991,3809.3778,0.5783,0.0873,-0.4549,14568.5411,-6370982.7658,
456.2500,13046.1752,169.8601,3806.1072,0.5761,0.0873,-0.4549,14515.6546,-6370983.3762,
456.5000,13004.0242,169.2242,3802.7804,0.5739,0.0873,-0.4549,14462.9957,-6370983.9666,
456.7500,12962.0242,168.5914,3799.4001,0.5718,0.0873,-0.4549,14410.5644,-6370984.5377,
457.0000,12920.1747,167.9617,3795.9692,0.5696,0.0873,-0.4549,14358.3606,-6370985.0900,
457.2500,12878.4752,167.3353,3792.4901,0.5675,0.0873,-0.4549,14306.3841,-6370985.6240,
457.5000,12836.9250,166.7120,3788.9656,0.5654,0.0873,-0.4549,14254.6349,-6370986.1403,
457.7500,12795.5235,166.0920,3785.3982,0.5633,0.0873,-0.4549,14203.1127,-6370986.6395,
458.0000,12754.2702,165.4753,3781.7904,0.5612,0.0873,-0.4549,14151.8170,-6370987.1220,
458.2500,12713.1643,164.8619,3778.1444,0.5591,0.0873,-0.4549,14100.7477,-6370987.5883,
458.5000,12672.2053,164.2518,3774.4629,0.5571,0.0873,-0.4549,14049.9043,-6370988.0389,
458.7500,12631.3925,163.6450,3770.7479,0.5550,0.0873,-0.4549,13999.2862,-6370988.4744,
459.0000,12590.7252,163.0416,3767.0019,0.5530,0.0873,-0.4549,13948.8930,-6370988.8951,
459.2500,12550.2028,162.4415,3763.2269,0.5509,0.0873,-0.4549,13898.7241,-6370989.3015,
459.5000,12509.8245,161.8448,3759.4251,0.5489,0.0873,-0.4549,13848.7790,-6370989.6941,
459.7500,12469.5898,161.2515,3755.5986,0.5469,0.0873,-0.4549,13799.0568,-6370990.0733,
460.0000,12429.4979,160.6616,3751.7493,0.5449,0.0873,-0.4549,13749.5569,-6370990.4395,
460.2500,12389.5481,160.0752,3747.8793,0.5429,0.0873,-0.4549,13700.2786,-6370990.7931,
460.5000,12349.7398,159.4921,3743.9904,0.5409,0.0873,-0.4549,13651.2211,-6370991.1344,
460.7500,12310.0721,158.9125,3740.0846,0.5389,0.0873,-0.4549,13602.3836,-6370991.4640,
461.0000,12270.5445,158.3363,3736.1635,0.5370,0.0873,-0.4549,13553.7652,-6370991.7821,
461.2500,12231.1561,157.7636,3732.2290,0.5350,0.0873,-0.4549,13505.3649,-6370992.0891,
461.5000,12191.9062,157.1943,3728.2828,0.5331,0.0873,-0.4549,13457.1820,-6370992.3855,
461.7500,12152.7942,156.6284,3724.3264,0.5312,0.0873,-0.4549,13409.2154,-6370992.6714,
462.0000,12113.8192,156.0660,3720.3614,0.5293,0.0873,-0.4549,13361.4641,-6370992.9473,
462.2500,12074.9806,155.5070,3716.3895,0.5274,0.0873,-0.4549,13313.9272,-6370993.2134,
462.5000,12036.2776,154.9515,3712.4121,0.5255,0.0873,-0.4549,13266.6035,-6370993.4702,
462.7500,11997.7094,154.3994,3708.4307,0.5236,0.0873,-0.4549,13219.4921,-6370993.7178,
463.0000,11959.2754,153.8508,3704.4465,0.5218,0.0873,-0.4549,13172.5919,-6370993.9566,
463.2500,11920.9747,153.3056,3700.4611,0.5199,0.0873,-0.4549,13125.9016,-6370994.1869,
463.5000,11882.8066,152.7638,3696.4757,0.5181,0.0873,-0.4549,13079.4203,-6370994.4090,
463.7500,11844.7704,152.2255,3692.4915,0.5163,0.0873,-0.4549,13033.1468,-6370994.6231,
464.0000,11806.8652,151.6905,3688.5098,0.5144,0.0873,-0.4549,12987.0798,-6370994.8295,
464.2500,11769.0904,151.1590,3684.5317,0.5126,0.0873,-0.4549,12941.2183,-6370995.0284,
464.5000,11731.4453,150.6309,3680.5584,0.5108,0.0873,-0.4549,12895.5610,-6370995.2202,
464.7500,11693.9289,150.1062,3676.5910,0.5091,0.0873,-0.4549,12850.1066,-6370995.4050,
465.0000,11656.5406,149.5848,3672.6305,0.5073,0.0873,-0.4549,12804.8541,-6370995.5830,
465.2500,11619.2797,149.0669,3668.6778,0.5055,0.0873,-0.4549,12759.8021,-6370995.7546,
465.5000,11582.1453,148.5523,3664.7341,0.5038,0.0873,-0.4549,12714.9494,-6370995.9199,
465.7500,11545.1367,148.0410,3660.8001,0.5021,0.0873,-0.4549,12670.2947,-6370996.0791,
466.0000,11508.2532,147.5331,3656.8769,0.5003,0.0873,-0.4549,12625.8368,-6370996.2325,
466.2500,11471.4940,147.0285,3652.9652,0.4986,0.0873,-0.4549,12581.5743,-6370996.3802,
466.5000,11434.8583,146.5272,3649.0659,0.4969,0.0873,-0.4549,12537.5061,-6370996.5225,
466.7500,11398.3454,146.0291,3645.1797,0.4952,0.0873,-0.4549,12493.6307,-6370996.6594,
467.0000,11361.9546,145.5344,3641.3075,0.4936,0.0873,-0.4549,12449.9470,-6370996.7913,
467.2500,11325.6851,145.0430,3637.4498,0.4919,0.0873,-0.4549,12406.4536,-6370996.9183,
467.5000,11289.5361,144.5547,3633.6075,0.4902,0.0873,-0.4549,12363.1491,-6370997.0405,
467.7500,11253.5069,144.0697,3629.7812,0.4886,0.0873,-0.4549,12320.0324,-6370997.1581,
468.0000,11217.5967,143.5880,3625.9715,0.4869,0.0873,-0.4549,12277.1020,-6370997.2714,
468.2500,11181.8049,143.1094,3622.1789,0.4853,0.0873,-0.4549,12234.3567,-6370997.3803,
468.5000,11146.1307,142.6340,3618.4041,0.4837,0.0873,-0.4549,12191.7951,-6370997.4851,
468.7500,11110.5733,142.1618,3614.6476,0.4821,0.0873,-0.4549,12149.4160,-6370997.5860,
469.0000,11075.1320,141.6927,3610.9099,0.4805,0.0873,-0.4549,12107.2179,-6370997.6830,
469.2500,11039.8061,141.2267,3607.1915,0.4789,0.0873,-0.4549,12065.1996,-6370997.7764,
469.5000,11004.5949,140.7639,3603.4928,0.4774,0.0873,-0.4549,12023.3598,-6370997.8662,
469.7500,10969.4982,140.2977,3608.3505,0.4756,0.0873,-0.4549,11981.6253,-6370997.9527,
470.0000,10934.5164,139.8365,3600.5517,0.4738,0.0873,-0.4549,11940.0665,-6370998.0358,
470.2500,10899.6477,139.3815,3592.9489,0.4720,0.0873,-0.4549,11898.7300,-6370998.1157,
470.5000,10864.8907,138.9327,3585.5363,0.4702,0.0873,-0.4549,11857.6114,-6370998.1925,
470.7500,10830.2440,138.4899,3578.3084,0.4685,0.0873,-0.4549,11816.7063,-6370998.2661,
471.0000,10795.7061,138.0528,3571.2597,0.4668,0.0873,-0.4549,11776.0104,-6370998.3369,
471.2500,10761.2756,137.6215,3564.3849,0.4651,0.0873,-0.4549,11735.5196,-6370998.4049,
471.5000,10726.9512,137.1957,3557.6790,0.4634,0.0873,-0.4549,11695.2300,-6370998.4701,
471.7500,10692.7315,136.7753,3551.1369,0.4617,0.0873,-0.4549,11655.1375,-6370998.5328,
472.0000,10658.6152,136.3603,3544.7538,0.4601,0.0873,-0.4549,11615.2386,-6370998.5930,
472.2500,10624.6010,135.9503,3538.5252,0.4585,0.0873,-0.4549,11575.5294,-6370998.6507,
472.5000,10590.6878,135.5454,3532.4464,0.4569,0.0873,-0.4549,11536.0066,-6370998.7062,
472.7500,10556.8743,135.1454,3526.5130,0.4553,0.0873,-0.4549,11496.6666,-6370998.7595,
473.0000,10523.1593,134.7501,3520.7209,0.4537,0.0873,-0.4549,11457.5062,-6370998.8106,
473.2500,10489.5417,134.3596,3515.0659,0.4522,0.0873,-0.4549,11418.5220,-6370998.8597,
473.5000,10456.0203,133.9736,3509.5441,0.4507,0.0873,-0.4549,11379.7111,-6370998.9068,
473.7500,10422.5941,133.5921,3504.1514,0.4492,0.0873,-0.4549,11341.0702,-6370998.9520,
474.0000,10389.2620,133.2149,3498.8843,0.4477,0.0873,-0.4549,11302.5965,-6370998.9954,
474.2500,10356.0229,132.8420,3493.7389,0.4462,0.0873,-0.4549,11264.2871,-6370999.0371,
474.5000,10322.8758,132.4732,3488.7119,0.4447,0.0873,-0.4549,11226.1392,-6370999.0771,
474.7500,10289.8198,132.1085,3483.7998,0.4433,0.0873,-0.4549,11188.1501,-6370999.1155,
475.0000,10256.8537,131.7478,3478.9992,0.4419,0.0873,-0.4549,11150.3171,-6370999.1523,
475.2500,10223.9768,131.3909,3474.3069,0.4405,0.0873,-0.4549,11112.6378,-6370999.1877,
475.5000,10191.1880,131.0379,3469.7199,0.4391,0.0873,-0.4549,11075.1096,-6370999.2216,
475.7500,10158.4864,130.6885,3465.2350,0.4377,0.0873,-0.4549,11037.7300,-6370999.2541,
476.0000,10125.8711,130.3428,3460.8494,0.4363,0.0873,-0.4549,11000.4969,-6370999.2854,
476.2500,10093.3413,130.0006,3456.5602,0.4350,0.0873,-0.4549,10963.4078,-6370999.3153,
476.5000,10060.8961,129.6619,3452.3645,0.4336,0.0873,-0.4549,10926.4605,-6370999.3441,
476.7500,10028.5346,129.3266,3448.2599,0.4323,0.0873,-0.4549,10889.6530,-6370999.3716,
477.0000,9996.2561,128.9945,3444.2436,0.4310,0.0873,-0.4549,10852.9830,-6370999.3981,
477.2500,9964.0597,128.6658,3440.3131,0.4297,0.0873,-0.4549,10816.4485,-6370999.4235,
477.5000,9931.9447,128.3402,3436.4660,0.4284,0.0873,-0.4549,10780.0477,-6370999.4478,
477.7500,9899.9103,128.0177,3432.7000,0.4271,0.0873,-0.4549,10743.7784,-6370999.4712,
478.0000,9867.9557,127.6983,3429.0126,0.4259,0.0873,-0.4549,10707.6389,-6370999.4935,
478.2500,9836.0801,127.3818,3425.4018,0.4246,0.0873,-0.4549,10671.6272,-6370999.5150,
478.5000,9804.2830,127.0683,3421.8653,0.4234,0.0873,-0.4549,10635.7417,-6370999.5356,
478.7500,9772.5635,126.7577,3418.4010,0.4221,0.0873,-0.4549,10599.9806,-6370999.5553,
479.0000,9740.9209,126.4498,3415.0070,0.4209,0.0873,-0.4549,10564.3421,-6370999.5743,
479.2500,9709.3547,126.1447,3411.6812,0.4197,0.0873,-0.4549,10528.8247,-6370999.5924,
479.5000,9677.8641,125.8423,3408.4218,0.4185,0.0873,-0.4549,10493.4267,-6370999.6098,
479.7500,9646.4484,125.5425,3405.2268,0.4173,0.0873,-0.4549,10458.1465,-6370999.6265,
480.0000,9615.1070,125.2453,3402.0945,0.4161,0.0873,-0.4549,10422.9826,-6370999.6425,
480.2500,9583.8394,124.9506,3399.0232,0.4150,0.0873,-0.4549,10387.9336,-6370999.6578,
480.5000,9552.6448,124.6585,3396.0111,0.4138,0.0873,-0.4549,10352.9980,-6370999.6725,
480.7500,9521.5227,124.3687,3393.0567,0.4127,0.0873,-0.4549,10318.1743,-6370999.6866,
481.0000,9490.4725,124.0814,3390.1583,0.4115,0.0873,-0.4549,10283.4612,-6370999.7001,
481.2500,9459.4935,123.7964,3387.3144,0.4104,0.0873,-0.4549,10248.8573,-6370999.7130,
481.5000,9428.5853,123.5137,3384.5235,0.4093,0.0873,-0.4549,10214.3614,-6370999.7254,
481.7500,9397.7473,123.2333,3381.7842,0.4082,0.0873,-0.4549,10179.9721,-6370999.7373,
482.0000,9366.9788,122.9551,3379.0951,0.4071,0.0873,-0.4549,10145.6881,-6370999.7487,
482.2500,9336.2795,122.6791,3376.4547,0.4060,0.0873,-0.4549,10111.5083,-6370999.7596,
482.5000,9305.6486,122.4052,3373.8619,0.4049,0.0873,-0.4549,10077.4315,-6370999.7700,
482.7500,9275.0858,122.1334,3371.3152,0.4038,0.0873,-0.4549,10043.4565,-6370999.7800,
483.0000,9244.5905,121.8637,3368.8135,0.4027,0.0873,-0.4549,10009.5821,-6370999.7896,
483.2500,9214.1622,121.5960,3366.3556,0.4017,0.0873,-0.4549,9975.8072,-6370999.7988,
483.5000,9183.8003,121.3304,3363.9403,0.4006,0.0873,-0.4549,9942.1308,-6370999.8076,
483.7500,9153.5045,121.0666,3361.5664,0.3996,0.0873,-0.4549,9908.5518,-6370999.8160,
484.0000,9123.2742,120.8048,3359.2329,0.3986,0.0873,-0.4549,9875.0691,-6370999.8240,
484.2500,9093.1090,120.5449,3356.9388,0.3975,0.0873,-0.4549,9841.6818,-6370999.8318,
484.5000,9063.0084,120.2869,3354.6829,0.3965,0.0873,-0.4549,9808.3888,-6370999.8391,
484.7500,9032.9719,120.0307,3352.4643,0.3955,0.0873,-0.4549,9775.1892,-6370999.8462,
485.0000,9002.9991,119.7763,3350.2820,0.3945,0.0873,-0.4549,9742.0819,-6370999.8530,
485.2500,8973.0896,119.5236,3348.1351,0.3935,0.0873,-0.4549,9709.0662,-6370999.8595,
485.5000,8943.2429,119.2727,3346.0226,0.3925,0.0873,-0.4549,9676.1410,-6370999.8657,
485.7500,8913.4586,119.0236,3343.9437,0.3915,0.0873,-0.4549,9643.3055,-6370999.8716,
486.0000,8883.7362,118.7761,3341.8976,0.3905,0.0873,-0.4549,9610.5588,-6370999.8773,
486.2500,8854.0754,118.5302,3339.8833,0.3896,0.0873,-0.4549,9577.9000,-6370999.8828,
486.5000,8824.4757,118.2861,3337.9001,0.3886,0.0873,-0.4549,9545.3283,-6370999.8880,
486.7500,8794.9368,118.0435,3335.9473,0.3876,0.0873,-0.4549,9512.8430,-6370999.8930,
487.0000,8765.4583,117.8025,3334.0239,0.3867,0.0873,-0.4549,9480.4431,-6370999.8977,
487.2500,8736.0397,117.5631,3332.1294,0.3857,0.0873,-0.4549,9448.1279,-6370999.9023,
487.5000,8706.6806,117.3252,3330.2630,0.3848,0.0873,-0.4549,9415.8967,-6370999.9067,
487.7500,8677.3808,117.0888,3328.4240,0.3839,0.0873,-0.4549,9383.7486,-6370999.9108,
488.0000,8648.1398,116.8540,3326.6118,0.3829,0.0873,-0.4549,9351.6829,-6370999.9148,
488.2500,8618.9572,116.6206,3324.8256,0.3820,0.0873,-0.4549,9319.6989,-6370999.9187,
488.5000,8589.8327,116.3887,3323.0649,0.3811,0.0873,-0.4549,9287.7959,-6370999.9223,
488.7500,8560.7660,116.1582,3321.3290,0.3802,0.0873,-0.4549,9255.9732,-6370999.9258,
489.0000,8531.7566,115.9291,3319.6174,0.3793,0.0873,-0.4549,9224.2301,-6370999.9292,
489.2500,8502.8043,115.7014,3317.9294,0.3784,0.0873,-0.4549,9192.5659,-6370999.9324,
489.5000,8473.9087,115.4751,3316.2646,0.3775,0.0873,-0.4549,9160.9800,-6370999.9354,
489.7500,8445.0694,115.2501,3314.6224,0.3766,0.0873,-0.4549,9129.4717,-6370999.9383,
490.0000,8416.2861,115.0265,3313.0021,0.3757,0.0873,-0.4549,9098.0403,-6370999.9411,
490.2500,8387.5585,114.8042,3311.4035,0.3748,0.0873,-0.4549,9066.6853,-6370999.9438,
490.5000,8358.8863,114.5832,3309.8258,0.3740,0.0873,-0.4549,9035.4060,-6370999.9464,
490.7500,8330.2691,114.3635,3308.2688,0.3731,0.0873,-0.4549,9004.2018,-6370999.9488,
491.0000,8301.7066,114.1451,3306.7318,0.3722,0.0873,-0.4549,8973.0722,-6370999.9511,
491.2500,8273.1985,113.9279,3305.2145,0.3714,0.0873,-0.4549,8942.0165,-6370999.9534,
491.5000,8244.7445,113.7119,3303.7163,0.3705,0.0873,-0.4549,8911.0341,-6370999.9555,
491.7500,8216.3443,113.4972,3302.2370,0.3697,0.0873,-0.4549,8880.1246,-6370999.9575,
492.0000,8187.9976,113.2837,3300.7760,0.3688,0.0873,-0.4549,8849.2873,-6370999.9595,
492.2500,8159.7041,113.0714,3299.3329,0.3680,0.0873,-0.4549,8818.5217,-6370999.9614,
492.5000,8131.4635,112.8602,3297.9075,0.3672,0.0873,-0.4549,8787.8273,-6370999.9631,
492.7500,8103.2755,112.6502,3296.4992,0.3664,0.0873,-0.4549,8757.2035,-6370999.9648,
493.0000,8075.1398,112.4414,3295.1077,0.3655,0.0873,-0.4549,8726.6498,-6370999.9664,
493.2500,8047.0562,112.2337,3293.7327,0.3647,0.0873,-0.4549,8696.1657,-6370999.9680,
493.5000,8019.0242,112.0272,3292.3739,0.3639,0.0873,-0.4549,8665.7507,-6370999.9695,
493.7500,7991.1946,105.9060,3291.0308,0.3631,0.0873,1.5708,8635.4043,-6370999.9709,
494.0000,7967.6693,84.1531,2027.6605,0.2845,0.0873,1.5708,8364.3720,-6370999.9830,
494.2500,7948.4580,70.4913,1400.9021,0.2361,0.0873,1.5708,8222.5177,-6370999.9890,
494.5000,7932.0634,61.2187,1045.4213,0.2037,0.0873,1.5708,8136.6091,-6370999.9924,
494.7500,7917.6310,54.5890,824.8880,0.1808,0.0873,1.5708,8079.0648,-6370999.9945,
495.0000,7904.6277,49.6708,679.0256,0.1639,0.0873,1.5708,8037.5483,-6370999.9959,
495.2500,7892.6991,45.9215,577.8325,0.1510,0.0873,1.5708,8005.8350,-6370999.9968,
495.5000,7881.5984,43.0034,505.0046,0.1411,0.0873,1.5708,7980.4901,-6370999.9975,
495.7500,7871.1470,40.6955,451.0576,0.1332,0.0873,1.5708,7959.4814,-6370999.9980,
496.0000,7861.2127,38.8469,410.1664,0.1270,0.0873,1.5708,7941.5384,-6370999.9984,
496.2500,7851.6945,37.3509,378.5902,0.1219,0.0873,1.5708,7925.8295,-6370999.9987,
496.5000,7842.5145,36.1305,353.8359,0.1178,0.0873,1.5708,7911.7898,-6370999.9989,
496.7500,7833.6112,35.1281,334.1882,0.1144,0.0873,1.5708,7899.0231,-6370999.9991,
497.0000,7824.9360,34.3003,318.4351,0.1116,0.0873,1.5708,7887.2438,-6370999.9993,
497.2500,7816.4495,33.6135,305.6994,0.1093,0.0873,1.5708,7876.2415,-6370999.9994,
497.5000,7808.1198,33.0416,295.3334,0.1073,0.0873,1.5708,7865.8578,-6370999.9995,
497.7500,7799.9209,32.5638,286.8499,0.1057,0.0873,1.5708,7855.9716,-6370999.9996,
498.0000,7791.8315,32.1637,279.8767,0.1044,0.0873,1.5708,7846.4888,-6370999.9997,
498.2500,7783.8338,31.8278,274.1255,0.1032,0.0873,1.5708,7837.3356,-6370999.9997,
498.5000,7775.9132,31.5454,269.3703,0.1023,0.0873,1.5708,7828.4531,-6370999.9998,
498.7500,7768.0575,31.3075,265.4318,0.1014,0.0873,1.5708,7819.7943,-6370999.9998,
499.0000,7760.2564,31.1069,262.1667,0.1008,0.0873,1.5708,7811.3209,-6370999.9998,
499.2500,7752.5014,30.9376,259.4592,0.1002,0.0873,1.5708,7803.0019,-6370999.9999,
499.5000,7744.7854,30.7945,257.2154,0.0997,0.0873,1.5708,7794.8118,-6370999.9999,
499.7500,7737.1024,30.6734,255.3583,0.0993,0.0873,1.5708,7786.7296,-6370999.9999,
500.0000,7729.4472,30.5710,253.8248,0.0989,0.0873,1.5708,7778.7378,-6370999.9999,
500.2500,7721.8156,30.4843,252.5625,0.0986,0.0873,1.5708,7770.8222,-6370999.9999,
500.5000,7714.2039,30.4109,251.5282,0.0984,0.0873,1.5708,7762.9706,-6370999.9999,
500.7500,7706.6092,30.3486,250.6858,0.0982,0.0873,1.5708,7755.1730,-6370999.9999,
501.0000,7699.0289,30.2958,250.0052,0.0980,0.0873,1.5708,7747.4209,-6371000.0000,
501.2500,7691.4606,30.2511,249.4611,0.0978,0.0873,1.5708,7739.7074,-6371000.0000,
501.5000,7683.9028,30.2131,249.0324,0.0977,0.0873,1.5708,7732.0264,-6371000.0000,
501.7500,7676.3536,30.1809,248.7013,0.0976,0.0873,1.5708,7724.3729,-6371000.0000,
502.0000,7668.8119,30.1536,248.4529,0.0975,0.0873,1.5708,7716.7427,-6371000.0000,
502.2500,7661.2765,30.1304,248.2745,0.0974,0.0873,1.5708,7709.1322,-6371000.0000,
502.5000,7653.7464,30.1107,248.1554,0.0973,0.0873,1.5708,7701.5385,-6371000.0000,
502.7500,7646.2209,30.0940,248.0867,0.0972,0.0873,1.5708,7693.9590,-6371000.0000,
503.0000,7638.6992,30.0798,248.0607,0.0972,0.0873,1.5708,7686.3915,-6371000.0000,
503.2500,7631.1808,30.0678,248.0709,0.0971,0.0873,1.5708,7678.8341,-6371000.0000,
503.5000,7623.6651,30.0576,248.1120,0.0971,0.0873,1.5708,7671.2855,-6371000.0000,
503.7500,7616.1519,30.0489,248.1792,0.0970,0.0873,1.5708,7663.7441,-6371000.0000,
504.0000,7608.6406,30.0415,248.2686,0.0970,0.0873,1.5708,7656.2090,-6371000.0000,
504.2500,7601.1310,30.0353,248.3769,0.0970,0.0873,1.5708,7648.6792,-6371000.0000,
504.5000,7593.6229,30.0299,248.5014,0.0969,0.0873,1.5708,7641.1538,-6371000.0000,
504.7500,7586.1160,30.0254,248.6395,0.0969,0.0873,1.5708,7633.6323,-6371000.0000,
505.0000,7578.6101,30.0216,248.7892,0.0969,0.0873,1.5708,7626.1140,-6371000.0000,
505.2500,7571.1051,30.0183,248.9489,0.0969,0.0873,1.5708,7618.5984,-6371000.0000,
505.5000,7563.6009,30.0156,249.1170,0.0969,0.0873,1.5708,7611.0852,-6371000.0000,
505.7500,7556.0973,30.0132,249.2923,0.0968,0.0873,1.5708,7603.5739,-6371000.0000,
506.0000,7548.5942,30.0112,249.4737,0.0968,0.0873,1.5708,7596.0644,-6371000.0000,
506.2500,7541.0916,30.0095,249.6604,0.0968,0.0873,1.5708,7588.5562,-6371000.0000,
506.5000,7533.5894,30.0081,249.8516,0.0968,0.0873,1.5708,7581.0493,-6371000.0000,
506.7500,7526.0876,30.0069,250.0465,0.0968,0.0873,1.5708,7573.5434,-6371000.0000,
507.0000,7518.5860,30.0058,250.2448,0.0968,0.0873,1.5708,7566.0383,-6371000.0000,
507.2500,7511.0846,30.0050,250.4459,0.0968,0.0873,1.5708,7558.5340,-6371000.0000,
507.5000,7503.5835,30.0042,250.6493,0.0967,0.0873,1.5708,7551.0304,-6371000.0000,
507.7500,7496.0825,30.0036,250.8548,0.0967,0.0873,1.5708,7543.5273,-6371000.0000,
508.0000,7488.5817,30.0030,251.0621,0.0967,0.0873,1.5708,7536.0246,-6371000.0000,
508.2500,7481.0810,30.0026,251.2710,0.0967,0.0873,1.5708,7528.5223,-6371000.0000,
508.5000,7473.5804,30.0022,251.4811,0.0967,0.0873,1.5708,7521.0204,-6371000.0000,
508.7500,7466.0799,30.0019,251.6924,0.0967,0.0873,1.5708,7513.5187,-6371000.0000,
509.0000,7458.5795,30.0016,251.9047,0.0967,0.0873,1.5708,7506.0172,-6371000.0000,
509.2500,7451.0791,30.0013,252.1179,0.0967,0.0873,1.5708,7498.5160,-6371000.0000,
509.5000,7443.5788,30.0011,252.3319,0.0967,0.0873,1.5708,7491.0149,-6371000.0000,
509.7500,7436.0785,30.0010,252.5465,0.0966,0.0873,1.5708,7483.5140,-6371000.0000,
510.0000,7428.5783,30.0008,252.7616,0.0966,0.0873,1.5708,7476.0132,-6371000.0000,
510.2500,7421.0781,30.0007,252.9774,0.0966,0.0873,1.5708,7468.5125,-6371000.0000,
510.5000,7413.5779,30.0006,253.1935,0.0966,0.0873,1.5708,7461.0119,-6371000.0000,
510.7500,7406.0778,30.0005,253.4101,0.0966,0.0873,1.5708,7453.5114,-6371000.0000,
511.0000,7398.5777,30.0004,253.6271,0.0966,0.0873,1.5708,7446.0109,-6371000.0000,
511.2500,7391.0776,30.0004,253.8444,0.0966,0.0873,1.5708,7438.5105,-6371000.0000,
511.5000,7383.5775,30.0003,254.0621,0.0966,0.0873,1.5708,7431.0101,-6371000.0000,
511.7500,7376.0774,30.0003,254.2800,0.0966,0.0873,1.5708,7423.5098,-6371000.0000,
512.0000,7368.5774,30.0002,254.4982,0.0965,0.0873,1.5708,7416.0095,-6371000.0000,
512.2500,7361.0773,30.0002,254.7166,0.0965,0.0873,1.5708,7408.5092,-6371000.0000,
512.5000,7353.5773,30.0002,254.9353,0.0965,0.0873,1.5708,7401.0090,-6371000.0000,
512.7500,7346.0772,30.0001,255.1541,0.0965,0.0873,1.5708,7393.5087,-6371000.0000,
513.0000,7338.5772,30.0001,255.3732,0.0965,0.0873,1.5708,7386.0085,-6371000.0000,
513.2500,7331.0772,30.0001,255.5925,0.0965,0.0873,1.5708,7378.5083,-6371000.0000,
513.5000,7323.5772,30.0001,255.8120,0.0965,0.0873,1.5708,7371.0082,-6371000.0000,
513.7500,7316.0771,30.0001,256.0317,0.0965,0.0873,1.5708,7363.5080,-6371000.0000,
514.0000,7308.5771,30.0001,256.2515,0.0965,0.0873,1.5708,7356.0078,-6371000.0000,
514.2500,7301.0771,30.0001,256.4715,0.0965,0.0873,1.5708,7348.5077,-6371000.0000,
514.5000,7293.5771,30.0000,256.6917,0.0965,0.0873,1.5708,7341.0075,-6371000.0000,
514.7500,7286.0771,30.0000,256.9121,0.0964,0.0873,1.5708,7333.5074,-6371000.0000,
515.0000,7278.5771,30.0000,257.1326,0.0964,0.0873,1.5708,7326.0073,-6371000.0000,
515.2500,7271.0771,30.0000,257.3533,0.0964,0.0873,1.5708,7318.5071,-6371000.0000,
515.5000,7263.5771,30.0000,257.5741,0.0964,0.0873,1.5708,7311.0070,-6371000.0000,
515.7500,7256.0771,30.0000,257.7951,0.0964,0.0873,1.5708,7303.5069,-6371000.0000,
516.0000,7248.5771,30.0000,258.0163,0.0964,0.0873,1.5708,7296.0068,-6371000.0000,
516.2500,7241.0771,30.0000,258.2376,0.0964,0.0873,1.5708,7288.5066,-6371000.0000,
516.5000,7233.5771,30.0000,258.4590,0.0964,0.0873,1.5708,7281.0065,-6371000.0000,
516.7500,7226.0770,30.0000,258.6807,0.0964,0.0873,1.5708,7273.5064,-6371000.0000,
517.0000,7218.5770,30.0000,258.9024,0.0964,0.0873,1.5708,7266.0063,-6371000.0000,
517.2500,7211.0770,30.0000,259.1243,0.0963,0.0873,1.5708,7258.5062,-6371000.0000,
517.5000,7203.5770,30.0000,259.3464,0.0963,0.0873,1.5708,7251.0061,-6371000.0000,
517.7500,7196.0770,30.0000,259.5686,0.0963,0.0873,1.5708,7243.5060,-6371000.0000,
518.0000,7188.5770,30.0000,259.7910,0.0963,0.0873,1.5708,7236.0058,-6371000.0000,
518.2500,7181.0770,30.0000,260.0135,0.0963,0.0873,1.5708,7228.5057,-6371000.0000,
518.5000,7173.5770,30.0000,260.2361,0.0963,0.0873,1.5708,7221.0056,-6371000.0000,
518.7500,7166.0770,30.0000,260.4589,0.0963,0.0873,1.5708,7213.5055,-6371000.0000,
519.0000,7158.5770,30.0000,260.6819,0.0963,0.0873,1.5708,7206.0054,-6371000.0000,
519.2500,7151.0770,30.0000,260.9050,0.0963,0.0873,1.5708,7198.5053,-6371000.0000,
519.5000,7143.5770,30.0000,261.1282,0.0963,0.0873,1.5708,7191.0052,-6371000.0000,
519.7500,7136.0770,30.0000,261.3516,0.0962,0.0873,1.5708,7183.5051,-6371000.0000,
520.0000,7128.5770,30.0000,261.5752,0.0962,0.0873,1.5708,7176.0050,-6371000.0000,
520.2500,7121.0770,30.0000,261.7989,0.0962,0.0873,1.5708,7168.5049,-6371000.0000,
520.5000,7113.5770,30.0000,262.0227,0.0962,0.0873,1.5708,7161.0048,-6371000.0000,
520.7500,7106.0770,30.0000,262.2467,0.0962,0.0873,1.5708,7153.5046,-6371000.0000,
521.0000,7098.5770,30.0000,262.4708,0.0962,0.0873,1.5708,7146.0045,-6371000.0000,
521.2500,7091.0770,30.0000,262.6951,0.0962,0.0873,1.5708,7138.5044,-6371000.0000,
521.5000,7083.5770,30.0000,262.9196,0.0962,0.0873,1.5708,7131.0043,-6371000.0000,
521.7500,7076.0770,30.0000,263.1441,0.0962,0.0873,1.5708,7123.5042,-6371000.0000,
522.0000,7068.5770,30.0000,263.3689,0.0962,0.0873,1.5708,7116.0041,-6371000.0000,
522.2500,7061.0770,30.0000,263.5937,0.0961,0.0873,1.5708,7108.5040,-6371000.0000,
522.5000,7053.5770,30.0000,263.8188,0.0961,0.0873,1.5708,7101.0039,-6371000.0000,
522.7500,7046.0770,30.0000,264.0439,0.0961,0.0873,1.5708,7093.5038,-6371000.0000,
523.0000,7038.5770,30.0000,264.2693,0.0961,0.0873,1.5708,7086.0037,-6371000.0000,
523.2500,7031.0770,30.0000,264.4947,0.0961,0.0873,1.5708,7078.5036,-6371000.0000,
523.5000,7023.5770,30.0000,264.7203,0.0961,0.0873,1.5708,7071.0035,-6371000.0000,
523.7500,7016.0770,30.0000,264.9461,0.0961,0.0873,1.5708,7063.5033,-6371000.0000,
524.0000,7008.5770,30.0000,265.1720,0.0961,0.0873,1.5708,7056.0032,-6371000.0000,
524.2500,7001.0770,30.0000,265.3981,0.0961,0.0873,1.5708,7048.5031,-6371000.0000,
524.5000,6993.5770,30.0000,265.6243,0.0961,0.0873,1.5708,7041.0030,-6371000.0000,
524.7500,6986.0770,30.0000,265.8506,0.0961,0.0873,1.5708,7033.5029,-6371000.0000,
525.0000,6978.5770,30.0000,266.0772,0.0960,0.0873,1.5708,7026.0028,-6371000.0000,
525.2500,6971.0770,30.0000,266.3038,0.0960,0.0873,1.5708,7018.5027,-6371000.0000,
525.5000,6963.5770,30.0000,266.5306,0.0960,0.0873,1.5708,7011.0026,-6371000.0000,
525.7500,6956.0770,30.0000,266.7576,0.0960,0.0873,1.5708,7003.5025,-6371000.0000,
526.0000,6948.5770,30.0000,266.9847,0.0960,0.0873,1.5708,6996.0024,-6371000.0000,
526.2500,6941.0770,30.0000,267.2119,0.0960,0.0873,1.5708,6988.5023,-6371000.0000,
526.5000,6933.5770,30.0000,267.4393,0.0960,0.0873,1.5708,6981.0022,-6371000.0000,
526.7500,6926.0770,30.0000,267.6669,0.0960,0.0873,1.5708,6973.5020,-6371000.0000,
527.0000,6918.5770,30.0000,267.8946,0.0960,0.0873,1.5708,6966.0019,-6371000.0000,
527.2500,6911.0770,30.0000,268.1224,0.0960,0.0873,1.5708,6958.5018,-6371000.0000,
527.5000,6903.5770,30.0000,268.3504,0.0959,0.0873,1.5708,6951.0017,-6371000.0000,
527.7500,6896.0770,30.0000,268.5786,0.0959,0.0873,1.5708,6943.5016,-6371000.0000,
528.0000,6888.5770,30.0000,268.8069,0.0959,0.0873,1.5708,6936.0015,-6371000.0000,
528.2500,6881.0770,30.0000,269.0353,0.0959,0.0873,1.5708,6928.5014,-6371000.0000,
528.5000,6873.5770,30.0000,269.2639,0.0959,0.0873,1.5708,6921.0013,-6371000.0000,
528.7500,6866.0770,30.0000,269.4927,0.0959,0.0873,1.5708,6913.5012,-6371000.0000,
529.0000,6858.5770,30.0000,269.7215,0.0959,0.0873,1.5708,6906.0011,-6371000.0000,
529.2500,6851.0770,30.0000,269.9506,0.0959,0.0873,1.5708,6898.5010,-6371000.0000,
529.5000,6843.5770,30.0000,270.1798,0.0959,0.0873,1.5708,6891.0009,-6371000.0000,
529.7500,6836.0770,30.0000,270.4091,0.0959,0.0873,1.5708,6883.5007,-6371000.0000,
530.0000,6828.5770,30.0000,270.6386,0.0959,0.0873,1.5708,6876.0006,-6371000.0000,
530.2500,6821.0770,30.0000,270.8683,0.0958,0.0873,1.5708,6868.5005,-6371000.0000,
530.5000,6813.5770,30.0000,271.0981,0.0958,0.0873,1.5708,6861.0004,-6371000.0000,
530.7500,6806.0770,30.0000,271.3280,0.0958,0.0873,1.5708,6853.5003,-6371000.0000,
531.0000,6798.5770,30.0000,271.5581,0.0958,0.0873,1.5708,6846.0002,-6371000.0000,
531.2500,6791.0770,30.0000,271.7883,0.0958,0.0873,1.5708,6838.5001,-6371000.0000,
531.5000,6783.5770,30.0000,272.0187,0.0958,0.0873,1.5708,6831.0000,-6371000.0000,
531.7500,6776.0770,30.0000,272.2493,0.0958,0.0873,1.5708,6823.4999,-6371000.0000,
532.0000,6768.5770,30.0000,272.4800,0.0958,0.0873,1.5708,6815.9998,-6371000.0000,
532.2500,6761.0770,30.0000,272.7108,0.0958,0.0873,1.5708,6808.4997,-6371000.0000,
532.5000,6753.5770,30.0000,272.9418,0.0958,0.0873,1.5708,6800.9996,-6371000.0000,
532.7500,6746.0770,30.0000,273.1730,0.0957,0.0873,1.5708,6793.4995,-6371000.0000,
533.0000,6738.5770,30.0000,273.4043,0.0957,0.0873,1.5708,6785.9993,-6371000.0000,
533.2500,6731.0770,30.0000,273.6357,0.0957,0.0873,1.5708,6778.4992,-6371000.0000,
533.5000,6723.5770,30.0000,273.8673,0.0957,0.0873,1.5708,6770.9991,-6371000.0000,
533.7500,6716.0770,30.0000,274.0991,0.0957,0.0873,1.5708,6763.4990,-6371000.0000,
534.0000,6708.5770,30.0000,274.3310,0.0957,0.0873,1.5708,6755.9989,-6371000.0000,
534.2500,6701.0770,30.0000,274.5630,0.0957,0.0873,1.5708,6748.4988,-6371000.0000,
534.5000,6693.5770,30.0000,274.7952,0.0957,0.0873,1.5708,6740.9987,-6371000.0000,
534.7500,6686.0770,30.0000,275.0276,0.0957,0.0873,1.5708,6733.4986,-6371000.0000,
535.0000,6678.5770,30.0000,275.2601,0.0957,0.0873,1.5708,6725.9985,-6371000.0000,
535.2500,6671.0770,30.0000,275.4928,0.0957,0.0873,1.5708,6718.4984,-6371000.0000,
535.5000,6663.5770,30.0000,275.7256,0.0956,0.0873,1.5708,6710.9983,-6371000.0000,
535.7500,6656.0770,30.0000,275.9585,0.0956,0.0873,1.5708,6703.4982,-6371000.0000,
536.0000,6648.5770,30.0000,276.1917,0.0956,0.0873,1.5708,6695.9980,-6371000.0000,
536.2500,6641.0770,30.0000,276.4249,0.0956,0.0873,1.5708,6688.4979,-6371000.0000,
536.5000,6633.5770,30.0000,276.6583,0.0956,0.0873,1.5708,6680.9978,-6371000.0000,
536.7500,6626.0770,30.0000,276.8919,0.0956,0.0873,1.5708,6673.4977,-6371000.0000,
537.0000,6618.5770,30.0000,277.1256,0.0956,0.0873,1.5708,6665.9976,-6371000.0000,
537.2500,6611.0770,30.0000,277.3595,0.0956,0.0873,1.5708,6658.4975,-6371000.0000,
537.5000,6603.5770,30.0000,277.5935,0.0956,0.0873,1.5708,6650.9974,-6371000.0000,
537.7500,6596.0770,30.0000,277.8277,0.0956,0.0873,1.5708,6643.4973,-6371000.0000,
538.0000,6588.5770,30.0000,278.0620,0.0955,0.0873,1.5708,6635.9972,-6371000.0000,
538.2500,6581.0770,30.0000,278.2965,0.0955,0.0873,1.5708,6628.4971,-6371000.0000,
538.5000,6573.5770,30.0000,278.5312,0.0955,0.0873,1.5708,6620.9970,-6371000.0000,
538.7500,6566.0770,30.0000,278.7659,0.0955,0.0873,1.5708,6613.4969,-6371000.0000,
539.0000,6558.5770,30.0000,279.0009,0.0955,0.0873,1.5708,6605.9968,-6371000.0000,
539.2500,6551.0770,30.0000,279.2360,0.0955,0.0873,1.5708,6598.4966,-6371000.0000,
539.5000,6543.5770,30.0000,279.4712,0.0955,0.0873,1.5708,6590.9965,-6371000.0000,
539.7500,6536.0770,30.0000,279.7066,0.0955,0.0873,1.5708,6583.4964,-6371000.0000,
540.0000,6528.5770,30.0000,279.9422,0.0955,0.0873,1.5708,6575.9963,-6371000.0000,
540.2500,6521.0770,30.0000,280.1779,0.0955,0.0873,1.5708,6568.4962,-6371000.0000,
540.5000,6513.5770,30.0000,280.4137,0.0955,0.0873,1.5708,6560.9961,-6371000.0000,
540.7500,6506.0770,30.0000,280.6497,0.0954,0.0873,1.5708,6553.4960,-6371000.0000,
541.0000,6498.5770,30.0000,280.8859,0.0954,0.0873,1.5708,6545.9959,-6371000.0000,
541.2500,6491.0770,30.0000,281.1222,0.0954,0.0873,1.5708,6538.4958,-6371000.0000,
541.5000,6483.5770,30.0000,281.3587,0.0954,0.0873,1.5708,6530.9957,-6371000.0000,
541.7500,6476.0770,30.0000,281.5953,0.0954,0.0873,1.5708,6523.4956,-6371000.0000,
542.0000,6468.5770,30.0000,281.8321,0.0954,0.0873,1.5708,6515.9955,-6371000.0000,
542.2500,6461.0770,30.0000,282.0690,0.0954,0.0873,1.5708,6508.4953,-6371000.0000,
542.5000,6453.5770,30.0000,282.3061,0.0954,0.0873,1.5708,6500.9952,-6371000.0000,
542.7500,6446.0770,30.0000,282.5433,0.0954,0.0873,1.5708,6493.4951,-6371000.0000,
543.0000,6438.5770,30.0000,282.7807,0.0954,0.0873,1.5708,6485.9950,-6371000.0000,
543.2500,6431.0770,30.0000,283.0183,0.0953,0.0873,1.5708,6478.4949,-6371000.0000,
543.5000,6423.5770,30.0000,283.2559,0.0953,0.0873,1.5708,6470.9948,-6371000.0000,
543.7500,6416.0770,30.0000,283.4938,0.0953,0.0873,1.5708,6463.4947,-6371000.0000,
544.0000,6408.5770,30.0000,283.7318,0.0953,0.0873,1.5708,6455.9946,-6371000.0000,
544.2500,6401.0770,30.0000,283.9700,0.0953,0.0873,1.5708,6448.4945,-6371000.0000,
544.5000,6393.5770,30.0000,284.2083,0.0953,0.0873,1.5708,6440.9944,-6371000.0000,
544.7500,6386.0770,30.0000,284.4467,0.0953,0.0873,1.5708,6433.4943,-6371000.0000,
545.0000,6378.5770,30.0000,284.6854,0.0953,0.0873,1.5708,6425.9942,-6371000.0000,
545.2500,6371.0770,30.0000,284.9241,0.0953,0.0873,1.5708,6418.4941,-6371000.0000,
545.5000,6363.5770,30.0000,285.1631,0.0953,0.0873,1.5708,6410.9939,-6371000.0000,
545.7500,6356.0770,30.0000,285.4021,0.0953,0.0873,1.5708,6403.4938,-6371000.0000,
546.0000,6348.5770,30.0000,285.6414,0.0952,0.0873,1.5708,6395.9937,-6371000.0000,
546.2500,6341.0770,30.0000,285.8808,0.0952,0.0873,1.5708,6388.4936,-6371000.0000,
546.5000,6333.5770,30.0000,286.1203,0.0952,0.0873,1.5708,6380.9935,-6371000.0000,
546.7500,6326.0770,30.0000,286.3600,0.0952,0.0873,1.5708,6373.4934,-6371000.0000,
547.0000,6318.5770,30.0000,286.5999,0.0952,0.0873,1.5708,6365.9933,-6371000.0000,
547.2500,6311.0770,30.0000,286.8399,0.0952,0.0873,1.5708,6358.4932,-6371000.0000,
547.5000,6303.5770,30.0000,287.0801,0.0952,0.0873,1.5708,6350.9931,-6371000.0000,
547.7500,6296.0770,30.0000,287.3204,0.0952,0.0873,1.5708,6343.4930,-6371000.0000,
548.0000,6288.5770,30.0000,287.5609,0.0952,0.0873,1.5708,6335.9929,-6371000.0000,
548.2500,6281.0770,30.0000,287.8015,0.0952,0.0873,1.5708,6328.4928,-6371000.0000,
548.5000,6273.5770,30.0000,288.0423,0.0951,0.0873,1.5708,6320.9926,-6371000.0000,
548.7500,6266.0770,30.0000,288.2832,0.0951,0.0873,1.5708,6313.4925,-6371000.0000,
549.0000,6258.5770,30.0000,288.5243,0.0951,0.0873,1.5708,6305.9924,-6371000.0000,
549.2500,6251.0770,30.0000,288.7656,0.0951,0.0873,1.5708,6298.4923,-6371000.0000,
549.5000,6243.5770,30.0000,289.0070,0.0951,0.0873,1.5708,6290.9922,-6371000.0000,
549.7500,6236.0770,30.0000,289.2485,0.0951,0.0873,1.5708,6283.4921,-6371000.0000,
550.0000,6228.5770,30.0000,289.4903,0.0951,0.0873,1.5708,6275.9920,-6371000.0000,
550.2500,6221.0770,30.0000,289.7321,0.0951,0.0873,1.5708,6268.4919,-6371000.0000,
550.5000,6213.5770,30.0000,289.9742,0.0951,0.0873,1.5708,6260.9918,-6371000.0000,
550.7500,6206.0770,30.0000,290.2163,0.0951,0.0873,1.5708,6253.4917,-6371000.0000,
551.0000,6198.5770,30.0000,290.4587,0.0951,0.0873,1.5708,6245.9916,-6371000.0000,
551.2500,6191.0770,30.0000,290.7012,0.0950,0.0873,1.5708,6238.4915,-6371000.0000,
551.5000,6183.5770,30.0000,290.9438,0.0950,0.0873,1.5708,6230.9914,-6371000.0000,
551.7500,6176.0770,30.0000,291.1866,0.0950,0.0873,1.5708,6223.4912,-6371000.0000,
552.0000,6168.5770,30.0000,291.4296,0.0950,0.0873,1.5708,6215.9911,-6371000.0000,
552.2500,6161.0770,30.0000,291.6727,0.0950,0.0873,1.5708,6208.4910,-6371000.0000,
552.5000,6153.5770,30.0000,291.9160,0.0950,0.0873,1.5708,6200.9909,-6371000.0000,
552.7500,6146.0770,30.0000,292.1594,0.0950,0.0873,1.5708,6193.4908,-6371000.0000,
553.0000,6138.5770,30.0000,292.4030,0.0950,0.0873,1.5708,6185.9907,-6371000.0000,
553.2500,6131.0770,30.0000,292.6468,0.0950,0.0873,1.5708,6178.4906,-6371000.0000,
553.5000,6123.5770,30.0000,292.8907,0.0950,0.0873,1.5708,6170.9905,-6371000.0000,
553.7500,6116.0770,30.0000,293.1348,0.0950,0.0873,1.5708,6163.4904,-6371000.0000,
554.0000,6108.5770,30.0000,293.3790,0.0949,0.0873,1.5708,6155.9903,-6371000.0000,
554.2500,6101.0770,30.0000,293.6233,0.0949,0.0873,1.5708,6148.4902,-6371000.0000,
554.5000,6093.5770,30.0000,293.8679,0.0949,0.0873,1.5708,6140.9901,-6371000.0000,
554.7500,6086.0770,30.0000,294.1126,0.0949,0.0873,1.5708,6133.4899,-6371000.0000,
555.0000,6078.5770,30.0000,294.3574,0.0949,0.0873,1.5708,6125.9898,-6371000.0000,
555.2500,6071.0770,30.0000,294.6024,0.0949,0.0873,1.5708,6118.4897,-6371000.0000,
555.5000,6063.5770,30.0000,294.8476,0.0949,0.0873,1.5708,6110.9896,-6371000.0000,
555.7500,6056.0770,30.0000,295.0929,0.0949,0.0873,1.5708,6103.4895,-6371000.0000,
556.0000,6048.5770,30.0000,295.3384,0.0949,0.0873,1.5708,6095.9894,-6371000.0000,
556.2500,6041.0770,30.0000,295.5840,0.0949,0.0873,1.5708,6088.4893,-6371000.0000,
556.5000,6033.5770,30.0000,295.8298,0.0949,0.0873,1.5708,6080.9892,-6371000.0000,
556.7500,6026.0770,30.0000,296.0757,0.0948,0.0873,1.5708,6073.4891,-6371000.0000,
557.0000,6018.5770,30.0000,296.3218,0.0948,0.0873,1.5708,6065.9890,-6371000.0000,
557.2500,6011.0770,30.0000,296.5681,0.0948,0.0873,1.5708,6058.4889,-6371000.0000,
557.5000,6003.5770,30.0000,296.8145,0.0948,0.0873,1.5708,6050.9888,-6371000.0000,
557.7500,5996.0770,30.0000,297.0611,0.0948,0.0873,1.5708,6043.4887,-6371000.0000,
558.0000,5988.5770,30.0000,297.3078,0.0948,0.0873,1.5708,6035.9885,-6371000.0000,
558.2500,5981.0770,30.0000,297.5547,0.0948,0.0873,1.5708,6028.4884,-6371000.0000,
558.5000,5973.5770,30.0000,297.8018,0.0948,0.0873,1.5708,6020.9883,-6371000.0000,
558.7500,5966.0770,30.0000,298.0490,0.0948,0.0873,1.5708,6013.4882,-6371000.0000,
559.0000,5958.5770,30.0000,298.2963,0.0948,0.0873,1.5708,6005.9881,-6371000.0000,
559.2500,5951.0770,30.0000,298.5439,0.0947,0.0873,1.5708,5998.4880,-6371000.0000,
559.5000,5943.5770,30.0000,298.7916,0.0947,0.0873,1.5708,5990.9879,-6371000.0000,
559.7500,5936.0770,30.0000,299.0394,0.0947,0.0873,1.5708,5983.4878,-6371000.0000,
560.0000,5928.5770,30.0000,299.2874,0.0947,0.0873,1.5708,5975.9877,-6371000.0000,
560.2500,5921.0770,30.0000,299.5356,0.0947,0.0873,1.5708,5968.4876,-6371000.0000,
560.5000,5913.5770,30.0000,299.7839,0.0947,0.0873,1.5708,5960.9875,-6371000.0000,
560.7500,5906.0770,30.0000,300.0324,0.0947,0.0873,1.5708,5953.4874,-6371000.0000,
561.0000,5898.5770,30.0000,300.2810,0.0947,0.0873,1.5708,5945.9872,-6371000.0000,
561.2500,5891.0770,30.0000,300.5298,0.0947,0.0873,1.5708,5938.4871,-6371000.0000,
561.5000,5883.5770,30.0000,300.7787,0.0947,0.0873,1.5708,5930.9870,-6371000.0000,
561.7500,5876.0770,30.0000,301.0279,0.0947,0.0873,1.5708,5923.4869,-6371000.0000,
562.0000,5868.5770,30.0000,301.2771,0.0946,0.0873,1.5708,5915.9868,-6371000.0000,
562.2500,5861.0770,30.0000,301.5266,0.0946,0.0873,1.5708,5908.4867,-6371000.0000,
562.5000,5853.5770,30.0000,301.7761,0.0946,0.0873,1.5708,5900.9866,-6371000.0000,
562.7500,5846.0770,30.0000,302.0259,0.0946,0.0873,1.5708,5893.4865,-6371000.0000,
563.0000,5838.5770,30.0000,302.2758,0.0946,0.0873,1.5708,5885.9864,-6371000.0000,
563.2500,5831.0770,30.0000,302.5259,0.0946,0.0873,1.5708,5878.4863,-6371000.0000,
563.5000,5823.5770,30.0000,302.7761,0.0946,0.0873,1.5708,5870.9862,-6371000.0000,
563.7500,5816.0770,30.0000,303.0265,0.0946,0.0873,1.5708,5863.4861,-6371000.0000,
564.0000,5808.5770,30.0000,303.2770,0.0946,0.0873,1.5708,5855.9860,-6371000.0000,
564.2500,5801.0770,30.0000,303.5277,0.0946,0.0873,1.5708,5848.4858,-6371000.0000,
564.5000,5793.5770,30.0000,303.7786,0.0946,0.0873,1.5708,5840.9857,-6371000.0000,
564.7500,5786.0770,30.0000,304.0296,0.0945,0.0873,1.5708,5833.4856,-6371000.0000,
565.0000,5778.5770,30.0000,304.2808,0.0945,0.0873,1.5708,5825.9855,-6371000.0000,
565.2500,5771.0770,30.0000,304.5321,0.0945,0.0873,1.5708,5818.4854,-6371000.0000,
565.5000,5763.5770,30.0000,304.7837,0.0945,0.0873,1.5708,5810.9853,-6371000.0000,
565.7500,5756.0770,30.0000,305.0353,0.0945,0.0873,1.5708,5803.4852,-6371000.0000,
566.0000,5748.5770,30.0000,305.2871,0.0945,0.0873,1.5708,5795.9851,-6371000.0000,
566.2500,5741.0770,30.0000,305.5391,0.0945,0.0873,1.5708,5788.4850,-6371000.0000,
566.5000,5733.5770,30.0000,305.7913,0.0945,0.0873,1.5708,5780.9849,-6371000.0000,
566.7500,5726.0770,30.0000,306.0436,0.0945,0.0873,1.5708,5773.4848,-6371000.0000,
567.0000,5718.5770,30.0000,306.2960,0.0945,0.0873,1.5708,5765.9847,-6371000.0000,
567.2500,5711.0770,30.0000,306.5487,0.0945,0.0873,1.5708,5758.4846,-6371000.0000,
567.5000,5703.5770,30.0000,306.8015,0.0944,0.0873,1.5708,5750.9844,-6371000.0000,
567.7500,5696.0770,30.0000,307.0544,0.0944,0.0873,1.5708,5743.4843,-6371000.0000,
568.0000,5688.5770,30.0000,307.3075,0.0944,0.0873,1.5708,5735.9842,-6371000.0000,
568.2500,5681.0770,30.0000,307.5608,0.0944,0.0873,1.5708,5728.4841,-6371000.0000,
568.5000,5673.5770,30.0000,307.8142,0.0944,0.0873,1.5708,5720.9840,-6371000.0000,
568.7500,5666.0770,30.0000,308.0678,0.0944,0.0873,1.5708,5713.4839,-6371000.0000,
569.0000,5658.5770,30.0000,308.3216,0.0944,0.0873,1.5708,5705.9838,-6371000.0000,
569.2500,5651.0770,30.0000,308.5755,0.0944,0.0873,1.5708,5698.4837,-6371000.0000,
569.5000,5643.5770,30.0000,308.8296,0.0944,0.0873,1.5708,5690.9836,-6371000.0000,
569.7500,5636.0770,30.0000,309.0838,0.0944,0.0873,1.5708,5683.4835,-6371000.0000,
570.0000,5628.5770,30.0000,309.3382,0.0944,0.0873,1.5708,5675.9834,-6371000.0000,
570.2500,5621.0770,30.0000,309.5928,0.0943,0.0873,1.5708,5668.4833,-6371000.0000,
570.5000,5613.5770,30.0000,309.8475,0.0943,0.0873,1.5708,5660.9831,-6371000.0000,
570.7500,5606.0770,30.0000,310.1024,0.0943,0.0873,1.5708,5653.4830,-6371000.0000,
571.0000,5598.5770,30.0000,310.3574,0.0943,0.0873,1.5708,5645.9829,-6371000.0000,
571.2500,5591.0770,30.0000,310.6126,0.0943,0.0873,1.5708,5638.4828,-6371000.0000,
571.5000,5583.5770,30.0000,310.8680,0.0943,0.0873,1.5708,5630.9827,-6371000.0000,
571.7500,5576.0770,30.0000,311.1235,0.0943,0.0873,1.5708,5623.4826,-6371000.0000,
572.0000,5568.5770,30.0000,311.3792,0.0943,0.0873,1.5708,5615.9825,-6371000.0000,
572.2500,5561.0770,30.0000,311.6350,0.0943,0.0873,1.5708,5608.4824,-6371000.0000,
572.5000,5553.5770,30.0000,311.8911,0.0943,0.0873,1.5708,5600.9823,-6371000.0000,
572.7500,5546.0770,30.0000,312.1472,0.0943,0.0873,1.5708,5593.4822,-6371000.0000,
573.0000,5538.5770,30.0000,312.4036,0.0942,0.0873,1.5708,5585.9821,-6371000.0000,
573.2500,5531.0770,30.0000,312.6601,0.0942,0.0873,1.5708,5578.4820,-6371000.0000,
573.5000,5523.5770,30.0000,312.9167,0.0942,0.0873,1.5708,5570.9819,-6371000.0000,
573.7500,5516.0770,30.0000,313.1736,0.0942,0.0873,1.5708,5563.4817,-6371000.0000,
574.0000,5508.5770,30.0000,313.4306,0.0942,0.0873,1.5708,5555.9816,-6371000.0000,
574.2500,5501.0770,30.0000,313.6877,0.0942,0.0873,1.5708,5548.4815,-6371000.0000,
574.5000,5493.5770,30.0000,313.9450,0.0942,0.0873,1.5708,5540.9814,-6371000.0000,
574.7500,5486.0770,30.0000,314.2025,0.0942,0.0873,1.5708,5533.4813,-6371000.0000,
575.0000,5478.5770,30.0000,314.4601,0.0942,0.0873,1.5708,5525.9812,-6371000.0000,
575.2500,5471.0770,30.0000,314.7179,0.0942,0.0873,1.5708,5518.4811,-6371000.0000,
575.5000,5463.5770,30.0000,314.9759,0.0942,0.0873,1.5708,5510.9810,-6371000.0000,
575.7500,5456.0770,30.0000,315.2340,0.0941,0.0873,1.5708,5503.4809,-6371000.0000,
576.0000,5448.5770,30.0000,315.4923,0.0941,0.0873,1.5708,5495.9808,-6371000.0000,
576.2500,5441.0770,30.0000,315.7508,0.0941,0.0873,1.5708,5488.4807,-6371000.0000,
576.5000,5433.5770,30.0000,316.0094,0.0941,0.0873,1.5708,5480.9806,-6371000.0000,
576.7500,5426.0770,30.0000,316.2682,0.0941,0.0873,1.5708,5473.4804,-6371000.0000,
577.0000,5418.5770,30.0000,316.5271,0.0941,0.0873,1.5708,5465.9803,-6371000.0000,
577.2500,5411.0770,30.0000,316.7862,0.0941,0.0873,1.5708,5458.4802,-6371000.0000,
577.5000,5403.5770,30.0000,317.0455,0.0941,0.0873,1.5708,5450.9801,-6371000.0000,
577.7500,5396.0770,30.0000,317.3049,0.0941,0.0873,1.5708,5443.4800,-6371000.0000,
578.0000,5388.5770,30.0000,317.5645,0.0941,0.0873,1.5708,5435.9799,-6371000.0000,
578.2500,5381.0770,30.0000,317.8243,0.0941,0.0873,1.5708,5428.4798,-6371000.0000,
578.5000,5373.5770,30.0000,318.0842,0.0940,0.0873,1.5708,5420.9797,-6371000.0000,
578.7500,5366.0770,30.0000,318.3443,0.0940,0.0873,1.5708,5413.4796,-6371000.0000,
579.0000,5358.5770,30.0000,318.6046,0.0940,0.0873,1.5708,5405.9795,-6371000.0000,
579.2500,5351.0770,30.0000,318.8650,0.0940,0.0873,1.5708,5398.4794,-6371000.0000,
579.5000,5343.5770,30.0000,319.1256,0.0940,0.0873,1.5708,5390.9793,-6371000.0000,
579.7500,5336.0770,30.0000,319.3863,0.0940,0.0873,1.5708,5383.4792,-6371000.0000,
580.0000,5328.5770,30.0000,319.6472,0.0940,0.0873,1.5708,5375.9790,-6371000.0000,
580.2500,5321.0770,30.0000,319.9083,0.0940,0.0873,1.5708,5368.4789,-6371000.0000,
580.5000,5313.5770,30.0000,320.1696,0.0940,0.0873,1.5708,5360.9788,-6371000.0000,
580.7500,5306.0770,30.0000,320.4310,0.0940,0.0873,1.5708,5353.4787,-6371000.0000,
581.0000,5298.5770,30.0000,320.6925,0.0940,0.0873,1.5708,5345.9786,-6371000.0000,
581.2500,5291.0770,30.0000,320.9543,0.0939,0.0873,1.5708,5338.4785,-6371000.0000,
581.5000,5283.5770,30.0000,321.2162,0.0939,0.0873,1.5708,5330.9784,-6371000.0000,
581.7500,5276.0770,30.0000,321.4782,0.0939,0.0873,1.5708,5323.4783,-6371000.0000,
582.0000,5268.5770,30.0000,321.7405,0.0939,0.0873,1.5708,5315.9782,-6371000.0000,
582.2500,5261.0770,30.0000,322.0028,0.0939,0.0873,1.5708,5308.4781,-6371000.0000,
582.5000,5253.5770,30.0000,322.2654,0.0939,0.0873,1.5708,5300.9780,-6371000.0000,
582.7500,5246.0770,30.0000,322.5281,0.0939,0.0873,1.5708,5293.4779,-6371000.0000,
583.0000,5238.5770,30.0000,322.7910,0.0939,0.0873,1.5708,5285.9777,-6371000.0000,
583.2500,5231.0770,30.0000,323.0541,0.0939,0.0873,1.5708,5278.4776,-6371000.0000,
583.5000,5223.5770,30.0000,323.3173,0.0939,0.0873,1.5708,5270.9775,-6371000.0000,
583.7500,5216.0770,30.0000,323.5807,0.0939,0.0873,1.5708,5263.4774,-6371000.0000,
584.0000,5208.5770,30.0000,323.8442,0.0938,0.0873,1.5708,5255.9773,-6371000.0000,
584.2500,5201.0770,30.0000,324.1079,0.0938,0.0873,1.5708,5248.4772,-6371000.0000,
584.5000,5193.5770,30.0000,324.3718,0.0938,0.0873,1.5708,5240.9771,-6371000.0000,
584.7500,5186.0770,30.0000,324.6359,0.0938,0.0873,1.5708,5233.4770,-6371000.0000,
585.0000,5178.5770,30.0000,324.9001,0.0938,0.0873,1.5708,5225.9769,-6371000.0000,
585.2500,5171.0770,30.0000,325.1645,0.0938,0.0873,1.5708,5218.4768,-6371000.0000,
585.5000,5163.5770,30.0000,325.4290,0.0938,0.0873,1.5708,5210.9767,-6371000.0000,
585.7500,5156.0770,30.0000,325.6937,0.0938,0.0873,1.5708,5203.4766,-6371000.0000,
586.0000,5148.5770,30.0000,325.9586,0.0938,0.0873,1.5708,5195.9765,-6371000.0000,
586.2500,5141.0770,30.0000,326.2236,0.0938,0.0873,1.5708,5188.4763,-6371000.0000,
586.5000,5133.5770,30.0000,326.4888,0.0938,0.0873,1.5708,5180.9762,-6371000.0000,
586.7500,5126.0770,30.0000,326.7542,0.0937,0.0873,1.5708,5173.4761,-6371000.0000,
587.0000,5118.5770,30.0000,327.0197,0.0937,0.0873,1.5708,5165.9760,-6371000.0000,
587.2500,5111.0770,30.0000,327.2854,0.0937,0.0873,1.5708,5158.4759,-6371000.0000,
587.5000,5103.5770,30.0000,327.5513,0.0937,0.0873,1.5708,5150.9758,-6371000.0000,
587.7500,5096.0770,30.0000,327.8174,0.0937,0.0873,1.5708,5143.4757,-6371000.0000,
588.0000,5088.5770,30.0000,328.0836,0.0937,0.0873,1.5708,5135.9756,-6371000.0000,
588.2500,5081.0770,30.0000,328.3499,0.0937,0.0873,1.5708,5128.4755,-6371000.0000,
588.5000,5073.5770,30.0000,328.6165,0.0937,0.0873,1.5708,5120.9754,-6371000.0000,
588.7500,5066.0770,30.0000,328.8832,0.0937,0.0873,1.5708,5113.4753,-6371000.0000,
589.0000,5058.5770,30.0000,329.1501,0.0937,0.0873,1.5708,5105.9752,-6371000.0000,
589.2500,5051.0770,30.0000,329.4171,0.0937,0.0873,1.5708,5098.4750,-6371000.0000,
589.5000,5043.5770,30.0000,329.6843,0.0936,0.0873,1.5708,5090.9749,-6371000.0000,
589.7500,5036.0770,30.0000,329.9517,0.0936,0.0873,1.5708,5083.4748,-6371000.0000,
590.0000,5028.5770,30.0000,330.2192,0.0936,0.0873,1.5708,5075.9747,-6371000.0000,
590.2500,5021.0770,30.0000,330.4869,0.0936,0.0873,1.5708,5068.4746,-6371000.0000,
590.5000,5013.5770,30.0000,330.7548,0.0936,0.0873,1.5708,5060.9745,-6371000.0000,
590.7500,5006.0770,30.0000,331.0229,0.0936,0.0873,1.5708,5053.4744,-6371000.0000,
591.0000,4998.5770,30.0000,331.2911,0.0936,0.0873,1.5708,5045.9743,-6371000.0000,
591.2500,4991.0770,30.0000,331.5594,0.0936,0.0873,1.5708,5038.4742,-6371000.0000,
591.5000,4983.5770,30.0000,331.8280,0.0936,0.0873,1.5708,5030.9741,-6371000.0000,
591.7500,4976.0770,30.0000,332.0967,0.0936,0.0873,1.5708,5023.4740,-6371000.0000,
592.0000,4968.5770,30.0000,332.3656,0.0936,0.0873,1.5708,5015.9739,-6371000.0000,
592.2500,4961.0770,30.0000,332.6346,0.0935,0.0873,1.5708,5008.4738,-6371000.0000,
592.5000,4953.5770,30.0000,332.9039,0.0935,0.0873,1.5708,5000.9736,-6371000.0000,
592.7500,4946.0770,30.0000,333.1732,0.0935,0.0873,1.5708,4993.4735,-6371000.0000,
593.0000,4938.5770,30.0000,333.4428,0.0935,0.0873,1.5708,4985.9734,-6371000.0000,
593.2500,4931.0770,30.0000,333.7125,0.0935,0.0873,1.5708,4978.4733,-6371000.0000,
593.5000,4923.5770,30.0000,333.9824,0.0935,0.0873,1.5708,4970.9732,-6371000.0000,
593.7500,4916.0770,30.0000,334.2525,0.0935,0.0873,1.5708,4963.4731,-6371000.0000,
594.0000,4908.5770,30.0000,334.5227,0.0935,0.0873,1.5708,4955.9730,-6371000.0000,
594.2500,4901.0770,30.0000,334.7931,0.0935,0.0873,1.5708,4948.4729,-6371000.0000,
594.5000,4893.5770,30.0000,335.0637,0.0935,0.0873,1.5708,4940.9728,-6371000.0000,
594.7500,4886.0770,30.0000,335.3344,0.0935,0.0873,1.5708,4933.4727,-6371000.0000,
595.0000,4878.5770,30.0000,335.6053,0.0935,0.0873,1.5708,4925.9726,-6371000.0000,
595.2500,4871.0770,30.0000,335.8764,0.0934,0.0873,1.5708,4918.4725,-6371000.0000,
595.5000,4863.5770,30.0000,336.1476,0.0934,0.0873,1.5708,4910.9723,-6371000.0000,
595.7500,4856.0770,30.0000,336.4190,0.0934,0.0873,1.5708,4903.4722,-6371000.0000,
596.0000,4848.5770,30.0000,336.6906,0.0934,0.0873,1.5708,4895.9721,-6371000.0000,
596.2500,4841.0770,30.0000,336.9623,0.0934,0.0873,1.5708,4888.4720,-6371000.0000,
596.5000,4833.5770,30.0000,337.2343,0.0934,0.0873,1.5708,4880.9719,-6371000.0000,
596.7500,4826.0770,30.0000,337.5063,0.0934,0.0873,1.5708,4873.4718,-6371000.0000,
597.0000,4818.5770,30.0000,337.7786,0.0934,0.0873,1.5708,4865.9717,-6371000.0000,
597.2500,4811.0770,30.0000,338.0510,0.0934,0.0873,1.5708,4858.4716,-6371000.0000,
597.5000,4803.5770,30.0000,338.3236,0.0934,0.0873,1.5708,4850.9715,-6371000.0000,
597.7500,4796.0770,30.0000,338.5964,0.0934,0.0873,1.5708,4843.4714,-6371000.0000,
598.0000,4788.5770,30.0000,338.8693,0.0933,0.0873,1.5708,4835.9713,-6371000.0000,
598.2500,4781.0770,30.0000,339.1424,0.0933,0.0873,1.5708,4828.4712,-6371000.0000,
598.5000,4773.5770,30.0000,339.4157,0.0933,0.0873,1.5708,4820.9711,-6371000.0000,
598.7500,4766.0770,30.0000,339.6891,0.0933,0.0873,1.5708,4813.4709,-6371000.0000,
599.0000,4758.5770,30.0000,339.9627,0.0933,0.0873,1.5708,4805.9708,-6371000.0000,
599.2500,4751.0770,30.0000,340.2365,0.0933,0.0873,1.5708,4798.4707,-6371000.0000,
599.5000,4743.5770,30.0000,340.5105,0.0933,0.0873,1.5708,4790.9706,-6371000.0000,
599.7500,4736.0770,30.0000,340.7846,0.0933,0.0873,1.5708,4783.4705,-6371000.0000,
600.0000,4728.5770,30.0000,341.0589,0.0933,0.0873,1.5708,4775.9704,-6371000.0000,
